# 
# Wavefront OBJ file
# Converted by the DEEP Exploration Deep Exploration 6.5 x64 6.5.0.9182
# Right Hemisphere, LTD
# http://www.righthemisphere.com/
# 
mtllib Combination_Padlock.mtl
# object body_1_pivot
g body_1_pivot
v -0.68938 -0.71466 10.59668
v -1.37292 -0.71471 10.43420
v -2.03078 -0.71471 10.20647
v -2.65334 -0.71471 9.89945
v -3.23050 -0.71471 9.51380
v -3.75253 -0.71471 9.05640
v -4.21138 -0.71470 8.53670
v -4.59981 -0.71469 7.96377
v -4.91181 -0.71468 7.34756
v -5.13922 -0.71466 6.69400
v -5.28039 -0.71465 6.01731
v -5.33568 -0.71462 5.33233
v -5.30158 -0.71459 4.65891
v -5.16161 -0.73864 3.99961
v -4.92790 -0.72950 3.29961
v -4.61931 -0.72950 2.67385
v -4.23169 -0.72950 2.09372
v -3.77165 -0.72950 1.56916
v -3.24709 -0.72950 1.10913
v -2.66696 -0.72950 0.72150
v -2.03267 -0.72961 0.41288
v -1.32498 -0.73024 0.18930
v -0.66184 -0.73034 0.05849
v -0.76104 -0.78295 9.66513
v -1.24578 -0.77140 9.49446
v -1.84278 -0.77140 9.28738
v -2.40771 -0.77140 9.00878
v -2.93145 -0.77140 8.65884
v -3.40634 -0.77140 8.24615
v -3.83159 -0.77136 7.79132
v -4.19961 -0.77130 7.29439
v -4.51262 -0.77118 6.77288
v -4.74792 -0.77109 6.20612
v -4.91742 -0.77094 5.62352
v -5.04287 -0.77068 5.05639
v -5.12287 -0.77028 4.51466
v -0.58230 -1.21578 9.29322
v -1.15291 -1.21670 9.13043
v -1.70466 -1.21670 8.94314
v -2.22725 -1.21670 8.68543
v -2.71172 -1.21670 8.36171
v -3.14986 -1.21670 7.97763
v -3.53443 -1.21669 7.54029
v -3.85883 -1.21669 7.05683
v -4.11786 -1.21669 6.53590
v -4.30643 -1.21668 5.98531
v -4.42194 -1.21668 5.41522
v -4.46337 -1.21667 4.83619
v -4.43005 -1.21665 4.25767
v -4.32183 -1.21663 3.68877
v -4.13456 -1.21663 3.13520
v -3.87565 -1.21663 2.61019
v -3.55043 -1.21663 2.12346
v -3.16445 -1.21663 1.68334
v -2.72434 -1.21663 1.29737
v -2.23761 -1.21663 0.97215
v -1.71225 -1.21663 0.71323
v -1.15609 -1.21666 0.52509
v -0.58278 -1.21666 0.41110
v -0.66825 -0.24668 0.04669
v -1.33669 -0.24658 0.17864
v -2.04409 -0.24600 0.40346
v -2.68100 -0.24591 0.71370
v -3.26418 -0.24591 1.10337
v -3.79151 -0.24591 1.56582
v -4.25396 -0.24591 2.09315
v -4.64363 -0.24591 2.67633
v -4.95384 -0.24591 3.30538
v -5.17929 -0.24591 3.96954
v -5.31613 -0.24591 4.65744
v -5.36200 -0.24591 5.35733
v -5.31613 -0.24591 6.05721
v -5.17929 -0.24591 6.74511
v -4.95384 -0.24591 7.40927
v -4.64363 -0.24591 8.03832
v -4.25396 -0.24591 8.62150
v -3.79150 -0.24591 9.14883
v -3.26418 -0.24591 9.61128
v -2.68100 -0.24591 10.00095
v -2.05195 -0.24591 10.31116
v -1.38779 -0.24591 10.53662
v -0.69988 -0.24591 10.67345
v -0.56016 -1.21780 9.08265
v -1.11073 -1.21780 8.97313
v -1.64230 -1.21780 8.79269
v -2.14578 -1.21780 8.54440
v -2.61253 -1.21780 8.23253
v -3.03458 -1.21780 7.86239
v -3.40472 -1.21780 7.44034
v -3.71659 -1.21780 6.97358
v -3.96488 -1.21780 6.47011
v -4.14532 -1.21780 5.93854
v -4.25484 -1.21780 5.38797
v -4.29155 -1.21780 4.82781
v -4.25484 -1.21780 4.26765
v -4.14532 -1.21780 3.71707
v -3.96488 -1.21780 3.18550
v -3.71659 -1.21780 2.68203
v -3.40472 -1.21780 2.21528
v -3.03459 -1.21780 1.79322
v -2.61253 -1.21780 1.42309
v -2.14578 -1.21780 1.11121
v -1.64231 -1.21780 0.86293
v -1.11074 -1.21780 0.68249
v -0.56016 -1.21780 0.57297
v -0.55297 -0.91216 0.62759
v -1.09648 -0.91216 0.73570
v -1.62123 -0.91216 0.91383
v -2.11823 -0.91216 1.15892
v -2.57900 -0.91216 1.46680
v -2.99563 -0.91216 1.83218
v -3.36101 -0.91216 2.24881
v -3.66889 -0.91216 2.70958
v -3.91398 -0.91216 3.20658
v -4.09211 -0.91216 3.73133
v -4.20022 -0.91216 4.27484
v -4.23646 -0.91216 4.82781
v -4.20022 -0.91216 5.38078
v -4.09211 -0.91216 5.92429
v -3.91398 -0.91216 6.44903
v -3.66888 -0.91216 6.94604
v -3.36101 -0.91216 7.40680
v -2.99563 -0.91216 7.82344
v -2.57899 -0.91216 8.18882
v -2.11823 -0.91216 8.49669
v -1.62122 -0.91216 8.74179
v -1.09648 -0.91216 8.91992
v -0.55297 -0.91216 9.02803
v -5.21167 -0.75517 4.70708
v -5.16489 -0.75541 5.16889
v -5.05208 -0.75563 5.76249
v -4.88491 -0.75575 6.36971
v -4.64637 -0.75584 6.95792
v -4.32504 -0.75595 7.49637
v -3.94554 -0.75602 8.00727
v -3.50931 -0.75605 8.47963
v -3.02035 -0.75606 8.90551
v -2.48074 -0.75606 9.26607
v -1.89867 -0.75606 9.55311
v -1.28084 -0.75606 9.78939
v -4.25396 1.49919 8.62150
v -2.05195 1.49919 10.31116
v -1.38779 1.49919 10.53662
v -0.69988 1.49919 10.67345
v -0.68210 1.49875 0.04429
v -1.35906 1.49881 0.17837
v -2.04753 1.49913 0.40347
v -2.68100 1.49919 0.71370
v -3.26418 1.49919 1.10337
v -3.79151 1.49919 1.56582
v -4.25396 1.49919 2.09315
v -4.64363 1.49919 2.67633
v -4.95384 1.49919 3.30538
v -5.17929 1.49919 3.96954
v -5.31613 1.49919 4.65744
v -5.36200 1.49919 5.35733
v -5.31613 1.49919 6.05721
v -5.17929 1.49919 6.74511
v -4.95384 1.49919 7.40927
v -4.64362 1.49919 8.03832
v -0.67669 -0.76538 10.05475
v -0.56124 -1.21266 9.69541
v -1.80501 -0.88775 9.18384
v -1.22077 -0.88775 9.38216
v -0.63663 -0.88760 9.52127
v -0.61092 -0.88641 9.91680
v -0.64165 -0.88712 0.14530
v -1.28186 -0.88704 0.27181
v -1.95097 -0.88656 0.48636
v -2.55750 -0.88648 0.78230
v -3.11382 -0.88648 1.15402
v -3.61685 -0.88648 1.59517
v -4.05800 -0.88648 2.09821
v -4.42972 -0.88648 2.65452
v -4.72564 -0.88648 3.25460
v -4.92349 -0.88654 3.87364
v -4.93895 -0.88691 4.42924
v -4.88735 -0.88721 4.98895
v -4.78305 -0.88741 5.55840
v -4.62755 -0.88752 6.13680
v -4.40468 -0.88759 6.69872
v -4.10650 -0.88768 7.22019
v -3.75057 -0.88772 7.71378
v -3.33623 -0.88775 8.16340
v -2.87135 -0.88775 8.56819
v -2.35835 -0.88775 8.91096
v -0.35069 2.61404 10.70783
v -1.04607 2.61404 10.61628
v -1.72355 2.61404 10.43475
v -2.37154 2.61404 10.16634
v -2.97896 2.61404 9.81565
v -3.53540 2.61404 9.38868
v -4.03135 2.61404 8.89273
v -4.45833 2.61404 8.33628
v -4.80902 2.61404 7.72887
v -5.07743 2.61404 7.08088
v -5.25896 2.61404 6.40340
v -5.35051 2.61404 5.70802
v -5.35051 2.61404 5.00664
v -5.25896 2.61404 4.31125
v -5.07743 2.61404 3.63377
v -4.80902 2.61404 2.98578
v -4.45833 2.61404 2.37837
v -4.03136 2.61404 1.82192
v -3.53540 2.61404 1.32597
v -2.97896 2.61404 0.89900
v -2.37155 2.61404 0.54831
v -1.71452 2.61393 0.27987
v -1.03248 2.61382 0.09920
v -0.34613 2.61382 0.00884
v -0.32746 -0.75469 10.41048
v -0.99414 -0.75548 10.25867
v -1.65243 -0.75548 10.01086
v -2.27368 -0.75548 9.75352
v -2.85603 -0.75548 9.41731
v -3.38951 -0.75548 9.00795
v -3.86725 -0.75547 8.53695
v -4.28404 -0.75545 8.01606
v -4.63657 -0.75539 7.45636
v -4.91284 -0.75533 6.85597
v -5.10530 -0.75528 6.22026
v -5.22417 -0.75518 5.57568
v -5.26942 -0.75504 4.94547
v -5.21809 -0.75502 4.43403
v -0.30268 -0.81407 9.97429
v -0.93043 -0.81619 9.50345
v -1.53303 -0.81619 9.34198
v -2.10939 -0.81619 9.10325
v -2.64966 -0.81619 8.79132
v -3.14459 -0.81619 8.41155
v -3.59062 -0.81617 7.98015
v -3.98224 -0.81613 7.50528
v -4.31801 -0.81605 6.99728
v -4.58734 -0.81596 6.45469
v -4.78195 -0.81585 5.87861
v -4.92191 -0.81567 5.30387
v -5.01560 -0.81537 4.74273
v -5.06572 -0.81492 4.19702
v -4.97108 -0.81466 3.60381
v -4.70830 -0.81466 2.96939
v -4.36495 -0.81466 2.37469
v -3.94692 -0.81466 1.82990
v -3.46136 -0.81466 1.34434
v -2.91657 -0.81466 0.92631
v -2.32188 -0.81466 0.58296
v -1.65630 -0.81504 0.32008
v -0.97730 -0.81542 0.14533
v -0.32763 -0.81542 0.05980
v -0.35069 -0.59381 10.70783
v -1.04607 -0.59381 10.61628
v -1.72355 -0.59381 10.43475
v -2.37154 -0.59381 10.16634
v -2.97896 -0.59381 9.81565
v -3.53540 -0.59381 9.38868
v -4.03135 -0.59381 8.89273
v -4.45833 -0.59381 8.33628
v -4.80902 -0.59381 7.72887
v -5.07743 -0.59381 7.08088
v -5.25896 -0.59381 6.40340
v -5.35051 -0.59381 5.70802
v -5.35051 -0.59381 5.00664
v -5.25896 -0.59381 4.31125
v -5.07743 -0.59381 3.63377
v -4.80902 -0.59381 2.98578
v -4.45833 -0.59381 2.37837
v -4.03136 -0.59381 1.82192
v -3.53540 -0.59381 1.32597
v -2.97896 -0.59381 0.89900
v -2.37155 -0.59381 0.54831
v -1.68928 -0.59423 0.27980
v -0.99451 -0.59465 0.10154
v -0.33340 -0.59465 0.01450
v -0.27708 -0.84652 9.05519
v -0.82649 -0.84652 8.98286
v -1.36176 -0.84652 8.83943
v -1.87373 -0.84652 8.62737
v -2.35365 -0.84652 8.35029
v -2.79329 -0.84652 8.01294
v -3.18513 -0.84652 7.62110
v -3.52248 -0.84652 7.18146
v -3.79956 -0.84652 6.70154
v -4.01162 -0.84652 6.18957
v -4.15505 -0.84652 5.65430
v -4.22738 -0.84652 5.10489
v -4.22738 -0.84652 4.55073
v -4.15505 -0.84652 4.00132
v -4.01163 -0.84652 3.46605
v -3.79956 -0.84652 2.95407
v -3.52248 -0.84652 2.47416
v -3.18514 -0.84652 2.03452
v -2.79329 -0.84652 1.64267
v -2.35365 -0.84652 1.30533
v -1.87374 -0.84652 1.02825
v -1.36176 -0.84652 0.81618
v -0.82649 -0.84652 0.67276
v -0.27708 -0.84652 0.60043
v -0.94060 -0.75636 9.72360
v -1.56421 -0.75636 9.48508
v -2.15229 -0.75636 9.24149
v -2.70355 -0.75636 8.92322
v -3.20855 -0.75636 8.53572
v -3.66370 -0.75634 8.09566
v -4.06540 -0.75629 7.61471
v -4.41361 -0.75619 7.10453
v -4.69362 -0.75607 6.55661
v -4.89572 -0.75596 5.97072
v -5.04335 -0.75576 5.38673
v -5.14211 -0.75544 4.82826
v -0.61461 -0.81583 9.81881
v -0.29960 -1.21408 9.51717
v -0.29369 -1.15928 9.74889
v -0.88081 -1.16255 9.25560
v -1.45126 -1.16255 9.10274
v -1.99688 -1.16255 8.87674
v -2.50833 -1.16255 8.58145
v -2.97687 -1.16255 8.22194
v -3.39531 -1.16255 7.80601
v -3.75687 -1.16254 7.34094
v -4.05628 -1.16252 6.83505
v -4.28756 -1.16251 6.29526
v -4.44613 -1.16249 5.72938
v -4.53331 -1.16246 5.15141
v -4.54947 -1.16241 4.57165
v -4.49507 -1.16233 3.99869
v -4.35375 -1.16228 3.42985
v -4.12360 -1.16228 2.87422
v -3.82289 -1.16228 2.35338
v -3.45677 -1.16228 1.87624
v -3.03151 -1.16228 1.45098
v -2.55438 -1.16228 1.08486
v -2.03353 -1.16228 0.78415
v -1.47253 -1.16235 0.55398
v -0.88889 -1.16242 0.39884
v -0.29800 -1.16242 0.32105
v -0.58898 -1.16103 9.58204
v -0.69988 2.61404 10.67345
v -0.34488 -0.71451 10.63349
v -1.38779 2.61404 10.53662
v -1.03309 -0.71471 10.52688
v -2.05195 2.61404 10.31116
v -1.70577 -0.71471 10.32878
v -2.68100 2.61404 10.00095
v -2.34708 -0.71471 10.06314
v -3.26418 2.61404 9.61128
v -2.94823 -0.71471 9.71607
v -3.79150 2.61404 9.14883
v -3.49893 -0.71471 9.29350
v -4.25396 2.61404 8.62150
v -3.99033 -0.71471 8.80378
v -4.64363 2.61404 8.03832
v -4.41475 -0.71470 8.25623
v -4.95384 2.61404 7.40927
v -4.76591 -0.71469 7.66074
v -5.17929 2.61404 6.74511
v -5.03628 -0.71467 7.02465
v -5.31613 2.61404 6.05721
v -5.22054 -0.71466 6.35761
v -5.36200 2.61404 5.35733
v -5.31892 -0.71463 5.67493
v -5.31613 2.61404 4.65744
v -5.33023 -0.71460 4.99134
v -5.17929 2.61404 3.96954
v -5.24874 -0.71459 4.34195
v -4.95384 2.61404 3.30538
v -5.05084 -0.72950 3.62628
v -4.64363 2.61404 2.67633
v -4.25396 2.61404 2.09315
v -3.79151 2.61404 1.56582
v -3.26418 2.61404 1.10337
v -2.68100 2.61404 0.71370
v -2.04969 2.61402 0.40348
v -1.37310 2.61385 0.17821
v -0.69079 2.61382 0.04278
v -0.93725 -0.77140 9.57983
v -1.54786 -0.77140 9.39836
v -2.12980 -0.77140 9.15732
v -2.67530 -0.77140 8.84237
v -3.17502 -0.77140 8.45892
v -3.62571 -0.77138 8.02403
v -4.02244 -0.77133 7.54679
v -0.65786 -0.75528 10.36637
v -1.32833 -0.75548 10.12696
v -1.96727 -0.75548 9.89237
v -2.57036 -0.75548 9.59496
v -3.12947 -0.75548 9.22137
v -3.63561 -0.75548 8.77912
v -4.08366 -0.75546 8.28231
v -4.46836 -0.75542 7.74011
v -4.78572 -0.75536 7.16243
v -5.01901 -0.75531 6.54068
v -5.17320 -0.75524 5.89762
v -5.25674 -0.75511 5.25732
v -5.25796 -0.75499 4.66331
v -0.29047 -1.21540 9.32550
v -0.86903 -1.21670 9.19661
v -1.43185 -1.21670 9.04581
v -1.97017 -1.21670 8.82283
v -2.47478 -1.21670 8.53149
v -2.93705 -1.21670 8.17678
v -3.34927 -1.21669 7.76519
v -3.70449 -1.21669 7.30379
v -4.36446 -0.77124 7.03806
v -3.99686 -1.21669 6.80057
v -4.63973 -0.77113 6.49391
v -4.22115 -1.21668 6.26370
v -4.83931 -0.77103 5.91449
v -4.37339 -1.21668 5.70203
v -4.98574 -0.77082 5.33772
v -4.45197 -1.21667 5.12622
v -5.08737 -0.77050 4.77885
v -4.45601 -1.21666 4.54625
v -5.15297 -0.77003 4.27336
v -4.38563 -1.21664 3.97170
v -4.23770 -1.21663 3.40929
v -4.78384 -0.72950 2.98168
v -4.01369 -1.21663 2.86846
v -4.43499 -0.72950 2.37745
v -3.72100 -1.21663 2.36151
v -4.01025 -0.72950 1.82392
v -3.36464 -1.21663 1.89709
v -3.51689 -0.72950 1.33056
v -2.95071 -1.21663 1.48316
v -2.96336 -0.72950 0.90583
v -2.48629 -1.21663 1.12680
v -2.35913 -0.72950 0.55697
v -1.97933 -1.21663 0.83411
v -1.68038 -0.72992 0.28986
v -1.43716 -1.21665 0.61008
v -0.98922 -0.73034 0.11255
v -0.87105 -1.21666 0.45870
v -0.33163 -0.73034 0.02598
v -0.66538 -0.59465 0.04719
v -1.33205 -0.59455 0.17870
v -2.04338 -0.59391 0.40346
v -2.68100 -0.59381 0.71370
v -3.26418 -0.59381 1.10337
v -3.79151 -0.59381 1.56582
v -4.25396 -0.59381 2.09315
v -4.64363 -0.59381 2.67633
v -4.95384 -0.59381 3.30538
v -5.17929 -0.59381 3.96954
v -5.31613 -0.59381 4.65744
v -5.36200 -0.59381 5.35733
v -5.31612 -0.59381 6.05721
v -5.17929 -0.59381 6.74511
v -4.95384 -0.59381 7.40927
v -4.64363 -0.59381 8.03832
v -4.25396 -0.59381 8.62150
v -3.79150 -0.59381 9.14883
v -3.26418 -0.59381 9.61128
v -2.68100 -0.59381 10.00095
v -2.05195 -0.59381 10.31116
v -1.38779 -0.59381 10.53662
v -0.69988 -0.59381 10.67345
v -0.35069 -0.24591 10.70783
v -1.04607 -0.24591 10.61628
v -1.72355 -0.24591 10.43475
v -2.37154 -0.24591 10.16634
v -2.97896 -0.24591 9.81565
v -3.53540 -0.24591 9.38868
v -4.03135 -0.24591 8.89273
v -4.45833 -0.24591 8.33628
v -4.80902 -0.24591 7.72887
v -5.07743 -0.24591 7.08088
v -5.25896 -0.24591 6.40340
v -5.35051 -0.24591 5.70802
v -5.35051 -0.24591 5.00664
v -5.25896 -0.24591 4.31125
v -5.07743 -0.24591 3.63377
v -4.80902 -0.24591 2.98578
v -4.45833 -0.24591 2.37837
v -4.03136 -0.24591 1.82192
v -3.53540 -0.24591 1.32597
v -2.97896 -0.24591 0.89900
v -2.37155 -0.24591 0.54831
v -1.69213 -0.24629 0.27980
v -0.99880 -0.24668 0.10128
v -0.29201 -1.21666 0.38247
v -0.33484 -0.24668 0.01386
v -0.28068 -1.21780 9.11016
v -0.83724 -1.21780 9.03689
v -1.37947 -1.21780 8.89160
v -1.89810 -1.21780 8.67678
v -2.38425 -1.21780 8.39610
v -2.82961 -1.21780 8.05436
v -3.22655 -1.21780 7.65742
v -3.56829 -1.21780 7.21206
v -3.84897 -1.21780 6.72591
v -4.06379 -1.21780 6.20728
v -4.20908 -1.21780 5.66505
v -4.28235 -1.21780 5.10849
v -4.28235 -1.21780 4.54713
v -4.20908 -1.21780 3.99057
v -4.06379 -1.21780 3.44834
v -3.84897 -1.21780 2.92971
v -3.56829 -1.21780 2.44356
v -3.22655 -1.21780 1.99820
v -2.82961 -1.21780 1.60126
v -2.38426 -1.21780 1.25952
v -1.89810 -1.21780 0.97884
v -1.37947 -1.21780 0.76402
v -0.83724 -1.21780 0.61872
v -0.28068 -1.21780 0.54545
v -0.55297 -0.84652 0.62759
v -1.09648 -0.84652 0.73570
v -1.62122 -0.84652 0.91383
v -2.11823 -0.84652 1.15892
v -2.57900 -0.84652 1.46680
v -2.99563 -0.84652 1.83218
v -3.36101 -0.84652 2.24881
v -3.66889 -0.84652 2.70958
v -3.91398 -0.84652 3.20658
v -4.09211 -0.84652 3.73133
v -4.20022 -0.84652 4.27484
v -4.23646 -0.84652 4.82781
v -4.20022 -0.84652 5.38078
v -4.09211 -0.84652 5.92429
v -3.91398 -0.84652 6.44903
v -3.66888 -0.84652 6.94604
v -3.36101 -0.84652 7.40680
v -2.99563 -0.84652 7.82344
v -2.57899 -0.84652 8.18882
v -2.11823 -0.84652 8.49669
v -1.62122 -0.84652 8.74179
v -1.09648 -0.84652 8.91992
v -0.55297 -0.84652 9.02803
v -0.27708 -0.91216 9.05519
v -0.82649 -0.91216 8.98286
v -1.36176 -0.91216 8.83943
v -1.87373 -0.91216 8.62737
v -2.35365 -0.91216 8.35029
v -2.79329 -0.91216 8.01294
v -3.18513 -0.91216 7.62110
v -3.52248 -0.91216 7.18146
v -3.79956 -0.91216 6.70154
v -4.01162 -0.91216 6.18957
v -4.15505 -0.91216 5.65430
v -4.22738 -0.91216 5.10489
v -4.22738 -0.91216 4.55073
v -4.15505 -0.91216 4.00132
v -4.01163 -0.91216 3.46605
v -3.79956 -0.91216 2.95407
v -3.52248 -0.91216 2.47416
v -3.18514 -0.91216 2.03452
v -2.79329 -0.91216 1.64267
v -2.35365 -0.91216 1.30533
v -1.87374 -0.91216 1.02825
v -1.36176 -0.91216 0.81618
v -0.82649 -0.91216 0.67276
v -0.27708 -0.91216 0.60043
v -5.17866 -0.75525 4.59397
v -5.09987 -0.75561 5.10360
v -4.97461 -0.75588 5.67624
v -4.80321 -0.75602 6.26568
v -4.56455 -0.75612 6.83806
v -4.24563 -0.75625 7.36157
v -3.87181 -0.75632 7.86054
v -3.44224 -0.75635 8.32055
v -2.96240 -0.75636 8.73774
v -2.43313 -0.75636 9.09139
v -1.86224 -0.75636 9.37292
v -1.25729 -0.75636 9.59597
v -0.30965 -0.76949 10.08051
v -0.95480 -0.75606 9.94610
v -1.59481 -0.75606 9.66746
v -2.19440 -0.75606 9.41911
v -2.75644 -0.75606 9.09461
v -3.27132 -0.75606 8.69953
v -3.73431 -0.75604 8.24874
v -4.14223 -0.75599 7.75561
v -4.49461 -0.75590 7.23214
v -4.77574 -0.75579 6.66868
v -4.97608 -0.75570 6.06631
v -5.11580 -0.75553 5.46227
v -5.19705 -0.75527 4.88559
v -0.35069 1.49919 10.70783
v -1.04607 1.49919 10.61628
v -1.72355 1.49919 10.43475
v -4.03135 1.49919 8.89273
v -4.45833 1.49919 8.33628
v -4.80902 1.49919 7.72887
v -5.07743 1.49919 7.08088
v -5.25896 1.49919 6.40340
v -5.35051 1.49919 5.70802
v -5.35051 1.49919 5.00664
v -5.25896 1.49919 4.31125
v -5.07743 1.49919 3.63377
v -4.80902 1.49919 2.98578
v -4.45833 1.49919 2.37837
v -4.03136 1.49919 1.82192
v -3.53540 1.49919 1.32597
v -2.97896 1.49919 0.89900
v -2.37155 1.49919 0.54831
v -1.70589 1.49897 0.27985
v -1.01949 1.49875 0.10000
v -0.34178 1.49875 0.01078
v -0.29229 -1.21293 9.70602
v -0.69831 -0.77123 9.81540
v -0.55489 -1.21340 9.54785
v -0.61456 -0.81520 9.96343
v -0.65387 -0.81542 0.09192
v -1.30806 -0.81533 0.22105
v -2.00118 -0.81475 0.44115
v -2.62485 -0.81466 0.74489
v -3.19581 -0.81466 1.12640
v -3.71210 -0.81466 1.57917
v -4.16486 -0.81466 2.09545
v -4.54637 -0.81466 2.66641
v -4.85009 -0.81466 3.28229
v -5.05004 -0.81472 3.91502
v -5.04521 -0.81517 4.46715
v -4.97509 -0.81554 5.02218
v -4.85716 -0.81578 5.58896
v -4.69307 -0.81591 6.16859
v -4.46293 -0.81600 6.73242
v -4.15649 -0.81610 7.25349
v -3.79403 -0.81615 7.74879
v -3.37361 -0.81619 8.20065
v -2.90334 -0.81619 8.60954
v -2.38463 -0.81619 8.95614
v -1.82512 -0.81619 9.23206
v -1.23438 -0.81619 9.43259
v -0.64395 -0.81610 9.57224
v -0.30083 -0.88540 9.92862
v -0.92018 -0.88775 9.45224
v -1.51613 -0.88775 9.29255
v -2.08614 -0.88775 9.05645
v -2.62046 -0.88775 8.74796
v -3.10994 -0.88775 8.37237
v -3.55027 -0.88774 7.94417
v -3.93567 -0.88770 7.47133
v -4.26394 -0.88764 6.96376
v -4.52540 -0.88756 6.42175
v -4.71256 -0.88747 5.84778
v -4.84162 -0.88732 5.27237
v -4.91929 -0.88707 4.70739
v -4.94782 -0.88670 4.15604
v -4.84354 -0.88648 3.56787
v -4.58749 -0.88648 2.94972
v -4.25296 -0.88648 2.37029
v -3.84565 -0.88648 1.83948
v -3.37255 -0.88648 1.36637
v -2.84174 -0.88648 0.95907
v -2.26230 -0.88648 0.62453
v -1.61833 -0.88680 0.36841
v -0.95903 -0.88712 0.19771
v -0.32151 -0.88712 0.11378
v -0.60931 -0.88715 9.76989
v -1.72777 -1.16255 8.99868
v -1.16854 -1.16255 9.18852
v -0.60850 -1.16217 9.32554
v -0.59692 -1.15984 9.73341
v -0.59472 -1.16242 0.35026
v -1.18125 -1.16240 0.46675
v -1.75814 -1.16230 0.65997
v -2.29888 -1.16228 0.92597
v -2.79894 -1.16228 1.26010
v -3.25111 -1.16228 1.65664
v -3.64765 -1.16228 2.10881
v -3.98178 -1.16228 2.60887
v -4.24778 -1.16228 3.14826
v -4.43751 -1.16230 3.71474
v -4.53090 -1.16237 4.28366
v -4.55040 -1.16244 4.86134
v -4.49847 -1.16248 5.44103
v -4.37594 -1.16250 6.01470
v -4.18100 -1.16252 6.56929
v -3.91453 -1.16253 7.09233
v -3.58368 -1.16254 7.57934
v -3.19272 -1.16255 8.02040
v -2.74849 -1.16255 8.40937
v -2.25745 -1.16255 8.73748
v -0.34683 3.77714 10.64897
v -1.03456 3.77714 10.55843
v -1.70459 3.77714 10.37890
v -2.34546 3.77714 10.11345
v -2.94619 3.77714 9.76661
v -3.49651 3.77714 9.34433
v -3.98701 3.77714 8.85384
v -4.40929 3.77714 8.30352
v -4.75612 3.77714 7.70279
v -5.02157 3.77714 7.06192
v -5.20111 3.77714 6.39189
v -5.29165 3.77714 5.70416
v -5.29165 3.77714 5.01050
v -5.20111 3.77714 4.32276
v -5.02157 3.77714 3.65273
v -4.75612 3.77714 3.01187
v -4.40929 3.77714 2.41114
v -3.98701 3.77714 1.86082
v -3.49652 3.77714 1.37032
v -2.94619 3.77714 0.94804
v -2.34546 3.77714 0.60121
v -1.69566 3.77703 0.33573
v -1.02113 3.77692 0.15704
v -0.34233 3.77692 0.06768
v -0.69218 3.77714 10.61497
v -1.37252 3.77714 10.47965
v -2.02937 3.77714 10.25667
v -2.65151 3.77714 9.94987
v -3.22827 3.77714 9.56449
v -3.74980 3.77714 9.10712
v -4.20716 3.77714 8.58560
v -4.59255 3.77714 8.00884
v -4.89935 3.77714 7.38670
v -5.12232 3.77714 6.72985
v -5.25765 3.77714 6.04951
v -5.30302 3.77714 5.35733
v -5.25765 3.77714 4.66515
v -5.12232 3.77714 3.98481
v -4.89935 3.77714 3.32795
v -4.59255 3.77714 2.70582
v -4.20717 3.77714 2.12906
v -3.74980 3.77714 1.60753
v -3.22827 3.77714 1.15016
v -2.65151 3.77714 0.76478
v -2.02714 3.77712 0.45797
v -1.35800 3.77695 0.23518
v -0.68319 3.77692 0.10124
v 0.00000 -1.15904 9.75213
v -0.00000 -1.16242 0.31134
v -0.29990 -1.21334 9.64882
v -0.16583 -1.21540 9.30600
v -0.03707 -1.21780 9.11702
v -0.48478 -1.21304 9.64369
v -0.48862 -1.21357 9.54689
v -0.49832 -1.21567 9.30251
v -0.28790 -1.11610 9.63881
v -0.28761 -1.11682 9.51243
v -0.15919 -1.11808 9.30970
v -0.03559 -1.12038 9.12829
v 0.00000 -1.12038 9.12929
v -0.26602 -1.11622 9.61735
v -0.26580 -1.11678 9.51879
v -0.14095 -1.11797 9.32169
v -0.02427 -1.12010 9.15044
v 0.00000 -1.12010 9.15113
v 0.00000 -1.11619 9.62189
v -0.20098 -1.13510 9.51818
v -0.19833 -1.11622 9.61851
v -0.19776 -1.11609 9.64035
v -0.19718 -1.21333 9.65057
v -0.19570 -1.21291 9.70687
v -0.21639 -1.15922 9.74975
v 0.00000 1.49919 10.73081
v -0.00000 -0.73034 0.01406
v 0.00000 -0.59381 10.73081
v 0.00000 -1.17057 9.31205
v 0.00000 -0.91216 9.06286
v 0.00000 -1.11607 9.64372
v 0.00000 -1.21330 9.65393
v 0.00000 -1.21287 9.70858
v -3.88641 1.49919 9.04749
v -3.77166 1.09034 9.16741
v -3.47761 0.79988 9.43611
v -3.07957 0.68871 9.74356
v -2.68100 0.80210 10.00095
v -2.37154 1.10469 10.16634
v -2.27989 1.49919 10.20787
v -2.37154 1.90436 10.16634
v -2.68100 2.19841 10.00095
v -3.08315 2.30599 9.74099
v -3.48478 2.19124 9.43022
v -3.77166 1.90077 9.16741
v -2.05195 1.91219 10.31116
v -1.72355 1.91219 10.43475
v -1.38779 1.91219 10.53662
v -1.04607 1.91219 10.61628
v -0.69988 1.91219 10.67345
v -0.35069 1.91219 10.70783
v -0.34339 1.91183 0.01006
v -0.68532 1.91183 0.04373
v -1.02430 1.91183 0.09971
v -1.36426 1.91188 0.17831
v -1.70909 1.91201 0.27985
v -2.04833 1.91215 0.40347
v -2.37155 1.91219 0.54831
v -2.68100 1.91219 0.71370
v -2.97896 1.91219 0.89900
v -3.26418 1.91219 1.10337
v -3.53540 1.91219 1.32597
v -3.79151 1.91219 1.56582
v -4.03136 1.91219 1.82192
v -4.25396 1.91219 2.09315
v -4.45833 1.91219 2.37837
v -4.64363 1.91219 2.67633
v -4.80902 1.91219 2.98578
v -4.95384 1.91219 3.30538
v -5.07743 1.91219 3.63377
v -5.17929 1.91219 3.96954
v -5.25896 1.91219 4.31125
v -5.31613 1.91219 4.65744
v -5.35051 1.91219 5.00664
v -5.36200 1.91219 5.35733
v -5.35051 1.91219 5.70802
v -5.31613 1.91219 6.05721
v -5.25896 1.91219 6.40340
v -5.17929 1.91219 6.74511
v -5.07743 1.91219 7.08088
v -4.95384 1.91219 7.40927
v -4.80902 1.91219 7.72887
v -4.64362 1.91219 8.03832
v -4.45833 1.91219 8.33628
v -4.25396 1.91219 8.62150
v -4.03135 1.91219 8.89273
v -2.05195 1.06528 10.31116
v -1.72355 1.06528 10.43475
v -1.38779 1.06528 10.53662
v -1.04607 1.06528 10.61628
v -0.69988 1.06528 10.67345
v -0.35069 1.06528 10.70783
v 0.00000 1.06528 10.73081
v -0.00000 1.06475 -0.00085
v -0.33992 1.06475 0.01161
v -0.67838 1.06475 0.04493
v -1.01394 1.06475 0.10034
v -1.35306 1.06481 0.17844
v -1.70220 1.06501 0.27983
v -2.04661 1.06521 0.40347
v -2.37155 1.06528 0.54831
v -2.68100 1.06528 0.71370
v -2.97896 1.06528 0.89900
v -3.26418 1.06528 1.10337
v -3.53540 1.06528 1.32597
v -3.79151 1.06528 1.56582
v -4.03136 1.06528 1.82192
v -4.25396 1.06528 2.09315
v -4.45833 1.06528 2.37837
v -4.64363 1.06528 2.67633
v -4.80902 1.06528 2.98578
v -4.95384 1.06528 3.30538
v -5.07743 1.06528 3.63377
v -5.17929 1.06528 3.96954
v -5.25896 1.06528 4.31125
v -5.31613 1.06528 4.65744
v -5.35051 1.06528 5.00664
v -5.36200 1.06528 5.35733
v -5.35051 1.06528 5.70802
v -5.31613 1.06528 6.05721
v -5.25896 1.06528 6.40340
v -5.17929 1.06528 6.74511
v -5.07743 1.06528 7.08088
v -4.95384 1.06528 7.40927
v -4.80902 1.06528 7.72887
v -4.64362 1.06528 8.03832
v -4.45833 1.06528 8.33628
v -4.25396 1.06528 8.62150
v -4.03135 1.06528 8.89273
v -3.88641 1.49919 7.95200
v -3.77166 1.09034 8.07193
v -3.47761 0.79988 8.34062
v -3.07957 0.68871 8.64808
v -2.68100 0.80210 8.90547
v -2.37154 1.10469 9.07086
v -2.27989 1.49919 9.11239
v -2.37154 1.90436 9.07086
v -2.68100 2.19841 8.90547
v -3.08315 2.30599 8.64551
v -3.48478 2.19124 8.33474
v -3.77166 1.90077 8.07193
v -2.27989 1.49919 10.10400
v -2.37154 1.10469 10.06247
v -2.68100 0.80210 9.89708
v -3.07957 0.68871 9.63969
v -3.47761 0.79988 9.33223
v -3.77166 1.09034 9.06354
v -3.88641 1.49919 8.94361
v -3.77166 1.90077 9.06354
v -3.48478 2.19124 9.32635
v -3.08315 2.30599 9.63712
v -2.68100 2.19841 9.89708
v -2.37154 1.90436 10.06247
v 0.69988 1.49919 10.67345
v 0.35069 1.49919 10.70783
v 0.35069 1.91219 10.70783
v 0.69988 1.91219 10.67345
v 0.00000 1.91219 10.73081
v 1.38779 1.49919 10.53662
v 1.04607 1.49919 10.61628
v 1.04607 1.91219 10.61628
v 1.38779 1.91219 10.53662
v 2.05195 1.49919 10.31116
v 1.72355 1.49919 10.43475
v 1.72355 1.91219 10.43475
v 2.05195 1.91219 10.31116
v 4.25396 1.49919 8.62150
v 4.03135 1.49919 8.89273
v 4.03135 1.91219 8.89273
v 4.25396 1.91219 8.62150
v 4.64362 1.49919 8.03832
v 4.45833 1.49919 8.33628
v 4.45833 1.91219 8.33628
v 4.64362 1.91219 8.03832
v 4.95384 1.49919 7.40927
v 4.80902 1.49919 7.72887
v 4.80902 1.91219 7.72887
v 4.95384 1.91219 7.40927
v 5.17929 1.49919 6.74511
v 5.07743 1.49919 7.08088
v 5.07743 1.91219 7.08088
v 5.17929 1.91219 6.74511
v 5.31613 1.49919 6.05721
v 5.25896 1.49919 6.40340
v 5.25896 1.91219 6.40340
v 5.31613 1.91219 6.05721
v 5.36200 1.49919 5.35733
v 5.35051 1.49919 5.70802
v 5.35051 1.91219 5.70802
v 5.36200 1.91219 5.35733
v 5.31613 1.49919 4.65744
v 5.35051 1.49919 5.00664
v 5.35051 1.91219 5.00664
v 5.31613 1.91219 4.65744
v 5.17929 1.49919 3.96954
v 5.25896 1.49919 4.31125
v 5.25896 1.91219 4.31125
v 5.17929 1.91219 3.96954
v 4.95384 1.49919 3.30538
v 5.07743 1.49919 3.63377
v 5.07743 1.91219 3.63377
v 4.95384 1.91219 3.30538
v 4.64363 1.49919 2.67633
v 4.80902 1.49919 2.98578
v 4.80902 1.91219 2.98578
v 4.64363 1.91219 2.67633
v 4.25396 1.49919 2.09315
v 4.45833 1.49919 2.37837
v 4.45833 1.91219 2.37837
v 4.25396 1.91219 2.09315
v 3.79151 1.49919 1.56582
v 4.03136 1.49919 1.82192
v 4.03136 1.91219 1.82192
v 3.79151 1.91219 1.56582
v 3.26418 1.49919 1.10337
v 3.53540 1.49919 1.32597
v 3.53540 1.91219 1.32597
v 3.26418 1.91219 1.10337
v 2.68100 1.49919 0.71370
v 2.97896 1.49919 0.89900
v 2.97896 1.91219 0.89900
v 2.68100 1.91219 0.71370
v 2.04753 1.49913 0.40347
v 2.37155 1.49919 0.54831
v 2.37155 1.91219 0.54831
v 2.04833 1.91215 0.40347
v 1.35906 1.49881 0.17837
v 1.70589 1.49897 0.27985
v 1.70909 1.91201 0.27985
v 1.36426 1.91188 0.17831
v 0.68210 1.49875 0.04429
v 1.01949 1.49875 0.10000
v 1.02430 1.91183 0.09971
v 0.68532 1.91183 0.04373
v -0.00000 1.49875 -0.00180
v 0.34178 1.49875 0.01078
v 0.34339 1.91183 0.01006
v -0.00000 1.91183 -0.00262
v 0.00000 -0.71431 10.65381
v 0.34488 -0.71451 10.63349
v 0.32746 -0.75469 10.41048
v 0.00000 -0.75390 10.42278
v 0.68938 -0.71466 10.59668
v 0.65786 -0.75528 10.36637
v 0.67669 -0.76538 10.05475
v 0.30965 -0.76949 10.08051
v 0.00000 -0.76816 10.08486
v 1.03309 -0.71471 10.52688
v 0.99414 -0.75548 10.25867
v 1.37292 -0.71471 10.43420
v 1.32833 -0.75548 10.12696
v 1.28084 -0.75606 9.78939
v 0.95480 -0.75606 9.94610
v 1.70577 -0.71471 10.32878
v 1.65243 -0.75548 10.01086
v 2.03078 -0.71471 10.20647
v 1.96727 -0.75548 9.89237
v 1.89867 -0.75606 9.55311
v 1.59481 -0.75606 9.66746
v 2.34708 -0.71471 10.06314
v 2.27368 -0.75548 9.75352
v 2.65334 -0.71471 9.89945
v 2.57036 -0.75548 9.59496
v 2.48074 -0.75606 9.26607
v 2.19440 -0.75606 9.41911
v 2.94823 -0.71471 9.71607
v 2.85603 -0.75548 9.41731
v 3.23050 -0.71471 9.51380
v 3.12947 -0.75548 9.22137
v 3.02035 -0.75606 8.90551
v 2.75644 -0.75606 9.09461
v 3.49893 -0.71471 9.29350
v 3.38951 -0.75548 9.00795
v 3.75253 -0.71471 9.05640
v 3.63560 -0.75548 8.77912
v 3.50931 -0.75605 8.47963
v 3.27132 -0.75606 8.69953
v 3.99033 -0.71471 8.80378
v 3.86725 -0.75547 8.53695
v 4.21138 -0.71470 8.53670
v 4.08365 -0.75546 8.28231
v 3.94554 -0.75602 8.00727
v 3.73431 -0.75604 8.24874
v 4.41475 -0.71470 8.25623
v 4.28404 -0.75545 8.01606
v 4.59981 -0.71469 7.96377
v 4.46835 -0.75542 7.74011
v 4.32504 -0.75595 7.49637
v 4.14223 -0.75599 7.75561
v 4.76591 -0.71469 7.66074
v 4.63657 -0.75539 7.45636
v 4.91181 -0.71468 7.34756
v 4.78572 -0.75536 7.16243
v 4.64637 -0.75584 6.95792
v 4.49461 -0.75590 7.23214
v 5.03628 -0.71467 7.02465
v 4.91284 -0.75533 6.85597
v 5.13922 -0.71466 6.69400
v 5.01900 -0.75531 6.54068
v 4.88491 -0.75575 6.36971
v 4.77574 -0.75579 6.66868
v 5.22054 -0.71466 6.35761
v 5.10530 -0.75528 6.22026
v 5.28039 -0.71465 6.01731
v 5.17320 -0.75524 5.89762
v 5.05208 -0.75563 5.76249
v 4.97608 -0.75570 6.06631
v 5.31892 -0.71463 5.67493
v 5.22417 -0.75518 5.57568
v 5.33568 -0.71462 5.33233
v 5.25674 -0.75511 5.25732
v 5.16489 -0.75541 5.16889
v 5.11580 -0.75553 5.46227
v 5.33023 -0.71460 4.99134
v 5.26942 -0.75504 4.94547
v 5.30158 -0.71459 4.65891
v 5.25796 -0.75499 4.66331
v 5.21167 -0.75517 4.70708
v 5.19705 -0.75527 4.88559
v 5.24874 -0.71459 4.34195
v 5.21809 -0.75502 4.43403
v 5.16161 -0.73864 3.99961
v 5.15296 -0.77003 4.27336
v 5.12287 -0.77028 4.51466
v 5.17866 -0.75525 4.59397
v 0.30268 -0.81407 9.97429
v 0.00000 -0.81269 9.97615
v 0.61456 -0.81520 9.96343
v 0.61092 -0.88641 9.91680
v 0.30083 -0.88540 9.92862
v 0.00000 -0.88425 9.93076
v 0.76104 -0.78295 9.66513
v 0.93725 -0.77140 9.57983
v 0.93043 -0.81619 9.50345
v 0.64395 -0.81610 9.57224
v 1.24578 -0.77140 9.49446
v 1.23438 -0.81619 9.43259
v 1.22077 -0.88775 9.38216
v 0.92018 -0.88775 9.45224
v 0.63663 -0.88760 9.52127
v 1.54786 -0.77140 9.39836
v 1.53303 -0.81619 9.34198
v 1.84278 -0.77140 9.28738
v 1.82512 -0.81619 9.23206
v 1.80501 -0.88775 9.18384
v 1.51613 -0.88775 9.29255
v 2.12980 -0.77140 9.15732
v 2.10939 -0.81619 9.10325
v 2.40771 -0.77140 9.00878
v 2.38463 -0.81619 8.95614
v 2.35835 -0.88775 8.91096
v 2.08614 -0.88775 9.05645
v 2.67530 -0.77140 8.84237
v 2.64966 -0.81619 8.79132
v 2.93145 -0.77140 8.65884
v 2.90334 -0.81619 8.60954
v 2.87135 -0.88775 8.56819
v 2.62046 -0.88775 8.74796
v 3.17502 -0.77140 8.45892
v 3.14459 -0.81619 8.41155
v 3.40634 -0.77140 8.24615
v 3.37361 -0.81619 8.20065
v 3.33623 -0.88775 8.16340
v 3.10994 -0.88775 8.37237
v 3.62571 -0.77138 8.02403
v 3.59062 -0.81617 7.98015
v 3.83159 -0.77136 7.79132
v 3.79403 -0.81615 7.74879
v 3.75057 -0.88772 7.71378
v 3.55027 -0.88774 7.94417
v 4.02244 -0.77133 7.54679
v 3.98224 -0.81613 7.50528
v 4.19961 -0.77130 7.29439
v 4.15649 -0.81610 7.25349
v 4.10649 -0.88768 7.22019
v 3.93567 -0.88770 7.47133
v 4.36446 -0.77124 7.03806
v 4.31801 -0.81605 6.99728
v 4.51262 -0.77118 6.77288
v 4.46293 -0.81600 6.73242
v 4.40468 -0.88759 6.69872
v 4.26394 -0.88764 6.96376
v 4.63973 -0.77113 6.49391
v 4.58734 -0.81596 6.45469
v 4.74792 -0.77109 6.20612
v 4.69307 -0.81591 6.16859
v 4.62755 -0.88752 6.13680
v 4.52540 -0.88756 6.42175
v 4.83931 -0.77103 5.91449
v 4.78195 -0.81585 5.87861
v 4.91742 -0.77094 5.62352
v 4.85716 -0.81578 5.58896
v 4.78305 -0.88741 5.55840
v 4.71256 -0.88747 5.84778
v 4.98574 -0.77082 5.33772
v 4.92191 -0.81567 5.30387
v 5.04287 -0.77068 5.05639
v 4.97509 -0.81554 5.02218
v 4.88735 -0.88721 4.98895
v 4.84162 -0.88732 5.27237
v 5.08737 -0.77050 4.77885
v 5.01560 -0.81537 4.74273
v 5.04521 -0.81517 4.46715
v 4.93895 -0.88691 4.42924
v 4.91929 -0.88707 4.70739
v 5.06572 -0.81492 4.19702
v 5.05004 -0.81472 3.91502
v 4.92349 -0.88654 3.87364
v 4.94782 -0.88670 4.15604
v 5.05084 -0.72950 3.62628
v 4.97108 -0.81466 3.60381
v 4.92790 -0.72950 3.29961
v 4.85009 -0.81466 3.28229
v 4.72564 -0.88648 3.25460
v 4.84354 -0.88648 3.56787
v 4.78384 -0.72950 2.98168
v 4.70830 -0.81466 2.96939
v 4.61931 -0.72950 2.67385
v 4.54637 -0.81466 2.66641
v 4.42972 -0.88648 2.65452
v 4.58749 -0.88648 2.94972
v 4.43499 -0.72950 2.37745
v 4.36495 -0.81466 2.37469
v 4.23169 -0.72950 2.09372
v 4.16486 -0.81466 2.09545
v 4.05800 -0.88648 2.09821
v 4.25296 -0.88648 2.37029
v 4.01025 -0.72950 1.82392
v 3.94692 -0.81466 1.82990
v 3.77165 -0.72950 1.56916
v 3.71210 -0.81466 1.57917
v 3.61685 -0.88648 1.59517
v 3.84565 -0.88648 1.83948
v 3.51689 -0.72950 1.33056
v 3.46136 -0.81466 1.34434
v 3.24709 -0.72950 1.10913
v 3.19581 -0.81466 1.12640
v 3.11382 -0.88648 1.15402
v 3.37255 -0.88648 1.36637
v 2.96336 -0.72950 0.90583
v 2.91657 -0.81466 0.92631
v 2.66696 -0.72950 0.72150
v 2.62485 -0.81466 0.74489
v 2.55750 -0.88648 0.78230
v 2.84174 -0.88648 0.95907
v 2.35913 -0.72950 0.55697
v 2.32188 -0.81466 0.58296
v 2.03267 -0.72961 0.41288
v 2.00118 -0.81475 0.44115
v 1.95097 -0.88656 0.48636
v 2.26230 -0.88648 0.62453
v 1.68038 -0.72992 0.28986
v 1.65630 -0.81504 0.32008
v 1.32498 -0.73024 0.18930
v 1.30806 -0.81533 0.22105
v 1.28186 -0.88704 0.27181
v 1.61833 -0.88680 0.36841
v 0.98922 -0.73034 0.11255
v 0.97730 -0.81542 0.14533
v 0.66184 -0.73034 0.05849
v 0.65387 -0.81542 0.09192
v 0.64165 -0.88712 0.14530
v 0.95903 -0.88712 0.19771
v 0.33163 -0.73034 0.02598
v 0.32763 -0.81542 0.05980
v -0.00000 -0.81542 0.04815
v -0.00000 -0.88712 0.10253
v 0.32151 -0.88712 0.11378
v 0.69988 -0.24591 10.67345
v 0.69988 -0.59381 10.67345
v 0.35069 -0.59381 10.70783
v 0.35069 -0.24591 10.70783
v 0.00000 -0.24591 10.73081
v 1.38779 -0.24591 10.53662
v 1.38779 -0.59381 10.53662
v 1.04607 -0.59381 10.61628
v 1.04607 -0.24591 10.61628
v 2.05195 -0.24591 10.31116
v 2.05195 -0.59381 10.31116
v 1.72355 -0.59381 10.43475
v 1.72355 -0.24591 10.43475
v 2.68100 -0.24591 10.00095
v 2.68100 -0.59381 10.00095
v 2.37154 -0.59381 10.16634
v 2.37154 -0.24591 10.16634
v 3.26418 -0.24591 9.61128
v 3.26418 -0.59381 9.61128
v 2.97896 -0.59381 9.81565
v 2.97896 -0.24591 9.81565
v 3.79150 -0.24591 9.14883
v 3.79150 -0.59381 9.14883
v 3.53540 -0.59381 9.38868
v 3.53540 -0.24591 9.38868
v 4.25396 -0.24591 8.62150
v 4.25396 -0.59381 8.62150
v 4.03135 -0.59381 8.89273
v 4.03135 -0.24591 8.89273
v 4.64362 -0.24591 8.03832
v 4.64362 -0.59381 8.03832
v 4.45833 -0.59381 8.33628
v 4.45833 -0.24591 8.33628
v 4.95384 -0.24591 7.40927
v 4.95384 -0.59381 7.40927
v 4.80902 -0.59381 7.72887
v 4.80902 -0.24591 7.72887
v 5.17929 -0.24591 6.74511
v 5.17929 -0.59381 6.74511
v 5.07743 -0.59381 7.08088
v 5.07743 -0.24591 7.08088
v 5.31612 -0.24591 6.05721
v 5.31612 -0.59381 6.05721
v 5.25896 -0.59381 6.40340
v 5.25896 -0.24591 6.40340
v 5.36200 -0.24591 5.35733
v 5.36200 -0.59381 5.35733
v 5.35050 -0.59381 5.70802
v 5.35050 -0.24591 5.70802
v 5.31613 -0.24591 4.65744
v 5.31613 -0.59381 4.65744
v 5.35050 -0.59381 5.00664
v 5.35050 -0.24591 5.00664
v 5.17929 -0.24591 3.96954
v 5.17929 -0.59381 3.96954
v 5.25896 -0.59381 4.31125
v 5.25896 -0.24591 4.31125
v 4.95384 -0.24591 3.30538
v 4.95384 -0.59381 3.30538
v 5.07743 -0.59381 3.63377
v 5.07743 -0.24591 3.63377
v 4.64363 -0.24591 2.67633
v 4.64363 -0.59381 2.67633
v 4.80902 -0.59381 2.98578
v 4.80902 -0.24591 2.98578
v 4.25396 -0.24591 2.09315
v 4.25396 -0.59381 2.09315
v 4.45833 -0.59381 2.37837
v 4.45833 -0.24591 2.37837
v 3.79151 -0.24591 1.56582
v 3.79151 -0.59381 1.56582
v 4.03136 -0.59381 1.82192
v 4.03136 -0.24591 1.82192
v 3.26418 -0.24591 1.10337
v 3.26418 -0.59381 1.10337
v 3.53540 -0.59381 1.32597
v 3.53540 -0.24591 1.32597
v 2.68100 -0.24591 0.71370
v 2.68100 -0.59381 0.71370
v 2.97896 -0.59381 0.89900
v 2.97896 -0.24591 0.89900
v 2.04409 -0.24600 0.40346
v 2.04338 -0.59391 0.40346
v 2.37155 -0.59381 0.54831
v 2.37155 -0.24591 0.54831
v 1.33669 -0.24658 0.17864
v 1.33205 -0.59455 0.17870
v 1.68928 -0.59423 0.27980
v 1.69213 -0.24629 0.27980
v 0.66825 -0.24668 0.04669
v 0.66538 -0.59465 0.04719
v 0.99451 -0.59465 0.10154
v 0.99880 -0.24668 0.10128
v 0.33340 -0.59465 0.01450
v -0.00000 -0.59465 0.00248
v 0.33484 -0.24668 0.01386
v -0.00000 -0.24668 0.00174
v 0.14095 -1.11797 9.32169
v 0.02427 -1.12010 9.15044
v 0.29047 -1.21540 9.32550
v 0.49832 -1.21567 9.30251
v 0.56016 -1.21780 9.08265
v 0.28068 -1.21780 9.11016
v 0.58230 -1.21578 9.29322
v 0.86903 -1.21670 9.19661
v 0.83724 -1.21780 9.03689
v 1.15291 -1.21670 9.13043
v 1.11073 -1.21780 8.97313
v 1.43185 -1.21670 9.04581
v 1.37947 -1.21780 8.89160
v 1.70466 -1.21670 8.94314
v 1.64231 -1.21780 8.79269
v 1.97017 -1.21670 8.82283
v 1.89810 -1.21780 8.67678
v 2.22725 -1.21670 8.68543
v 2.14578 -1.21780 8.54440
v 2.47478 -1.21670 8.53149
v 2.38425 -1.21780 8.39610
v 2.71172 -1.21670 8.36171
v 2.61253 -1.21780 8.23253
v 2.93705 -1.21670 8.17678
v 2.82961 -1.21780 8.05436
v 3.14986 -1.21670 7.97763
v 3.03458 -1.21780 7.86239
v 3.34927 -1.21669 7.76519
v 3.22655 -1.21780 7.65742
v 3.53443 -1.21669 7.54029
v 3.40472 -1.21780 7.44034
v 3.70449 -1.21669 7.30379
v 3.56829 -1.21780 7.21206
v 3.85883 -1.21669 7.05683
v 3.71659 -1.21780 6.97358
v 3.99686 -1.21669 6.80057
v 3.84897 -1.21780 6.72591
v 4.11786 -1.21669 6.53590
v 3.96488 -1.21780 6.47011
v 4.22115 -1.21668 6.26370
v 4.06379 -1.21780 6.20728
v 4.30643 -1.21668 5.98531
v 4.14532 -1.21780 5.93854
v 4.37339 -1.21668 5.70203
v 4.20908 -1.21780 5.66505
v 4.42194 -1.21668 5.41522
v 4.25484 -1.21780 5.38797
v 4.45197 -1.21667 5.12622
v 4.28235 -1.21780 5.10849
v 4.46337 -1.21667 4.83619
v 4.29155 -1.21780 4.82781
v 4.45601 -1.21666 4.54625
v 4.28235 -1.21780 4.54713
v 4.43004 -1.21665 4.25767
v 4.25484 -1.21780 4.26765
v 4.38563 -1.21664 3.97170
v 4.20908 -1.21780 3.99057
v 4.32183 -1.21663 3.68877
v 4.14532 -1.21780 3.71707
v 4.23770 -1.21663 3.40929
v 4.06379 -1.21780 3.44834
v 4.13456 -1.21663 3.13520
v 3.96488 -1.21780 3.18550
v 4.01369 -1.21663 2.86846
v 3.84897 -1.21780 2.92971
v 3.87565 -1.21663 2.61019
v 3.71659 -1.21780 2.68203
v 3.72100 -1.21663 2.36151
v 3.56829 -1.21780 2.44356
v 3.55043 -1.21663 2.12346
v 3.40472 -1.21780 2.21528
v 3.36464 -1.21663 1.89709
v 3.22655 -1.21780 1.99820
v 3.16445 -1.21663 1.68334
v 3.03459 -1.21780 1.79322
v 2.95071 -1.21663 1.48316
v 2.82961 -1.21780 1.60126
v 2.72434 -1.21663 1.29737
v 2.61253 -1.21780 1.42309
v 2.48629 -1.21663 1.12680
v 2.38426 -1.21780 1.25952
v 2.23761 -1.21663 0.97215
v 2.14578 -1.21780 1.11121
v 1.97933 -1.21663 0.83411
v 1.89810 -1.21780 0.97884
v 1.71225 -1.21663 0.71323
v 1.64231 -1.21780 0.86293
v 1.43716 -1.21665 0.61008
v 1.37947 -1.21780 0.76402
v 1.15609 -1.21666 0.52509
v 1.11074 -1.21780 0.68249
v 0.87105 -1.21666 0.45870
v 0.83724 -1.21780 0.61872
v 0.58278 -1.21666 0.41110
v 0.56016 -1.21780 0.57297
v 0.29201 -1.21666 0.38247
v 0.28068 -1.21780 0.54545
v -0.00000 -1.21666 0.37316
v -0.00000 -1.21780 0.53688
v 0.00000 -1.21780 9.11806
v 0.03707 -1.21780 9.11702
v 0.55297 -0.91216 9.02803
v 0.27708 -0.91216 9.05519
v 0.82649 -0.91216 8.98286
v 1.09648 -0.91216 8.91992
v 1.36176 -0.91216 8.83943
v 1.62122 -0.91216 8.74179
v 1.87373 -0.91216 8.62737
v 2.11823 -0.91216 8.49669
v 2.35365 -0.91216 8.35029
v 2.57899 -0.91216 8.18882
v 2.79329 -0.91216 8.01294
v 2.99563 -0.91216 7.82344
v 3.18513 -0.91216 7.62110
v 3.36101 -0.91216 7.40680
v 3.52248 -0.91216 7.18146
v 3.66888 -0.91216 6.94604
v 3.79956 -0.91216 6.70154
v 3.91398 -0.91216 6.44903
v 4.01162 -0.91216 6.18957
v 4.09211 -0.91216 5.92429
v 4.15505 -0.91216 5.65430
v 4.20022 -0.91216 5.38078
v 4.22738 -0.91216 5.10489
v 4.23646 -0.91216 4.82781
v 4.22738 -0.91216 4.55073
v 4.20022 -0.91216 4.27484
v 4.15505 -0.91216 4.00132
v 4.09211 -0.91216 3.73133
v 4.01162 -0.91216 3.46605
v 3.91398 -0.91216 3.20658
v 3.79956 -0.91216 2.95407
v 3.66888 -0.91216 2.70958
v 3.52248 -0.91216 2.47416
v 3.36101 -0.91216 2.24881
v 3.18514 -0.91216 2.03452
v 2.99563 -0.91216 1.83218
v 2.79329 -0.91216 1.64267
v 2.57900 -0.91216 1.46680
v 2.35365 -0.91216 1.30533
v 2.11823 -0.91216 1.15892
v 1.87374 -0.91216 1.02825
v 1.62123 -0.91216 0.91383
v 1.36176 -0.91216 0.81618
v 1.09648 -0.91216 0.73570
v 0.82649 -0.91216 0.67276
v 0.55297 -0.91216 0.62759
v 0.27708 -0.91216 0.60043
v -0.00000 -0.91216 0.59209
v 0.55297 -0.84652 9.02803
v 0.27708 -0.84652 9.05519
v 1.09648 -0.84652 8.91992
v 0.82649 -0.84652 8.98286
v 1.62122 -0.84652 8.74179
v 1.36176 -0.84652 8.83943
v 2.11823 -0.84652 8.49669
v 1.87373 -0.84652 8.62737
v 2.57899 -0.84652 8.18882
v 2.35365 -0.84652 8.35029
v 2.99563 -0.84652 7.82344
v 2.79329 -0.84652 8.01294
v 3.36101 -0.84652 7.40680
v 3.18513 -0.84652 7.62110
v 3.66888 -0.84652 6.94604
v 3.52248 -0.84652 7.18146
v 3.91398 -0.84652 6.44903
v 3.79956 -0.84652 6.70154
v 4.09211 -0.84652 5.92429
v 4.01162 -0.84652 6.18957
v 4.20022 -0.84652 5.38078
v 4.15505 -0.84652 5.65430
v 4.23646 -0.84652 4.82781
v 4.22738 -0.84652 5.10489
v 4.20022 -0.84652 4.27484
v 4.22738 -0.84652 4.55073
v 4.09211 -0.84652 3.73133
v 4.15505 -0.84652 4.00132
v 3.91398 -0.84652 3.20658
v 4.01162 -0.84652 3.46605
v 3.66888 -0.84652 2.70958
v 3.79956 -0.84652 2.95407
v 3.36101 -0.84652 2.24881
v 3.52248 -0.84652 2.47416
v 2.99563 -0.84652 1.83218
v 3.18514 -0.84652 2.03452
v 2.57900 -0.84652 1.46680
v 2.79329 -0.84652 1.64267
v 2.11823 -0.84652 1.15892
v 2.35365 -0.84652 1.30533
v 1.62123 -0.84652 0.91383
v 1.87374 -0.84652 1.02825
v 1.09648 -0.84652 0.73570
v 1.36176 -0.84652 0.81618
v 0.55297 -0.84652 0.62759
v 0.82649 -0.84652 0.67276
v -0.00000 -0.84652 0.59209
v 0.27708 -0.84652 0.60043
v 1.25729 -0.75636 9.59597
v 0.94060 -0.75636 9.72360
v 0.69831 -0.77123 9.81540
v 1.86224 -0.75636 9.37292
v 1.56421 -0.75636 9.48508
v 2.43313 -0.75636 9.09139
v 2.15229 -0.75636 9.24149
v 2.96240 -0.75636 8.73774
v 2.70355 -0.75636 8.92322
v 3.44224 -0.75635 8.32055
v 3.20855 -0.75636 8.53572
v 3.87180 -0.75632 7.86054
v 3.66370 -0.75634 8.09566
v 4.24563 -0.75625 7.36157
v 4.06540 -0.75629 7.61471
v 4.56455 -0.75612 6.83806
v 4.41361 -0.75619 7.10453
v 4.80321 -0.75602 6.26568
v 4.69362 -0.75607 6.55661
v 4.97461 -0.75588 5.67624
v 4.89572 -0.75596 5.97072
v 5.09987 -0.75561 5.10360
v 5.04334 -0.75576 5.38673
v 5.14211 -0.75544 4.82826
v 0.69988 1.06528 10.67345
v 0.35069 1.06528 10.70783
v 1.38779 1.06528 10.53662
v 1.04607 1.06528 10.61628
v 2.05195 1.06528 10.31116
v 1.72355 1.06528 10.43475
v 4.25396 1.06528 8.62150
v 4.03135 1.06528 8.89273
v 4.64362 1.06528 8.03832
v 4.45833 1.06528 8.33628
v 4.95384 1.06528 7.40927
v 4.80902 1.06528 7.72887
v 5.17929 1.06528 6.74511
v 5.07743 1.06528 7.08088
v 5.31613 1.06528 6.05721
v 5.25896 1.06528 6.40340
v 5.36200 1.06528 5.35733
v 5.35051 1.06528 5.70802
v 5.31613 1.06528 4.65744
v 5.35051 1.06528 5.00664
v 5.17929 1.06528 3.96954
v 5.25896 1.06528 4.31125
v 4.95384 1.06528 3.30538
v 5.07743 1.06528 3.63377
v 4.64363 1.06528 2.67633
v 4.80902 1.06528 2.98578
v 4.25396 1.06528 2.09315
v 4.45833 1.06528 2.37837
v 3.79151 1.06528 1.56582
v 4.03136 1.06528 1.82192
v 3.26418 1.06528 1.10337
v 3.53540 1.06528 1.32597
v 2.68100 1.06528 0.71370
v 2.97896 1.06528 0.89900
v 2.04661 1.06521 0.40347
v 2.37155 1.06528 0.54831
v 1.35306 1.06481 0.17844
v 1.70220 1.06501 0.27983
v 0.67838 1.06475 0.04493
v 1.01394 1.06475 0.10034
v 0.33992 1.06475 0.01161
v 0.61461 -0.81583 9.81881
v 0.60931 -0.88715 9.76989
v 0.29960 -1.21408 9.51717
v 0.48862 -1.21357 9.54689
v 0.00000 -1.16931 9.51629
v 0.20098 -1.13510 9.51818
v 0.26602 -1.11622 9.61735
v 0.26580 -1.11678 9.51879
v 0.19833 -1.11622 9.61851
v 0.48478 -1.21304 9.64369
v 0.29990 -1.21334 9.64882
v 0.59692 -1.15984 9.73341
v 0.29369 -1.15928 9.74889
v 0.21639 -1.15922 9.74975
v 1.16854 -1.16255 9.18852
v 0.88081 -1.16255 9.25560
v 0.60850 -1.16217 9.32554
v 1.72777 -1.16255 8.99868
v 1.45126 -1.16255 9.10274
v 2.25745 -1.16255 8.73748
v 1.99688 -1.16255 8.87674
v 2.74849 -1.16255 8.40937
v 2.50833 -1.16255 8.58145
v 3.19272 -1.16255 8.02040
v 2.97687 -1.16255 8.22194
v 3.58368 -1.16254 7.57934
v 3.39531 -1.16255 7.80601
v 3.91453 -1.16253 7.09233
v 3.75687 -1.16254 7.34094
v 4.18100 -1.16252 6.56929
v 4.05628 -1.16252 6.83505
v 4.37594 -1.16250 6.01470
v 4.28756 -1.16251 6.29526
v 4.49847 -1.16248 5.44103
v 4.44613 -1.16249 5.72938
v 4.55040 -1.16244 4.86134
v 4.53331 -1.16246 5.15141
v 4.53090 -1.16237 4.28366
v 4.54947 -1.16241 4.57165
v 4.43751 -1.16230 3.71474
v 4.49507 -1.16233 3.99869
v 4.24778 -1.16228 3.14826
v 4.35375 -1.16228 3.42985
v 3.98178 -1.16228 2.60887
v 4.12360 -1.16228 2.87422
v 3.64765 -1.16228 2.10881
v 3.82289 -1.16228 2.35338
v 3.25111 -1.16228 1.65664
v 3.45677 -1.16228 1.87624
v 2.79894 -1.16228 1.26010
v 3.03151 -1.16228 1.45098
v 2.29888 -1.16228 0.92597
v 2.55438 -1.16228 1.08486
v 1.75814 -1.16230 0.65997
v 2.03353 -1.16228 0.78415
v 1.18125 -1.16240 0.46675
v 1.47253 -1.16235 0.55398
v 0.59472 -1.16242 0.35026
v 0.88889 -1.16242 0.39884
v 0.29800 -1.16242 0.32105
v 0.58898 -1.16103 9.58204
v 0.56124 -1.21266 9.69541
v 0.29229 -1.21293 9.70602
v 0.19570 -1.21291 9.70687
v 0.55489 -1.21340 9.54785
v 0.35069 2.61404 10.70783
v 0.00000 2.61404 10.73081
v 0.00000 3.77714 10.67171
v 0.34683 3.77714 10.64897
v 0.69988 2.61404 10.67345
v 0.69218 3.77714 10.61497
v 1.04607 2.61404 10.61628
v 1.03456 3.77714 10.55843
v 1.38779 2.61404 10.53662
v 1.37252 3.77714 10.47965
v 1.72355 2.61404 10.43475
v 1.70459 3.77714 10.37890
v 2.05195 2.61404 10.31116
v 2.02938 3.77714 10.25667
v 2.37154 2.61404 10.16634
v 2.34546 3.77714 10.11345
v 2.68100 2.61404 10.00095
v 2.65151 3.77714 9.94987
v 2.97896 2.61404 9.81565
v 2.94619 3.77714 9.76661
v 3.26418 2.61404 9.61128
v 3.22827 3.77714 9.56449
v 3.53540 2.61404 9.38868
v 3.49651 3.77714 9.34433
v 3.79150 2.61404 9.14883
v 3.74980 3.77714 9.10712
v 4.03135 2.61404 8.89273
v 3.98701 3.77714 8.85384
v 4.25396 2.61404 8.62150
v 4.20716 3.77714 8.58560
v 4.45833 2.61404 8.33628
v 4.40928 3.77714 8.30352
v 4.64363 2.61404 8.03832
v 4.59255 3.77714 8.00884
v 4.80902 2.61404 7.72887
v 4.75612 3.77714 7.70279
v 4.95384 2.61404 7.40927
v 4.89935 3.77714 7.38670
v 5.07743 2.61404 7.08088
v 5.02157 3.77714 7.06192
v 5.17929 2.61404 6.74511
v 5.12232 3.77714 6.72985
v 5.25896 2.61404 6.40340
v 5.20111 3.77714 6.39189
v 5.31613 2.61404 6.05721
v 5.25765 3.77714 6.04951
v 5.35051 2.61404 5.70802
v 5.29165 3.77714 5.70416
v 5.36200 2.61404 5.35733
v 5.30302 3.77714 5.35733
v 5.35051 2.61404 5.00664
v 5.29165 3.77714 5.01050
v 5.31613 2.61404 4.65744
v 5.25765 3.77714 4.66515
v 5.25896 2.61404 4.31125
v 5.20111 3.77714 4.32276
v 5.17929 2.61404 3.96954
v 5.12232 3.77714 3.98481
v 5.07743 2.61404 3.63377
v 5.02157 3.77714 3.65273
v 4.95384 2.61404 3.30538
v 4.89935 3.77714 3.32795
v 4.80902 2.61404 2.98578
v 4.75612 3.77714 3.01187
v 4.64363 2.61404 2.67633
v 4.59255 3.77714 2.70582
v 4.45833 2.61404 2.37837
v 4.40929 3.77714 2.41114
v 4.25396 2.61404 2.09315
v 4.20717 3.77714 2.12906
v 4.03136 2.61404 1.82192
v 3.98701 3.77714 1.86082
v 3.79151 2.61404 1.56582
v 3.74980 3.77714 1.60753
v 3.53540 2.61404 1.32597
v 3.49652 3.77714 1.37032
v 3.26418 2.61404 1.10337
v 3.22827 3.77714 1.15016
v 2.97896 2.61404 0.89900
v 2.94619 3.77714 0.94804
v 2.68100 2.61404 0.71370
v 2.65151 3.77714 0.76478
v 2.37155 2.61404 0.54831
v 2.34546 3.77714 0.60121
v 2.04969 2.61402 0.40348
v 2.02714 3.77712 0.45797
v 1.71452 2.61393 0.27987
v 1.69566 3.77703 0.33573
v 1.37310 2.61385 0.17821
v 1.35800 3.77695 0.23518
v 1.03248 2.61382 0.09920
v 1.02113 3.77692 0.15704
v 0.69079 2.61382 0.04278
v 0.68319 3.77692 0.10124
v 0.34613 2.61382 0.00884
v 0.34233 3.77692 0.06768
v -0.00000 2.61382 -0.00402
v 0.00000 3.77692 0.05496
v 0.19718 -1.21333 9.65057
v 0.16583 -1.21540 9.30600
v 0.28761 -1.11682 9.51243
v 0.28790 -1.11610 9.63881
v 0.15919 -1.11808 9.30970
v 0.03559 -1.12038 9.12829
v 0.19776 -1.11609 9.64035
v 3.88641 1.49919 9.04749
v 3.77166 1.09034 9.16741
v 3.47761 0.79988 9.43611
v 3.07957 0.68871 9.74356
v 2.68100 0.80210 10.00095
v 2.37154 1.10469 10.16634
v 2.27989 1.49919 10.20787
v 2.37154 1.90436 10.16634
v 2.68100 2.19841 10.00095
v 3.08315 2.30599 9.74099
v 3.48478 2.19124 9.43022
v 3.77166 1.90077 9.16741
v 3.77166 1.09034 9.06354
v 3.88641 1.49919 8.94361
v 3.47761 0.79988 9.33223
v 3.07957 0.68871 9.63969
v 2.68100 0.80210 9.89708
v 2.37154 1.10469 10.06247
v 2.27989 1.49919 10.10400
v 2.37154 1.90436 10.06247
v 2.68100 2.19841 9.89708
v 3.08315 2.30599 9.63712
v 3.48478 2.19124 9.32635
v 3.77166 1.90077 9.06354
v 3.77166 1.09034 8.07193
v 3.88641 1.49919 7.95200
v 3.47761 0.79988 8.34062
v 3.07957 0.68871 8.64808
v 2.68100 0.80210 8.90547
v 2.37154 1.10469 9.07086
v 2.27989 1.49919 9.11239
v 2.37154 1.90436 9.07086
v 2.68100 2.19841 8.90547
v 3.08315 2.30599 8.64551
v 3.48478 2.19124 8.33474
v 3.77166 1.90077 8.07193
v 0.02928 -1.15360 9.10564
v 0.27992 -1.15360 9.09862
v 0.55865 -1.15360 9.07117
v 0.83498 -1.15360 9.02554
v 1.10774 -1.15360 8.96195
v 1.37575 -1.15360 8.88064
v 1.63788 -1.15360 8.78199
v 1.89298 -1.15360 8.66640
v 2.13999 -1.15360 8.53438
v 2.37782 -1.15360 8.38647
v 2.60549 -1.15360 8.22335
v 2.82198 -1.15360 8.04566
v 3.02640 -1.15360 7.85421
v 3.21785 -1.15360 7.64979
v 3.39554 -1.15360 7.43330
v 3.55866 -1.15360 7.20563
v 3.70657 -1.15360 6.96780
v 3.83859 -1.15360 6.72079
v 3.95419 -1.15360 6.46569
v 4.05283 -1.15360 6.20356
v 4.13414 -1.15360 5.93555
v 4.19773 -1.15360 5.66279
v 4.24336 -1.15360 5.38646
v 4.27081 -1.15360 5.10773
v 4.27998 -1.15360 4.82781
v 4.27081 -1.15360 4.54789
v 4.24336 -1.15360 4.26916
v 4.19773 -1.15360 3.99283
v 4.13414 -1.15360 3.72007
v 4.05283 -1.15360 3.45206
v 3.95419 -1.15360 3.18993
v 3.83859 -1.15360 2.93483
v 3.70657 -1.15360 2.68782
v 3.55867 -1.15360 2.44998
v 3.39554 -1.15360 2.22232
v 3.21785 -1.15360 2.00583
v 3.02641 -1.15360 1.80141
v 2.82198 -1.15360 1.60996
v 2.60549 -1.15360 1.43227
v 2.37783 -1.15360 1.26914
v 2.13999 -1.15360 1.12124
v 1.89298 -1.15360 0.98922
v 1.63788 -1.15360 0.87362
v 1.37575 -1.15360 0.77497
v 1.10774 -1.15360 0.69366
v 0.83498 -1.15360 0.63007
v 0.55865 -1.15360 0.58444
v 0.27992 -1.15360 0.55700
v -0.00000 -1.15360 0.54848
v -0.27992 -1.15360 0.55700
v -0.55865 -1.15360 0.58444
v -0.83498 -1.15360 0.63007
v -1.10774 -1.15360 0.69366
v -1.37575 -1.15360 0.77497
v -1.63788 -1.15360 0.87362
v -1.89298 -1.15360 0.98922
v -2.13999 -1.15360 1.12124
v -2.37783 -1.15360 1.26914
v -2.60549 -1.15360 1.43227
v -2.82198 -1.15360 1.60996
v -3.02641 -1.15360 1.80141
v -3.21785 -1.15360 2.00583
v -3.39554 -1.15360 2.22232
v -3.55867 -1.15360 2.44998
v -3.70657 -1.15360 2.68782
v -3.83859 -1.15360 2.93483
v -3.95419 -1.15360 3.18993
v -4.05283 -1.15360 3.45206
v -4.13415 -1.15360 3.72007
v -4.19773 -1.15360 3.99283
v -4.24337 -1.15360 4.26916
v -4.27081 -1.15360 4.54789
v -4.27998 -1.15360 4.82781
v -4.27081 -1.15360 5.10773
v -4.24336 -1.15360 5.38646
v -4.19773 -1.15360 5.66279
v -4.13414 -1.15360 5.93555
v -4.05283 -1.15360 6.20356
v -3.95419 -1.15360 6.46569
v -3.83859 -1.15360 6.72079
v -3.70657 -1.15360 6.96780
v -3.55867 -1.15360 7.20563
v -3.39554 -1.15360 7.43330
v -3.21785 -1.15360 7.64979
v -3.02640 -1.15360 7.85421
v -2.82198 -1.15360 8.04566
v -2.60549 -1.15360 8.22335
v -2.37782 -1.15360 8.38647
v -2.13999 -1.15360 8.53438
v -1.89298 -1.15360 8.66640
v -1.63788 -1.15360 8.78200
v -1.37575 -1.15360 8.88064
v -1.10774 -1.15360 8.96195
v -0.83498 -1.15360 9.02554
v -0.55865 -1.15360 9.07117
v -0.27992 -1.15360 9.09862
v -0.02928 -1.15360 9.10564
v 0.00000 -1.15261 9.10629
v -0.05251 3.77712 6.38207
v -0.00000 3.77712 6.38552
v 0.05251 3.77712 6.38207
v 0.13382 3.77712 6.37407
v 0.20002 3.77712 6.36314
v 0.26536 3.77712 6.34790
v 0.32956 3.77712 6.32843
v 0.39235 3.77712 6.30479
v 0.45346 3.77712 6.27710
v 0.51263 3.77712 6.24548
v 0.56961 3.77712 6.21005
v 0.62414 3.77712 6.17097
v 0.67600 3.77712 6.12841
v 0.72497 3.77712 6.08254
v 0.77084 3.77712 6.03357
v 0.81340 3.77712 5.98172
v 0.85248 3.77712 5.92718
v 0.88791 3.77712 5.87021
v 0.91953 3.77712 5.81103
v 0.94722 3.77713 5.74993
v 0.97085 3.77713 5.68713
v 0.99033 3.77713 5.62293
v 1.00556 3.77713 5.55759
v 1.01650 3.77713 5.49140
v 1.02307 3.77713 5.42463
v 1.02527 3.77713 5.35757
v 1.02307 3.77713 5.29052
v 1.01650 3.77713 5.22375
v 1.00556 3.77713 5.15755
v 0.99033 3.77713 5.09221
v 0.97085 3.77713 5.02801
v 0.94722 3.77713 4.96522
v 0.91953 3.77713 4.90411
v 0.88791 3.77713 4.84494
v 0.85248 3.77713 4.78797
v 0.81340 3.77713 4.73343
v 0.77084 3.77713 4.68157
v 0.72497 3.77713 4.63260
v 0.67600 3.77713 4.58674
v 0.62414 3.77713 4.54417
v 0.56961 3.77713 4.50510
v 0.51263 3.77713 4.46967
v 0.45450 3.77713 4.43859
v 0.39534 3.77713 4.41198
v 0.33132 3.77710 4.38837
v 0.26283 3.77707 4.36797
v 0.19565 3.77706 4.35239
v 0.13057 3.77706 4.34164
v 0.05088 3.77706 4.33380
v -0.00000 3.77706 4.33046
v -0.05088 3.77706 4.33380
v -0.13057 3.77706 4.34164
v -0.19565 3.77706 4.35239
v -0.26283 3.77707 4.36797
v -0.33132 3.77710 4.38837
v -0.39534 3.77713 4.41198
v -0.45450 3.77713 4.43859
v -0.51263 3.77713 4.46967
v -0.56961 3.77713 4.50510
v -0.62414 3.77713 4.54417
v -0.67600 3.77713 4.58674
v -0.72497 3.77713 4.63260
v -0.77084 3.77713 4.68157
v -0.81340 3.77713 4.73343
v -0.85248 3.77713 4.78797
v -0.88791 3.77713 4.84494
v -0.91953 3.77713 4.90411
v -0.94722 3.77713 4.96522
v -0.97085 3.77713 5.02801
v -0.99033 3.77713 5.09221
v -1.00556 3.77713 5.15755
v -1.01650 3.77713 5.22375
v -1.02307 3.77713 5.29052
v -1.02527 3.77713 5.35757
v -1.02307 3.77713 5.42463
v -1.01650 3.77713 5.49140
v -1.00556 3.77713 5.55759
v -0.99033 3.77713 5.62293
v -0.97085 3.77713 5.68713
v -0.94722 3.77713 5.74993
v -0.91953 3.77712 5.81103
v -0.88791 3.77712 5.87021
v -0.85248 3.77712 5.92718
v -0.81340 3.77712 5.98172
v -0.77084 3.77712 6.03357
v -0.72497 3.77712 6.08254
v -0.67600 3.77712 6.12841
v -0.62414 3.77712 6.17097
v -0.56961 3.77712 6.21005
v -0.51263 3.77712 6.24548
v -0.45346 3.77712 6.27710
v -0.39235 3.77712 6.30479
v -0.32956 3.77712 6.32843
v -0.26536 3.77712 6.34790
v -0.20002 3.77712 6.36314
v -0.13382 3.77712 6.37407
v 2.68100 3.64906 10.00095
v 2.97896 3.64906 9.81565
v 3.26418 3.64906 9.61128
v 3.53540 3.64906 9.38868
v 3.79150 3.64906 9.14883
v 4.03135 3.64906 8.89273
v 4.25396 3.64906 8.62150
v 4.45833 3.64906 8.33628
v 4.64362 3.64906 8.03832
v 4.80902 3.64906 7.72887
v 4.95384 3.64906 7.40927
v 5.07743 3.64906 7.08088
v 5.17929 3.64906 6.74511
v 5.25896 3.64906 6.40340
v 5.31612 3.64906 6.05721
v 5.35050 3.64906 5.70802
v 5.36200 3.64906 5.35733
v 5.35050 3.64906 5.00664
v 5.31612 3.64906 4.65744
v 5.25896 3.64906 4.31125
v 5.17929 3.64906 3.96954
v 5.07743 3.64906 3.63377
v 4.95384 3.64906 3.30538
v 4.80902 3.64906 2.98578
v 4.64363 3.64906 2.67633
v 4.45833 3.64906 2.37837
v 4.25396 3.64906 2.09315
v 4.03136 3.64906 1.82192
v 3.79151 3.64906 1.56582
v 3.53540 3.64906 1.32597
v 3.26418 3.64906 1.10337
v 2.97896 3.64906 0.89900
v 2.68100 3.64906 0.71370
v 2.37155 3.64906 0.54831
v 2.04969 3.64903 0.40348
v 1.71452 3.64895 0.27987
v 1.37310 3.64887 0.17821
v 1.03248 3.64884 0.09920
v 0.69079 3.64884 0.04278
v 0.34613 3.64884 0.00884
v 0.00000 3.64884 -0.00402
v -0.34613 3.64884 0.00884
v -0.69079 3.64884 0.04278
v -1.03248 3.64884 0.09920
v -1.37310 3.64887 0.17821
v -1.71452 3.64895 0.27987
v -2.04969 3.64903 0.40348
v -2.37155 3.64906 0.54831
v -2.68100 3.64906 0.71370
v -2.97896 3.64906 0.89900
v -3.26418 3.64906 1.10337
v -3.53540 3.64906 1.32597
v -3.79151 3.64906 1.56582
v -4.03136 3.64906 1.82192
v -4.25396 3.64906 2.09315
v -4.45833 3.64906 2.37837
v -4.64363 3.64906 2.67633
v -4.80902 3.64906 2.98578
v -4.95384 3.64906 3.30538
v -5.07743 3.64906 3.63377
v -5.17929 3.64906 3.96954
v -5.25896 3.64906 4.31125
v -5.31613 3.64906 4.65744
v -5.35051 3.64906 5.00664
v -5.36200 3.64906 5.35733
v -5.35051 3.64906 5.70802
v -5.31612 3.64906 6.05721
v -5.25896 3.64906 6.40340
v -5.17929 3.64906 6.74511
v -5.07743 3.64906 7.08088
v -4.95384 3.64906 7.40927
v -4.80902 3.64906 7.72887
v -4.64362 3.64906 8.03832
v -4.45833 3.64906 8.33628
v -4.25396 3.64906 8.62150
v -4.03135 3.64906 8.89273
v -3.79150 3.64906 9.14883
v -3.53540 3.64906 9.38868
v -3.26418 3.64906 9.61128
v -2.97896 3.64906 9.81565
v -2.68100 3.64906 10.00095
v -2.37154 3.64906 10.16634
v -2.05195 3.64906 10.31116
v -1.72355 3.64906 10.43475
v -1.38779 3.64906 10.53662
v -1.04607 3.64906 10.61628
v -0.69988 3.64906 10.67345
v -0.35069 3.64906 10.70783
v 0.00000 3.64906 10.73081
v 0.35069 3.64906 10.70783
v 0.69988 3.64906 10.67345
v 1.04607 3.64906 10.61628
v 1.38779 3.64906 10.53662
v 1.72355 3.64906 10.43475
v 2.05195 3.64906 10.31116
v 2.37154 3.64906 10.16634
v 3.56517 3.77714 8.92251
v 3.32435 3.77714 9.14804
v 3.06932 3.77714 9.35736
v 2.80113 3.77714 9.54953
v 2.52095 3.77714 9.72376
v 2.22997 3.77714 9.87928
v 1.92945 3.77714 10.01546
v 1.62066 3.77714 10.13167
v 1.30494 3.77714 10.22745
v 0.98362 3.77714 10.30236
v 0.65810 3.77714 10.35612
v 0.32836 3.77714 10.38858
v 0.00000 3.77714 10.41010
v -0.32836 3.77714 10.38858
v -0.65810 3.77714 10.35612
v -0.98362 3.77714 10.30236
v -1.30494 3.77714 10.22745
v -1.62066 3.77714 10.13167
v -1.92945 3.77714 10.01546
v -2.22997 3.77714 9.87928
v -2.52095 3.77714 9.72376
v -2.80113 3.77714 9.54953
v -3.06932 3.77714 9.35736
v -3.32435 3.77714 9.14804
v -3.56517 3.77714 8.92251
v -3.79070 3.77714 8.68170
v -4.00002 3.77714 8.42666
v -4.19218 3.77714 8.15847
v -4.36642 3.77714 7.87830
v -4.52194 3.77714 7.58732
v -4.65812 3.77714 7.28680
v -4.77432 3.77714 6.97801
v -4.87011 3.77714 6.66228
v -4.94502 3.77714 6.34097
v -4.99878 3.77714 6.01544
v -5.03110 3.77714 5.68710
v -5.04191 3.77714 5.35734
v -5.03110 3.77714 5.02759
v -4.99878 3.77714 4.69924
v -4.94502 3.77714 4.37372
v -4.87011 3.77714 4.05240
v -4.77433 3.77714 3.73668
v -4.65812 3.77714 3.42789
v -4.52194 3.77714 3.12737
v -4.36642 3.77714 2.83639
v -4.19219 3.77714 2.55621
v -4.00002 3.77714 2.28802
v -3.79070 3.77714 2.03299
v -3.56517 3.77714 1.79217
v -3.32436 3.77714 1.56664
v -3.06932 3.77714 1.35733
v -2.80113 3.77714 1.16516
v -2.52096 3.77714 0.99092
v -2.23008 3.77714 0.83545
v -1.92766 3.77712 0.69937
v -1.61251 3.77704 0.58315
v -1.29116 3.77696 0.48746
v -0.97068 3.77693 0.41313
v -0.64941 3.77693 0.36007
v -0.32400 3.77693 0.32804
v 0.00000 3.77693 0.31586
v 0.32400 3.77693 0.32804
v 0.64941 3.77693 0.36007
v 0.97068 3.77693 0.41313
v 1.29116 3.77696 0.48746
v 1.61251 3.77704 0.58315
v 1.92766 3.77712 0.69937
v 2.23008 3.77714 0.83545
v 2.52096 3.77714 0.99092
v 2.80113 3.77714 1.16516
v 3.06932 3.77714 1.35733
v 3.32436 3.77714 1.56664
v 3.56517 3.77714 1.79217
v 3.79070 3.77714 2.03299
v 4.00002 3.77714 2.28802
v 4.19219 3.77714 2.55621
v 4.36642 3.77714 2.83639
v 4.52194 3.77714 3.12737
v 4.65812 3.77714 3.42789
v 4.77433 3.77714 3.73668
v 4.87011 3.77714 4.05240
v 4.94502 3.77714 4.37372
v 4.99878 3.77714 4.69924
v 5.03110 3.77714 5.02759
v 5.04191 3.77714 5.35734
v 5.03110 3.77714 5.68710
v 4.99878 3.77714 6.01544
v 4.94502 3.77714 6.34097
v 4.87011 3.77714 6.66228
v 4.77432 3.77714 6.97801
v 4.65812 3.77714 7.28680
v 4.52194 3.77714 7.58732
v 4.36642 3.77714 7.87830
v 4.19218 3.77714 8.15847
v 4.00002 3.77714 8.42666
v 3.79070 3.77714 8.68170
v 3.16129 3.77714 8.51866
v 2.94776 3.77714 8.71865
v 2.72161 3.77714 8.90425
v 2.48381 3.77714 9.07465
v 2.23537 3.77714 9.22915
v 1.97735 3.77714 9.36705
v 1.71088 3.77714 9.48780
v 1.43707 3.77714 9.59084
v 1.15711 3.77714 9.67578
v 0.87220 3.77714 9.74220
v 0.58355 3.77714 9.78987
v 0.28850 3.77714 9.81891
v -0.00000 3.77714 9.83782
v -0.28850 3.77714 9.81891
v -0.58355 3.77714 9.78987
v -0.87220 3.77714 9.74220
v -1.15711 3.77714 9.67578
v -1.43707 3.77714 9.59084
v -1.71088 3.77714 9.48780
v -1.97735 3.77714 9.36705
v -2.23537 3.77714 9.22915
v -2.48381 3.77714 9.07465
v -2.72161 3.77714 8.90425
v -2.94776 3.77714 8.71865
v -3.16129 3.77714 8.51866
v -3.36127 3.77714 8.30513
v -3.54688 3.77714 8.07899
v -3.71728 3.77714 7.84118
v -3.87178 3.77714 7.59274
v -4.00968 3.77714 7.33473
v -4.13043 3.77714 7.06825
v -4.23347 3.77714 6.79444
v -4.31841 3.77714 6.51449
v -4.38483 3.77714 6.22957
v -4.43249 3.77714 5.94092
v -4.46116 3.77714 5.64977
v -4.47074 3.77714 5.35737
v -4.46116 3.77714 5.06497
v -4.43250 3.77714 4.77382
v -4.38483 3.77714 4.48518
v -4.31841 3.77714 4.20026
v -4.23347 3.77714 3.92030
v -4.13043 3.77714 3.64649
v -4.00968 3.77714 3.38002
v -3.87178 3.77714 3.12200
v -3.71728 3.77714 2.87357
v -3.54688 3.77714 2.63576
v -3.36128 3.77714 2.40961
v -3.16129 3.77714 2.19608
v -2.94776 3.77714 1.99610
v -2.72162 3.77714 1.81049
v -2.48381 3.77714 1.64009
v -2.23537 3.77714 1.48560
v -1.97763 3.77714 1.34784
v -1.70991 3.77712 1.22737
v -1.43047 3.77704 1.12432
v -1.14494 3.77697 1.03930
v -0.86039 3.77695 0.97330
v -0.57556 3.77695 0.92626
v -0.28450 3.77695 0.89761
v -0.00000 3.77695 0.88665
v 0.28450 3.77695 0.89761
v 0.57556 3.77695 0.92626
v 0.86039 3.77695 0.97330
v 1.14494 3.77697 1.03930
v 1.43047 3.77704 1.12432
v 1.70991 3.77712 1.22737
v 1.97763 3.77714 1.34784
v 2.23537 3.77714 1.48560
v 2.48381 3.77714 1.64009
v 2.72162 3.77714 1.81049
v 2.94776 3.77714 1.99610
v 3.16129 3.77714 2.19608
v 3.36128 3.77714 2.40961
v 3.54688 3.77714 2.63576
v 3.71728 3.77714 2.87357
v 3.87178 3.77714 3.12200
v 4.00968 3.77714 3.38002
v 4.13043 3.77714 3.64649
v 4.23347 3.77714 3.92030
v 4.31841 3.77714 4.20026
v 4.38483 3.77714 4.48518
v 4.43249 3.77714 4.77382
v 4.46116 3.77714 5.06497
v 4.47074 3.77714 5.35737
v 4.46116 3.77714 5.64977
v 4.43249 3.77714 5.94092
v 4.38483 3.77714 6.22957
v 4.31841 3.77714 6.51449
v 4.23347 3.77714 6.79444
v 4.13043 3.77714 7.06825
v 4.00968 3.77714 7.33473
v 3.87178 3.77714 7.59274
v 3.71728 3.77714 7.84118
v 3.54688 3.77714 8.07899
v 3.36127 3.77714 8.30513
v 3.36323 3.92156 8.72059
v 3.13606 3.92156 8.93334
v 2.89547 3.92156 9.13080
v 2.64247 3.92156 9.31209
v 2.37816 3.92156 9.47645
v 2.10366 3.92156 9.62317
v 1.82017 3.92156 9.75163
v 1.52887 3.92156 9.86125
v 1.23103 3.92156 9.95161
v 0.92791 3.92156 10.02228
v 0.62082 3.92156 10.07299
v 0.30843 3.92156 10.10375
v -0.00000 3.92156 10.12396
v -0.30843 3.92156 10.10375
v -0.62082 3.92156 10.07299
v -0.92791 3.92156 10.02228
v -1.23103 3.92156 9.95161
v -1.52887 3.92156 9.86125
v -1.82017 3.92156 9.75163
v -2.10366 3.92156 9.62317
v -2.37816 3.92156 9.47645
v -2.64247 3.92156 9.31209
v -2.89547 3.92156 9.13080
v -3.13606 3.92156 8.93334
v -3.36323 3.92156 8.72059
v -3.57599 3.92156 8.49341
v -3.77345 3.92156 8.25282
v -3.95473 3.92156 7.99982
v -4.11910 3.92156 7.73552
v -4.26581 3.92156 7.46102
v -4.39427 3.92156 7.17752
v -4.50390 3.92156 6.88622
v -4.59426 3.92156 6.58838
v -4.66492 3.92156 6.28527
v -4.71563 3.92156 5.97818
v -4.74613 3.92156 5.66844
v -4.75633 3.92156 5.35736
v -4.74613 3.92156 5.04628
v -4.71564 3.92156 4.73653
v -4.66492 3.92156 4.42945
v -4.59426 3.92156 4.12633
v -4.50390 3.92156 3.82849
v -4.39427 3.92156 3.53719
v -4.26581 3.92156 3.25369
v -4.11910 3.92156 2.97919
v -3.95473 3.92156 2.71489
v -3.77345 3.92156 2.46189
v -3.57599 3.92156 2.22130
v -3.36323 3.92156 1.99413
v -3.13606 3.92156 1.78137
v -2.89547 3.92156 1.58391
v -2.64247 3.92156 1.40263
v -2.37816 3.92156 1.23826
v -2.10385 3.92156 1.09165
v -1.81879 3.92153 0.96337
v -1.52149 3.92146 0.85373
v -1.21805 3.92138 0.76338
v -0.91554 3.92135 0.69321
v -0.61248 3.92135 0.64317
v -0.30425 3.92135 0.61282
v -0.00000 3.92135 0.60125
v 0.30425 3.92135 0.61282
v 0.61248 3.92135 0.64317
v 0.91554 3.92135 0.69321
v 1.21805 3.92138 0.76338
v 1.52149 3.92146 0.85373
v 1.81879 3.92153 0.96337
v 2.10385 3.92156 1.09165
v 2.37816 3.92156 1.23826
v 2.64247 3.92156 1.40263
v 2.89547 3.92156 1.58391
v 3.13606 3.92156 1.78137
v 3.36323 3.92156 1.99413
v 3.57599 3.92156 2.22130
v 3.77345 3.92156 2.46189
v 3.95473 3.92156 2.71489
v 4.11910 3.92156 2.97919
v 4.26581 3.92156 3.25369
v 4.39427 3.92156 3.53719
v 4.50390 3.92156 3.82849
v 4.59426 3.92156 4.12633
v 4.66492 3.92156 4.42945
v 4.71563 3.92156 4.73653
v 4.74613 3.92156 5.04628
v 4.75633 3.92156 5.35736
v 4.74613 3.92156 5.66844
v 4.71563 3.92156 5.97818
v 4.66492 3.92156 6.28527
v 4.59426 3.92156 6.58838
v 4.50390 3.92156 6.88622
v 4.39427 3.92156 7.17752
v 4.26581 3.92156 7.46102
v 4.11910 3.92156 7.73552
v 3.95473 3.92156 7.99982
v 3.77345 3.92156 8.25282
v 3.57599 3.92156 8.49341
v 2.58693 3.77714 9.83803
v 2.28834 3.77714 9.99762
v 1.97995 3.77714 10.13736
v 1.66308 3.77714 10.25661
v 1.33909 3.77714 10.35490
v 1.00937 3.77714 10.43177
v 0.67532 3.77714 10.48693
v 0.33756 3.77714 10.52019
v 0.00000 3.77714 10.54231
v -0.33756 3.77714 10.52019
v -0.67532 3.77714 10.48693
v -1.00937 3.77714 10.43177
v -1.33909 3.77714 10.35490
v -1.66308 3.77714 10.25661
v -1.97995 3.77714 10.13736
v -2.28834 3.77714 9.99762
v -2.58693 3.77714 9.83803
v -2.87444 3.77714 9.65923
v -3.14965 3.77714 9.46204
v -3.41136 3.77714 9.24724
v -3.65847 3.77714 9.01581
v -3.88991 3.77714 8.76869
v -4.10470 3.77714 8.50698
v -4.30190 3.77714 8.23177
v -4.48070 3.77714 7.94427
v -4.64029 3.77714 7.64567
v -4.78003 3.77714 7.33729
v -4.89928 3.77714 7.02042
v -4.99757 3.77714 6.69643
v -5.07444 3.77714 6.36670
v -5.12960 3.77714 6.03266
v -5.16278 3.77714 5.69572
v -5.17386 3.77714 5.35734
v -5.16278 3.77714 5.01895
v -5.12960 3.77714 4.68201
v -5.07444 3.77714 4.34797
v -4.99757 3.77714 4.01824
v -4.89928 3.77714 3.69426
v -4.78003 3.77714 3.37738
v -4.64029 3.77714 3.06900
v -4.48070 3.77714 2.77040
v -4.30190 3.77714 2.48290
v -4.10470 3.77714 2.20769
v -3.88991 3.77714 1.94598
v -3.65848 3.77714 1.69886
v -3.41136 3.77714 1.46743
v -3.14965 3.77714 1.25263
v -2.87444 3.77714 1.05543
v -2.58693 3.77714 0.87664
v -2.28840 3.77714 0.71708
v -1.97797 3.77712 0.57739
v -1.65456 3.77703 0.45812
v -1.32494 3.77695 0.35997
v -0.99616 3.77693 0.28371
v -0.66647 3.77693 0.22927
v -0.33312 3.77693 0.19645
v 0.00000 3.77693 0.18399
v 0.33312 3.77693 0.19645
v 0.66647 3.77693 0.22927
v 0.99616 3.77693 0.28371
v 1.32494 3.77695 0.35997
v 1.65456 3.77703 0.45812
v 1.97797 3.77712 0.57739
v 2.28840 3.77714 0.71708
v 2.58693 3.77714 0.87664
v 2.87444 3.77714 1.05543
v 3.14965 3.77714 1.25263
v 3.41136 3.77714 1.46743
v 3.65848 3.77714 1.69886
v 3.88991 3.77714 1.94598
v 4.10470 3.77714 2.20769
v 4.30190 3.77714 2.48290
v 4.48070 3.77714 2.77040
v 4.64029 3.77714 3.06900
v 4.78003 3.77714 3.37738
v 4.89928 3.77714 3.69426
v 4.99757 3.77714 4.01824
v 5.07444 3.77714 4.34797
v 5.12960 3.77714 4.68201
v 5.16278 3.77714 5.01895
v 5.17386 3.77714 5.35734
v 5.16278 3.77714 5.69572
v 5.12960 3.77714 6.03266
v 5.07444 3.77714 6.36670
v 4.99757 3.77714 6.69643
v 4.89928 3.77714 7.02042
v 4.78003 3.77714 7.33729
v 4.64029 3.77714 7.64567
v 4.48070 3.77714 7.94427
v 4.30190 3.77714 8.23177
v 4.10470 3.77714 8.50698
v 3.88991 3.77714 8.76869
v 3.65847 3.77714 9.01581
v 3.41136 3.77714 9.24724
v 3.14965 3.77714 9.46204
v 2.87444 3.77714 9.65923
v 2.86347 3.77714 8.62254
v 2.64379 3.77714 8.80284
v 2.41278 3.77714 8.96836
v 2.17145 3.77714 9.11844
v 1.92081 3.77714 9.25240
v 1.66196 3.77714 9.36970
v 1.39598 3.77714 9.46980
v 1.12403 3.77714 9.55230
v 0.84726 3.77714 9.61682
v 0.56686 3.77714 9.66313
v 0.27958 3.77714 9.69141
v -0.00000 3.77714 9.70974
v -0.27958 3.77714 9.69141
v -0.56686 3.77714 9.66313
v -0.84726 3.77714 9.61682
v -1.12403 3.77714 9.55230
v -1.39598 3.77714 9.46980
v -1.66196 3.77714 9.36970
v -1.92081 3.77714 9.25240
v -2.17145 3.77714 9.11844
v -2.41278 3.77714 8.96836
v -2.64379 3.77714 8.80284
v -2.86347 3.77714 8.62254
v -3.07090 3.77714 8.42828
v -3.26516 3.77714 8.22085
v -3.44546 3.77714 8.00117
v -3.61099 3.77714 7.77016
v -3.76107 3.77714 7.52883
v -3.89503 3.77714 7.27819
v -4.01232 3.77714 7.01934
v -4.11242 3.77714 6.75336
v -4.19492 3.77714 6.48141
v -4.25945 3.77714 6.20464
v -4.30575 3.77714 5.92424
v -4.33360 3.77714 5.64142
v -4.34291 3.77714 5.35738
v -4.33360 3.77714 5.07334
v -4.30575 3.77714 4.79052
v -4.25945 3.77714 4.51012
v -4.19493 3.77714 4.23335
v -4.11242 3.77714 3.96140
v -4.01232 3.77714 3.69542
v -3.89503 3.77714 3.43657
v -3.76107 3.77714 3.18593
v -3.61099 3.77714 2.94460
v -3.44546 3.77714 2.71359
v -3.26516 3.77714 2.49391
v -3.07090 3.77714 2.28648
v -2.86347 3.77714 2.09222
v -2.64380 3.77714 1.91192
v -2.41279 3.77714 1.74639
v -2.17145 3.77714 1.59631
v -1.92113 3.77714 1.46252
v -1.66118 3.77712 1.34555
v -1.38973 3.77705 1.24544
v -1.11222 3.77697 1.16281
v -0.83571 3.77695 1.09867
v -0.55903 3.77695 1.05299
v -0.27566 3.77695 1.02509
v -0.00000 3.77695 1.01440
v 0.27566 3.77695 1.02509
v 0.55903 3.77695 1.05299
v 0.83571 3.77695 1.09867
v 1.11222 3.77697 1.16281
v 1.38973 3.77705 1.24544
v 1.66118 3.77712 1.34555
v 1.92113 3.77714 1.46252
v 2.17145 3.77714 1.59631
v 2.41279 3.77714 1.74639
v 2.64380 3.77714 1.91192
v 2.86347 3.77714 2.09222
v 3.07090 3.77714 2.28648
v 3.26516 3.77714 2.49391
v 3.44546 3.77714 2.71359
v 3.61099 3.77714 2.94460
v 3.76107 3.77714 3.18593
v 3.89503 3.77714 3.43657
v 4.01232 3.77714 3.69542
v 4.11242 3.77714 3.96140
v 4.19492 3.77714 4.23335
v 4.25945 3.77714 4.51012
v 4.30575 3.77714 4.79052
v 4.33360 3.77714 5.07334
v 4.34291 3.77714 5.35738
v 4.33360 3.77714 5.64142
v 4.30575 3.77714 5.92424
v 4.25945 3.77714 6.20464
v 4.19492 3.77714 6.48141
v 4.11242 3.77714 6.75336
v 4.01232 3.77714 7.01934
v 3.89502 3.77714 7.27819
v 3.76106 3.77714 7.52883
v 3.61098 3.77714 7.77016
v 3.44546 3.77714 8.00117
v 3.26516 3.77714 8.22085
v 3.07090 3.77714 8.42828
v 2.97896 3.31838 9.81565
v 3.26418 3.31838 9.61128
v 3.53540 3.31838 9.38868
v 3.79150 3.31838 9.14883
v 4.03135 3.31838 8.89273
v 4.25396 3.31838 8.62150
v 4.45833 3.31838 8.33628
v 4.64362 3.31838 8.03832
v 4.80902 3.31838 7.72887
v 4.95384 3.31838 7.40927
v 5.07743 3.31838 7.08088
v 5.17929 3.31838 6.74511
v 5.25896 3.31838 6.40340
v 5.31612 3.31838 6.05721
v 5.35050 3.31838 5.70802
v 5.36200 3.31838 5.35733
v 5.35050 3.31838 5.00664
v 5.31612 3.31838 4.65744
v 5.25896 3.31838 4.31125
v 5.17929 3.31838 3.96954
v 5.07743 3.31838 3.63377
v 4.95384 3.31838 3.30538
v 4.80902 3.31838 2.98578
v 4.64363 3.31838 2.67633
v 4.45833 3.31838 2.37837
v 4.25396 3.31838 2.09315
v 4.03136 3.31838 1.82192
v 3.79151 3.31838 1.56582
v 3.53540 3.31838 1.32597
v 3.26418 3.31838 1.10337
v 2.97896 3.31838 0.89900
v 2.68100 3.31838 0.71370
v 2.37155 3.31838 0.54831
v 2.04969 3.31835 0.40348
v 1.71452 3.31827 0.27987
v 1.37310 3.31818 0.17821
v 1.03248 3.31816 0.09920
v 0.69079 3.31816 0.04278
v 0.34613 3.31816 0.00884
v 0.00000 3.31816 -0.00402
v -0.34613 3.31816 0.00884
v -0.69079 3.31816 0.04278
v -1.03248 3.31816 0.09920
v -1.37310 3.31818 0.17821
v -1.71452 3.31827 0.27987
v -2.04969 3.31835 0.40348
v -2.37155 3.31838 0.54831
v -2.68100 3.31838 0.71370
v -2.97896 3.31838 0.89900
v -3.26418 3.31838 1.10337
v -3.53540 3.31838 1.32597
v -3.79151 3.31838 1.56582
v -4.03136 3.31838 1.82192
v -4.25396 3.31838 2.09315
v -4.45833 3.31838 2.37837
v -4.64363 3.31838 2.67633
v -4.80902 3.31838 2.98578
v -4.95384 3.31838 3.30538
v -5.07743 3.31838 3.63377
v -5.17929 3.31838 3.96954
v -5.25896 3.31838 4.31125
v -5.31613 3.31838 4.65744
v -5.35051 3.31838 5.00664
v -5.36200 3.31838 5.35733
v -5.35051 3.31838 5.70802
v -5.31612 3.31838 6.05721
v -5.25896 3.31838 6.40340
v -5.17929 3.31838 6.74511
v -5.07743 3.31838 7.08088
v -4.95384 3.31838 7.40927
v -4.80902 3.31838 7.72887
v -4.64362 3.31838 8.03832
v -4.45833 3.31838 8.33628
v -4.25396 3.31838 8.62150
v -4.03135 3.31838 8.89273
v -3.79150 3.31838 9.14883
v -3.53540 3.31838 9.38868
v -3.26418 3.31838 9.61128
v -2.97896 3.31838 9.81565
v -2.68100 3.31838 10.00095
v -2.37154 3.31838 10.16634
v -2.05195 3.31838 10.31116
v -1.72355 3.31838 10.43475
v -1.38779 3.31838 10.53662
v -1.04607 3.31838 10.61628
v -0.69988 3.31838 10.67345
v -0.35069 3.31838 10.70783
v 0.00000 3.31838 10.73081
v 0.35069 3.31838 10.70783
v 0.69988 3.31838 10.67345
v 1.04607 3.31838 10.61628
v 1.38779 3.31838 10.53662
v 1.72355 3.31838 10.43475
v 2.05195 3.31838 10.31116
v 2.37154 3.31838 10.16634
v 2.68100 3.31838 10.00095
v -1.83765 3.77713 4.45128
v -1.77445 3.77713 4.33303
v -1.70364 3.77713 4.21917
v -1.62555 3.77714 4.11019
v -1.54049 3.77714 4.00654
v -1.44883 3.77714 3.90868
v -1.35097 3.77714 3.81703
v -1.24733 3.77714 3.73196
v -1.13834 3.77714 3.65387
v -1.02448 3.77714 3.58306
v -0.90704 3.77714 3.52030
v -0.78593 3.77712 3.46580
v -0.65791 3.77708 3.41858
v -0.52491 3.77704 3.37898
v -0.39315 3.77702 3.34842
v -0.26278 3.77702 3.32689
v -0.12024 3.77702 3.31286
v -0.00000 3.77702 3.30726
v 0.12024 3.77702 3.31286
v 0.26278 3.77702 3.32689
v 0.39315 3.77702 3.34842
v 0.52492 3.77704 3.37898
v 0.65791 3.77708 3.41858
v 0.78593 3.77712 3.46580
v 0.90704 3.77714 3.52030
v 1.02448 3.77714 3.58306
v 1.13834 3.77714 3.65387
v 1.24733 3.77714 3.73196
v 1.35097 3.77714 3.81703
v 1.44883 3.77714 3.90868
v 1.54049 3.77714 4.00654
v 1.62555 3.77714 4.11019
v 1.70364 3.77713 4.21917
v 1.77445 3.77713 4.33303
v 1.83765 3.77713 4.45128
v 1.89299 3.77713 4.57341
v 1.94022 3.77713 4.69890
v 1.97914 3.77713 4.82720
v 2.00958 3.77713 4.95778
v 2.03143 3.77713 5.09007
v 2.04457 3.77713 5.22350
v 2.04896 3.77713 5.35751
v 2.04457 3.77713 5.49152
v 2.03143 3.77713 5.62496
v 2.00958 3.77713 5.75724
v 1.97914 3.77713 5.88782
v 1.94022 3.77713 6.01613
v 1.89299 3.77713 6.14162
v 1.83765 3.77713 6.26374
v 1.77445 3.77713 6.38199
v 1.70364 3.77713 6.49585
v 1.62555 3.77713 6.60484
v 1.54049 3.77713 6.70848
v 1.44883 3.77713 6.80634
v 1.35097 3.77713 6.89800
v 1.24733 3.77713 6.98306
v 1.13834 3.77713 7.06116
v 1.02448 3.77713 7.13196
v 0.90623 3.77713 7.19516
v 0.78410 3.77713 7.25050
v 0.65861 3.77713 7.29773
v 0.53031 3.77713 7.33665
v 0.39973 3.77713 7.36710
v 0.26744 3.77713 7.38894
v 0.12258 3.77713 7.40320
v -0.00000 3.77713 7.41124
v -0.12258 3.77713 7.40320
v -0.26744 3.77713 7.38894
v -0.39973 3.77713 7.36710
v -0.53031 3.77713 7.33665
v -0.65861 3.77713 7.29773
v -0.78410 3.77713 7.25050
v -0.90623 3.77713 7.19516
v -1.02448 3.77713 7.13196
v -1.13834 3.77713 7.06116
v -1.24733 3.77713 6.98306
v -1.35097 3.77713 6.89800
v -1.44883 3.77713 6.80634
v -1.54049 3.77713 6.70848
v -1.62555 3.77713 6.60484
v -1.70364 3.77713 6.49585
v -1.77445 3.77713 6.38199
v -1.83765 3.77713 6.26374
v -1.89299 3.77713 6.14162
v -1.94022 3.77713 6.01613
v -1.97914 3.77713 5.88782
v -2.00958 3.77713 5.75724
v -2.03143 3.77713 5.62496
v -2.04457 3.77713 5.49152
v -2.04896 3.77713 5.35751
v -2.04457 3.77713 5.22350
v -2.03143 3.77713 5.09007
v -2.00958 3.77713 4.95778
v -1.97914 3.77713 4.82720
v -1.94022 3.77713 4.69890
v -1.89299 3.77713 4.57341
v -1.27640 3.77713 5.18952
v -1.26267 3.77713 5.10640
v -1.24355 3.77713 5.02435
v -1.21909 3.77713 4.94373
v -1.18942 3.77713 4.86489
v -1.15464 3.77713 4.78815
v -1.11493 3.77713 4.71385
v -1.07044 3.77713 4.64231
v -1.02137 3.77713 4.57383
v -0.96793 3.77713 4.50871
v -0.91034 3.77713 4.44722
v -0.84885 3.77713 4.38963
v -0.78373 3.77713 4.33618
v -0.71525 3.77713 4.28712
v -0.64371 3.77714 4.24262
v -0.57038 3.77714 4.20343
v -0.49537 3.77712 4.16967
v -0.41496 3.77709 4.14001
v -0.32995 3.77706 4.11469
v -0.24623 3.77705 4.09527
v -0.16443 3.77705 4.08177
v -0.06864 3.77705 4.07237
v -0.00000 3.77705 4.06852
v 0.06864 3.77705 4.07237
v 0.16443 3.77705 4.08177
v 0.24623 3.77705 4.09527
v 0.32995 3.77706 4.11469
v 0.41496 3.77709 4.14001
v 0.49537 3.77712 4.16967
v 0.57038 3.77714 4.20343
v 0.64371 3.77714 4.24262
v 0.71525 3.77713 4.28712
v 0.78373 3.77713 4.33618
v 0.84885 3.77713 4.38963
v 0.91034 3.77713 4.44722
v 0.96793 3.77713 4.50871
v 1.02137 3.77713 4.57383
v 1.07044 3.77713 4.64231
v 1.11493 3.77713 4.71385
v 1.15464 3.77713 4.78815
v 1.18942 3.77713 4.86489
v 1.21909 3.77713 4.94373
v 1.24355 3.77713 5.02435
v 1.26267 3.77713 5.10640
v 1.27640 3.77713 5.18952
v 1.28466 3.77713 5.27336
v 1.28742 3.77713 5.35756
v 1.28466 3.77713 5.44176
v 1.27640 3.77713 5.52560
v 1.26268 3.77713 5.60872
v 1.24355 3.77713 5.69076
v 1.21909 3.77713 5.77138
v 1.18942 3.77713 5.85023
v 1.15465 3.77713 5.92697
v 1.11493 3.77713 6.00127
v 1.07045 3.77712 6.07281
v 1.02138 3.77712 6.14129
v 0.96793 3.77712 6.20641
v 0.91034 3.77712 6.26790
v 0.84885 3.77712 6.32549
v 0.78373 3.77712 6.37893
v 0.71525 3.77712 6.42800
v 0.64371 3.77712 6.47249
v 0.56941 3.77712 6.51220
v 0.49267 3.77712 6.54698
v 0.41383 3.77712 6.57665
v 0.33321 3.77712 6.60111
v 0.25116 3.77712 6.62023
v 0.16804 3.77712 6.63396
v 0.07045 3.77712 6.64354
v -0.00000 3.77712 6.64817
v -0.07045 3.77712 6.64354
v -0.16804 3.77712 6.63396
v -0.25116 3.77712 6.62023
v -0.33321 3.77712 6.60111
v -0.41383 3.77712 6.57665
v -0.49267 3.77712 6.54698
v -0.56941 3.77712 6.51220
v -0.64371 3.77712 6.47249
v -0.71525 3.77712 6.42800
v -0.78373 3.77712 6.37893
v -0.84885 3.77712 6.32549
v -0.91034 3.77712 6.26790
v -0.96793 3.77712 6.20641
v -1.02138 3.77712 6.14129
v -1.07044 3.77712 6.07281
v -1.11493 3.77713 6.00127
v -1.15465 3.77713 5.92697
v -1.18942 3.77713 5.85023
v -1.21909 3.77713 5.77138
v -1.24355 3.77713 5.69076
v -1.26268 3.77713 5.60872
v -1.27640 3.77713 5.52560
v -1.28466 3.77713 5.44176
v -1.28742 3.77713 5.35756
v -1.28466 3.77713 5.27336
v -1.49615 3.91575 4.61972
v -1.44469 3.91575 4.52344
v -1.38704 3.91575 4.43074
v -1.32346 3.91575 4.34201
v -1.25421 3.91575 4.25763
v -1.17959 3.91575 4.17795
v -1.09991 3.91575 4.10333
v -1.01553 3.91575 4.03407
v -0.92679 3.91575 3.97049
v -0.83409 3.91575 3.91284
v -0.73871 3.91575 3.86187
v -0.64065 3.91574 3.81773
v -0.53643 3.91570 3.77930
v -0.42743 3.91566 3.74683
v -0.31969 3.91565 3.72185
v -0.21360 3.91565 3.70433
v -0.09444 3.91565 3.69261
v -0.00000 3.91565 3.68789
v 0.09444 3.91565 3.69261
v 0.21360 3.91565 3.70433
v 0.31969 3.91565 3.72185
v 0.42743 3.91566 3.74683
v 0.53643 3.91570 3.77930
v 0.64065 3.91574 3.81773
v 0.73871 3.91575 3.86187
v 0.83409 3.91575 3.91284
v 0.92679 3.91575 3.97049
v 1.01553 3.91575 4.03407
v 1.09991 3.91575 4.10333
v 1.17959 3.91575 4.17795
v 1.25421 3.91575 4.25763
v 1.32346 3.91575 4.34201
v 1.38704 3.91575 4.43074
v 1.44469 3.91575 4.52344
v 1.49615 3.91575 4.61972
v 1.54120 3.91575 4.71915
v 1.57965 3.91575 4.82132
v 1.61135 3.91575 4.92578
v 1.63613 3.91574 5.03209
v 1.65392 3.91574 5.13979
v 1.66461 3.91574 5.24843
v 1.66819 3.91574 5.35754
v 1.66461 3.91574 5.46664
v 1.65392 3.91574 5.57528
v 1.63613 3.91574 5.68298
v 1.61135 3.91574 5.78929
v 1.57965 3.91574 5.89375
v 1.54120 3.91574 5.99592
v 1.49615 3.91574 6.09535
v 1.44469 3.91574 6.19163
v 1.38704 3.91574 6.28433
v 1.32346 3.91574 6.37306
v 1.25421 3.91574 6.45744
v 1.17959 3.91574 6.53712
v 1.09991 3.91574 6.61174
v 1.01553 3.91574 6.68100
v 0.92679 3.91574 6.74458
v 0.83409 3.91574 6.80223
v 0.73782 3.91574 6.85368
v 0.63839 3.91574 6.89874
v 0.53622 3.91574 6.93719
v 0.43176 3.91574 6.96888
v 0.32545 3.91574 6.99367
v 0.21774 3.91574 7.01145
v 0.09652 3.91574 7.02337
v -0.00000 3.91574 7.02970
v -0.09652 3.91574 7.02337
v -0.21774 3.91574 7.01145
v -0.32545 3.91574 6.99367
v -0.43176 3.91574 6.96888
v -0.53622 3.91574 6.93719
v -0.63839 3.91574 6.89874
v -0.73782 3.91574 6.85368
v -0.83409 3.91574 6.80223
v -0.92679 3.91574 6.74458
v -1.01553 3.91574 6.68100
v -1.09991 3.91574 6.61174
v -1.17959 3.91574 6.53712
v -1.25421 3.91574 6.45744
v -1.32346 3.91574 6.37306
v -1.38704 3.91574 6.28433
v -1.44469 3.91574 6.19163
v -1.49615 3.91574 6.09535
v -1.54120 3.91574 5.99592
v -1.57965 3.91574 5.89375
v -1.61135 3.91574 5.78929
v -1.63613 3.91574 5.68298
v -1.65392 3.91574 5.57528
v -1.66461 3.91574 5.46664
v -1.66819 3.91574 5.35754
v -1.66461 3.91574 5.24843
v -1.65392 3.91574 5.13979
v -1.63613 3.91574 5.03209
v -1.61135 3.91575 4.92578
v -1.57965 3.91575 4.82132
v -1.54120 3.91575 4.71915
v -1.14177 3.77713 5.58468
v -1.15418 3.77713 5.50952
v -1.16164 3.77713 5.43370
v -1.16414 3.77713 5.35756
v -1.16164 3.77713 5.28143
v -1.15418 3.77713 5.20561
v -1.14177 3.77713 5.13045
v -1.12447 3.77713 5.05626
v -1.10236 3.77713 4.98337
v -1.07552 3.77713 4.91207
v -1.04408 3.77713 4.84268
v -1.00817 3.77713 4.77549
v -0.96794 3.77713 4.71080
v -0.92357 3.77713 4.64888
v -0.87524 3.77713 4.59000
v -0.82317 3.77713 4.53439
v -0.76757 3.77713 4.48232
v -0.70868 3.77713 4.43399
v -0.64676 3.77713 4.38962
v -0.58207 3.77713 4.34939
v -0.51589 3.77714 4.31402
v -0.44833 3.77712 4.28362
v -0.37563 3.77709 4.25680
v -0.29839 3.77706 4.23379
v -0.22245 3.77705 4.21618
v -0.14851 3.77705 4.20397
v -0.06029 3.77705 4.19530
v -0.00000 3.77705 4.19170
v 0.06029 3.77705 4.19530
v 0.14851 3.77705 4.20397
v 0.22245 3.77705 4.21618
v 0.29838 3.77706 4.23379
v 0.37563 3.77709 4.25680
v 0.44833 3.77712 4.28362
v 0.51589 3.77714 4.31402
v 0.58207 3.77713 4.34939
v 0.64676 3.77713 4.38962
v 0.70868 3.77713 4.43399
v 0.76757 3.77713 4.48232
v 0.82317 3.77713 4.53439
v 0.87524 3.77713 4.59000
v 0.92357 3.77713 4.64888
v 0.96794 3.77713 4.71080
v 1.00817 3.77713 4.77549
v 1.04408 3.77713 4.84268
v 1.07553 3.77713 4.91207
v 1.10236 3.77713 4.98337
v 1.12447 3.77713 5.05626
v 1.14177 3.77713 5.13045
v 1.15418 3.77713 5.20561
v 1.16164 3.77713 5.28143
v 1.16414 3.77713 5.35756
v 1.16164 3.77713 5.43370
v 1.15418 3.77713 5.50952
v 1.14177 3.77713 5.58468
v 1.12447 3.77713 5.65887
v 1.10236 3.77713 5.73176
v 1.07553 3.77713 5.80306
v 1.04408 3.77713 5.87245
v 1.00817 3.77712 5.93963
v 0.96794 3.77712 6.00433
v 0.92357 3.77712 6.06625
v 0.87525 3.77712 6.12513
v 0.82317 3.77712 6.18074
v 0.76757 3.77712 6.23281
v 0.70868 3.77712 6.28114
v 0.64676 3.77712 6.32551
v 0.58207 3.77712 6.36574
v 0.51488 3.77712 6.40165
v 0.44550 3.77712 6.43309
v 0.37420 3.77712 6.45992
v 0.30130 3.77712 6.48204
v 0.22711 3.77712 6.49933
v 0.15195 3.77712 6.51175
v 0.06202 3.77712 6.52059
v -0.00000 3.77712 6.52465
v -0.06202 3.77712 6.52059
v -0.15195 3.77712 6.51175
v -0.22711 3.77712 6.49933
v -0.30130 3.77712 6.48204
v -0.37420 3.77712 6.45992
v -0.44550 3.77712 6.43309
v -0.51488 3.77712 6.40165
v -0.58207 3.77712 6.36574
v -0.64676 3.77712 6.32551
v -0.70868 3.77712 6.28114
v -0.76757 3.77712 6.23281
v -0.82317 3.77712 6.18074
v -0.87525 3.77712 6.12513
v -0.92357 3.77712 6.06625
v -0.96794 3.77712 6.00433
v -1.00817 3.77712 5.93963
v -1.04408 3.77713 5.87245
v -1.07553 3.77713 5.80306
v -1.10236 3.77713 5.73176
v -1.12447 3.77713 5.65887
v -1.88536 3.81247 5.86270
v -1.91436 3.81247 5.73831
v -1.93517 3.81247 5.61229
v -1.94768 3.81248 5.48518
v -1.95187 3.81248 5.35752
v -1.94768 3.81248 5.22986
v -1.93517 3.81248 5.10275
v -1.91436 3.81248 4.97673
v -1.88536 3.81248 4.85234
v -1.84828 3.81248 4.73011
v -1.80329 3.81248 4.61057
v -1.75057 3.81248 4.49423
v -1.69037 3.81248 4.38159
v -1.62292 3.81248 4.27312
v -1.54852 3.81248 4.16930
v -1.46749 3.81248 4.07057
v -1.38018 3.81248 3.97734
v -1.28695 3.81248 3.89003
v -1.18822 3.81248 3.80900
v -1.08440 3.81248 3.73460
v -0.97593 3.81248 3.66715
v -0.86412 3.81248 3.60739
v -0.74889 3.81247 3.55554
v -0.62693 3.81243 3.51056
v -0.50006 3.81238 3.47278
v -0.37442 3.81237 3.44364
v -0.25024 3.81237 3.42313
v -0.11366 3.81237 3.40969
v -0.00000 3.81237 3.40431
v 0.11366 3.81237 3.40969
v 0.25024 3.81237 3.42313
v 0.37442 3.81237 3.44364
v 0.50006 3.81238 3.47278
v 0.62693 3.81243 3.51056
v 0.74889 3.81247 3.55554
v 0.86412 3.81248 3.60739
v 0.97593 3.81248 3.66715
v 1.08440 3.81248 3.73460
v 1.18822 3.81248 3.80900
v 1.28695 3.81248 3.89003
v 1.38018 3.81248 3.97734
v 1.46749 3.81248 4.07057
v 1.54852 3.81248 4.16930
v 1.62292 3.81248 4.27312
v 1.69037 3.81248 4.38159
v 1.75057 3.81248 4.49423
v 1.80329 3.81248 4.61057
v 1.84828 3.81248 4.73011
v 1.88536 3.81248 4.85234
v 1.91436 3.81248 4.97673
v 1.93517 3.81248 5.10275
v 1.94768 3.81248 5.22986
v 1.95187 3.81248 5.35752
v 1.94768 3.81248 5.48518
v 1.93517 3.81247 5.61229
v 1.91436 3.81247 5.73831
v 1.88536 3.81247 5.86270
v 1.84828 3.81247 5.98492
v 1.80329 3.81247 6.10447
v 1.75057 3.81247 6.22081
v 1.69037 3.81247 6.33345
v 1.62291 3.81247 6.44192
v 1.54852 3.81247 6.54574
v 1.46749 3.81247 6.64447
v 1.38018 3.81247 6.73770
v 1.28695 3.81247 6.82501
v 1.18822 3.81247 6.90604
v 1.08440 3.81247 6.98043
v 0.97593 3.81247 7.04789
v 0.86329 3.81247 7.10809
v 0.74695 3.81247 7.16081
v 0.62741 3.81247 7.20580
v 0.50518 3.81247 7.24288
v 0.38079 3.81247 7.27188
v 0.25477 3.81247 7.29269
v 0.11593 3.81247 7.30635
v -0.00000 3.81247 7.31395
v -0.11593 3.81247 7.30635
v -0.25477 3.81247 7.29269
v -0.38079 3.81247 7.27188
v -0.50518 3.81247 7.24288
v -0.62741 3.81247 7.20580
v -0.74695 3.81247 7.16081
v -0.86329 3.81247 7.10809
v -0.97593 3.81247 7.04789
v -1.08440 3.81247 6.98043
v -1.18822 3.81247 6.90604
v -1.28695 3.81247 6.82501
v -1.38018 3.81247 6.73770
v -1.46749 3.81247 6.64447
v -1.54852 3.81247 6.54574
v -1.62291 3.81247 6.44192
v -1.69037 3.81247 6.33345
v -1.75057 3.81247 6.22081
v -1.80329 3.81247 6.10447
v -1.84828 3.81247 5.98492
v -2.05885 3.77713 4.65862
v -2.41702 3.77713 4.90183
v -2.83844 3.77714 4.98378
v -3.61868 3.77714 4.65975
v -3.85940 3.77714 4.30158
v -3.94189 3.77714 3.88062
v -3.85669 3.77714 3.45602
v -3.61907 3.77714 3.10267
v -3.26175 3.77714 2.86227
v -2.83894 3.77714 2.77790
v -2.41763 3.77714 2.86002
v -2.05954 3.77714 3.09861
v -1.81479 3.77714 3.45570
v -1.73053 3.77714 3.87698
v -1.82351 3.77713 4.30470
v -1.71338 3.77714 3.40375
v -1.58193 3.77714 3.29587
v -1.44371 3.77714 3.19683
v -1.29930 3.77714 3.10702
v -1.15002 3.77714 3.02724
v -0.99565 3.77712 2.95777
v -0.83326 3.77707 2.89789
v -0.66564 3.77702 2.84797
v -0.49919 3.77701 2.80937
v -0.33376 3.77701 2.78205
v -0.15748 3.77701 2.76469
v -0.00000 3.77701 2.75787
v 0.15748 3.77701 2.76469
v 0.33376 3.77701 2.78205
v 0.49919 3.77701 2.80937
v 0.66564 3.77702 2.84797
v 0.83326 3.77707 2.89789
v 0.99565 3.77712 2.95777
v 1.15002 3.77714 3.02724
v 1.29930 3.77714 3.10702
v 1.44371 3.77714 3.19683
v 1.58193 3.77714 3.29587
v 1.71338 3.77714 3.40375
v 1.83749 3.77714 3.51999
v 1.95373 3.77714 3.64411
v 2.06161 3.77714 3.77555
v 2.16066 3.77714 3.91378
v 2.25046 3.77714 4.05818
v 2.33061 3.77714 4.20815
v 2.40080 3.77714 4.36304
v 2.46069 3.77714 4.52219
v 2.51006 3.77713 4.68491
v 2.54867 3.77713 4.85052
v 2.57637 3.77713 5.01830
v 2.59303 3.77713 5.18752
v 2.59860 3.77713 5.35748
v 2.59303 3.77713 5.52744
v 2.57637 3.77713 5.69667
v 2.54867 3.77713 5.86444
v 2.51006 3.77713 6.03005
v 2.46069 3.77713 6.19277
v 2.40080 3.77713 6.35192
v 2.33061 3.77713 6.50681
v 2.25046 3.77713 6.65678
v 2.16065 3.77713 6.80118
v 2.06161 3.77713 6.93941
v 1.95373 3.77713 7.07085
v 1.83749 3.77713 7.19497
v 1.71337 3.77713 7.31121
v 1.58193 3.77713 7.41909
v 1.44370 3.77713 7.51813
v 1.29930 3.77713 7.60794
v 1.14933 3.77713 7.68809
v 0.99444 3.77713 7.75828
v 0.83529 3.77713 7.81817
v 0.67257 3.77713 7.86754
v 0.50696 3.77713 7.90615
v 0.33918 3.77713 7.93385
v 0.16020 3.77713 7.95147
v -0.00000 3.77713 7.96197
v -0.16020 3.77713 7.95147
v -0.33919 3.77713 7.93385
v -0.50696 3.77713 7.90615
v -0.67257 3.77713 7.86754
v -0.83529 3.77713 7.81817
v -0.99444 3.77713 7.75828
v -1.14933 3.77713 7.68809
v -1.29930 3.77713 7.60794
v -1.44370 3.77713 7.51813
v -1.58193 3.77713 7.41909
v -1.71337 3.77713 7.31121
v -1.83749 3.77713 7.19497
v -1.95373 3.77713 7.07085
v -2.06161 3.77713 6.93941
v -2.16065 3.77713 6.80118
v -2.25046 3.77713 6.65678
v -2.33061 3.77713 6.50681
v -2.40080 3.77713 6.35192
v -2.46069 3.77713 6.19277
v -2.51006 3.77713 6.03005
v -2.54867 3.77713 5.86444
v -2.57637 3.77713 5.69667
v -2.59303 3.77713 5.52744
v -2.65298 3.77713 5.35748
v -2.71263 3.77713 5.17968
v -2.00973 3.77714 3.06580
v -1.85555 3.77714 2.93926
v -1.69342 3.77714 2.82308
v -1.52404 3.77714 2.71775
v -1.34872 3.77714 2.62405
v -1.16714 3.77712 2.54234
v -0.97665 3.77707 2.47209
v -0.78071 3.77701 2.41374
v -0.58590 3.77699 2.36856
v -0.39181 3.77699 2.33651
v -0.18793 3.77699 2.31643
v -0.00000 3.77699 2.30862
v 0.18793 3.77699 2.31643
v 0.39181 3.77699 2.33651
v 0.58590 3.77699 2.36856
v 0.78071 3.77701 2.41374
v 0.97665 3.77707 2.47209
v 1.16714 3.77712 2.54234
v 1.34872 3.77714 2.62405
v 1.52404 3.77714 2.71775
v 1.69342 3.77714 2.82308
v 1.85555 3.77714 2.93926
v 2.00973 3.77714 3.06580
v 2.15531 3.77714 3.20214
v 2.29166 3.77714 3.34773
v 2.41820 3.77714 3.50191
v 2.53438 3.77714 3.66404
v 2.63971 3.77714 3.83342
v 2.73373 3.77714 4.00933
v 2.81605 3.77714 4.19101
v 2.88631 3.77714 4.37769
v 2.94421 3.77714 4.56856
v 2.98950 3.77714 4.76281
v 3.02200 3.77714 4.95960
v 3.04154 3.77714 5.15810
v 3.04807 3.77714 5.35745
v 3.04154 3.77713 5.55681
v 3.02200 3.77713 5.75531
v 2.98950 3.77713 5.95210
v 2.94421 3.77713 6.14635
v 2.88630 3.77713 6.33722
v 2.81605 3.77713 6.52390
v 2.73373 3.77713 6.70558
v 2.63971 3.77713 6.88149
v 2.53437 3.77713 7.05087
v 2.41820 3.77713 7.21300
v 2.29166 3.77713 7.36718
v 2.15531 3.77713 7.51277
v 2.00973 3.77713 7.64911
v 1.85555 3.77713 7.77565
v 1.69341 3.77713 7.89183
v 1.52404 3.77713 7.99716
v 1.34812 3.77713 8.09118
v 1.16645 3.77713 8.17351
v 0.97977 3.77713 8.24376
v 0.78890 3.77713 8.30166
v 0.59465 3.77713 8.34695
v 0.39785 3.77713 8.37945
v 0.19096 3.77713 8.39982
v -0.00000 3.77713 8.41233
v -0.19096 3.77713 8.39982
v -0.39785 3.77713 8.37945
v -0.59465 3.77713 8.34695
v -0.78890 3.77713 8.30166
v -0.97977 3.77713 8.24376
v -1.16645 3.77713 8.17351
v -1.34812 3.77713 8.09118
v -1.52404 3.77713 7.99716
v -1.69341 3.77713 7.89183
v -1.85555 3.77713 7.77565
v -2.00973 3.77713 7.64911
v -2.15531 3.77713 7.51277
v -2.29166 3.77713 7.36718
v -2.41820 3.77713 7.21300
v -2.53437 3.77713 7.05087
v -2.63971 3.77713 6.88149
v -2.73373 3.77713 6.70558
v -2.81605 3.77713 6.52390
v -2.88630 3.77713 6.33722
v -2.94421 3.77713 6.14635
v -2.98950 3.77713 5.95210
v -3.02200 3.77713 5.75531
v -3.04154 3.77713 5.55681
v -3.12502 3.77714 5.35745
v -3.21475 3.77714 5.14674
v -2.30322 3.77714 2.73111
v -2.12653 3.77714 2.58609
v -1.94072 3.77714 2.45294
v -1.74660 3.77714 2.33223
v -1.54550 3.77714 2.22475
v -1.33698 3.77712 2.13091
v -1.11866 3.77706 2.05040
v -0.89467 3.77700 1.98371
v -0.67178 3.77698 1.93201
v -0.44930 3.77698 1.89527
v -0.21809 3.77698 1.87250
v -0.00000 3.77698 1.86370
v 0.21809 3.77698 1.87250
v 0.44930 3.77698 1.89527
v 0.67178 3.77698 1.93201
v 0.89467 3.77700 1.98371
v 1.11866 3.77706 2.05040
v 1.33698 3.77712 2.13091
v 1.54550 3.77714 2.22475
v 1.74660 3.77714 2.33223
v 1.94072 3.77714 2.45294
v 2.12653 3.77714 2.58609
v 2.30322 3.77714 2.73111
v 2.47007 3.77714 2.88736
v 2.62632 3.77714 3.05421
v 2.77134 3.77714 3.23090
v 2.90448 3.77714 3.41672
v 3.02520 3.77714 3.61083
v 3.13295 3.77714 3.81243
v 3.22730 3.77714 4.02064
v 3.30781 3.77714 4.23458
v 3.37417 3.77714 4.45332
v 3.42607 3.77714 4.67594
v 3.46332 3.77714 4.90147
v 3.48571 3.77714 5.12896
v 3.49320 3.77714 5.35743
v 3.48571 3.77714 5.58589
v 3.46332 3.77714 5.81338
v 3.42607 3.77714 6.03892
v 3.37417 3.77714 6.26153
v 3.30781 3.77714 6.48028
v 3.22730 3.77714 6.69422
v 3.13295 3.77713 6.90243
v 3.02520 3.77713 7.10403
v 2.90448 3.77713 7.29814
v 2.77134 3.77713 7.48395
v 2.62632 3.77713 7.66065
v 2.47007 3.77713 7.82749
v 2.30322 3.77713 7.98375
v 2.12652 3.77713 8.12877
v 1.94071 3.77713 8.26191
v 1.74660 3.77713 8.38263
v 1.54500 3.77713 8.49038
v 1.33679 3.77713 8.58472
v 1.12285 3.77713 8.66524
v 0.90411 3.77713 8.73160
v 0.68149 3.77713 8.78350
v 0.45595 3.77713 8.82074
v 0.22143 3.77713 8.84383
v -0.00000 3.77713 8.85835
v -0.22143 3.77713 8.84383
v -0.45595 3.77713 8.82074
v -0.68149 3.77713 8.78350
v -0.90411 3.77713 8.73160
v -1.12285 3.77713 8.66524
v -1.33679 3.77713 8.58472
v -1.54500 3.77713 8.49038
v -1.74660 3.77713 8.38263
v -1.94071 3.77713 8.26191
v -2.12652 3.77713 8.12877
v -2.30322 3.77713 7.98375
v -2.47007 3.77713 7.82749
v -2.62632 3.77713 7.66065
v -2.77134 3.77713 7.48395
v -2.90448 3.77713 7.29814
v -3.02520 3.77713 7.10403
v -3.13295 3.77713 6.90243
v -3.22730 3.77714 6.69422
v -3.30781 3.77714 6.48028
v -3.37417 3.77714 6.26153
v -3.42607 3.77714 6.03892
v -3.46332 3.77714 5.81338
v -3.48571 3.77714 5.58589
v -3.53036 3.77714 5.35743
v -3.58515 3.77714 5.12244
v -3.26319 3.77714 4.89808
v -3.61420 3.77714 4.86542
v -2.05885 2.51240 4.65862
v -2.41702 2.51240 4.90183
v -2.83844 2.51241 4.98378
v -3.26320 2.51241 4.89808
v -3.61868 2.51241 4.65975
v -3.85940 2.51241 4.30158
v -3.94189 2.51241 3.88062
v -3.85669 2.51241 3.45602
v -3.61907 2.51241 3.10267
v -3.26175 2.51241 2.86227
v -2.83894 2.51241 2.77790
v -2.41763 2.51241 2.86002
v -2.05954 2.51241 3.09861
v -1.81479 2.51241 3.45570
v -1.73053 2.51241 3.87698
v -1.82352 2.51241 4.30470
v -1.79027 3.77714 3.44314
v -1.68795 3.77714 3.90601
v -1.79321 3.77713 4.32220
v -2.01833 3.77713 4.67238
v -2.35304 3.77713 4.91062
v -2.79073 3.77713 5.02339
v -3.29758 3.77714 4.93196
v -3.66455 3.77714 4.67560
v -3.90370 3.77714 4.31176
v -2.03266 3.77714 3.08090
v -2.42136 3.77714 2.81946
v -2.89108 3.77714 2.74377
v -3.29021 3.77714 2.84043
v -3.65991 3.77714 3.09522
v -3.87595 3.77714 3.44652
v -3.97207 3.77714 3.87055
v -3.26319 3.71569 4.89808
v -3.61868 3.71569 4.65975
v -3.85940 3.71569 4.30158
v -3.94189 3.71569 3.88062
v -3.85669 3.71569 3.45602
v -3.61907 3.71569 3.10267
v -3.26175 3.71569 2.86227
v -2.83894 3.71569 2.77790
v -2.41763 3.71569 2.86002
v -2.05954 3.71569 3.09861
v -1.81479 3.71569 3.45570
v -1.73053 3.71569 3.87698
v -1.82351 3.71569 4.30470
v -2.05885 3.71569 4.65862
v -2.41702 3.71569 4.90183
v -2.83844 3.71569 4.98378
v -0.00561 -0.91216 9.06270
v 0.00000 -0.84652 9.06286
v -0.00000 3.77712 6.36314
v -0.00000 3.77712 6.34790
v -0.00000 3.77712 6.32843
v -0.00000 3.77712 6.30479
v 0.00000 3.77712 6.27710
v -0.00000 3.77712 6.24548
v 0.00000 3.77712 6.21005
v 0.00000 3.77712 6.17097
v -0.00000 3.77712 6.12841
v 0.00000 3.77712 6.08254
v 0.00000 3.77712 6.03357
v 0.00000 3.77712 5.98172
v 0.00000 3.77712 5.92718
v 0.00000 3.77712 5.87021
v 0.00000 3.77712 5.81103
v 0.00000 3.77713 5.74993
v 0.00000 3.77713 5.68713
v 0.00000 3.77713 5.62293
v 0.00000 3.77713 5.55759
v 0.00000 3.77713 5.49140
v 0.00000 3.77713 5.42463
v 0.00000 3.77713 5.35757
v 0.00000 3.77713 5.29052
v 0.00000 3.77713 5.22375
v 0.00000 3.77713 5.15755
v 0.00000 3.77713 5.09221
v 0.00000 3.77713 5.02801
v 0.00000 3.77713 4.96522
v 0.00000 3.77713 4.90411
v 0.00000 3.77713 4.84494
v 0.00000 3.77713 4.78797
v 0.00000 3.77713 4.73343
v 0.00000 3.77713 4.68157
v 0.00000 3.77713 4.63260
v -0.00000 3.77713 4.58674
v 0.00000 3.77713 4.54417
v -0.00000 3.77713 4.50510
v 0.00000 3.77713 4.46967
v 0.00000 3.77713 4.43859
v -0.00000 3.77713 4.41198
v -0.00000 3.77710 4.38837
v -0.00000 3.77707 4.36797
v -0.00000 3.77706 4.35239
v 0.05250 3.77712 6.36314
v 0.05249 3.77712 6.34790
v 0.05247 3.77712 6.32843
v 0.05245 3.77712 6.30479
v 0.05243 3.77712 6.27710
v 0.05240 3.77712 6.24548
v 0.05238 3.77712 6.21005
v 0.05235 3.77712 6.17097
v 0.05231 3.77712 6.12841
v 0.05228 3.77712 6.08254
v 0.05224 3.77712 6.03357
v 0.05220 3.77712 5.98172
v 0.05215 3.77712 5.92718
v 0.05211 3.77712 5.87021
v 0.05206 3.77712 5.81103
v 0.05201 3.77713 5.74993
v 0.05196 3.77713 5.68713
v 0.05191 3.77713 5.62293
v 0.05186 3.77713 5.55759
v 0.05181 3.77713 5.49140
v 0.05175 3.77713 5.42463
v 0.05170 3.77713 5.35757
v 0.05165 3.77713 5.29052
v 0.05159 3.77713 5.22375
v 0.05154 3.77713 5.15755
v 0.05149 3.77713 5.09221
v 0.05144 3.77713 5.02801
v 0.05139 3.77713 4.96522
v 0.05134 3.77713 4.90411
v 0.05129 3.77713 4.84494
v 0.05125 3.77713 4.78797
v 0.05120 3.77713 4.73343
v 0.05116 3.77713 4.68157
v 0.05112 3.77713 4.63260
v 0.05109 3.77713 4.58674
v 0.05105 3.77713 4.54417
v 0.05102 3.77713 4.50510
v 0.05099 3.77713 4.46967
v 0.05097 3.77713 4.43859
v 0.05095 3.77713 4.41198
v 0.05093 3.77710 4.38837
v 0.05091 3.77707 4.36797
v 0.05090 3.77706 4.35239
v -0.05250 3.77712 6.36314
v -0.05249 3.77712 6.34790
v -0.05247 3.77712 6.32843
v -0.05245 3.77712 6.30479
v -0.05243 3.77712 6.27710
v -0.05241 3.77712 6.24548
v -0.05238 3.77712 6.21005
v -0.05235 3.77712 6.17097
v -0.05231 3.77712 6.12841
v -0.05228 3.77712 6.08254
v -0.05224 3.77712 6.03357
v -0.05220 3.77712 5.98172
v -0.05215 3.77712 5.92718
v -0.05211 3.77712 5.87021
v -0.05206 3.77712 5.81103
v -0.05201 3.77713 5.74993
v -0.05196 3.77713 5.68713
v -0.05191 3.77713 5.62293
v -0.05186 3.77713 5.55759
v -0.05181 3.77713 5.49140
v -0.05175 3.77713 5.42463
v -0.05170 3.77713 5.35757
v -0.05165 3.77713 5.29052
v -0.05159 3.77713 5.22375
v -0.05154 3.77713 5.15755
v -0.05149 3.77713 5.09221
v -0.05144 3.77713 5.02801
v -0.05139 3.77713 4.96522
v -0.05134 3.77713 4.90411
v -0.05129 3.77713 4.84494
v -0.05125 3.77713 4.78797
v -0.05120 3.77713 4.73343
v -0.05116 3.77713 4.68157
v -0.05112 3.77713 4.63260
v -0.05109 3.77713 4.58674
v -0.05105 3.77713 4.54417
v -0.05102 3.77713 4.50510
v -0.05099 3.77713 4.46967
v -0.05097 3.77713 4.43859
v -0.05095 3.77713 4.41198
v -0.05093 3.77710 4.38837
v -0.05091 3.77707 4.36797
v -0.05090 3.77706 4.35239
v -1.83085 3.77713 4.38074
v -0.16217 -1.16172 9.30804
v -0.29299 -1.16044 9.51456
v -0.29328 -1.15971 9.64330
v -0.19750 -1.15970 9.64493
v 0.00000 -1.15967 9.64830
v 0.19750 -1.15970 9.64493
v 0.29328 -1.15971 9.64330
v 0.29299 -1.16044 9.51456
v 0.16217 -1.16172 9.30804
v 0.03625 -1.16407 9.12323
v 0.00000 -1.16407 9.12426
v -0.03625 -1.16407 9.12323
# 3562 verticies
vt 0.88919 0.48941
vt 0.87727 0.48941
vt 0.87727 0.47925
vt 0.88920 0.47926
vt 0.88919 0.49959
vt 0.87726 0.49958
vt 0.88921 0.46911
vt 0.87727 0.46909
vt 0.87727 0.45894
vt 0.88922 0.45895
vt 0.88923 0.44881
vt 0.87725 0.44879
vt 0.87722 0.43864
vt 0.88926 0.43868
vt 0.88936 0.36697
vt 0.87728 0.36699
vt 0.87735 0.35686
vt 0.88936 0.35685
vt 0.88936 0.34671
vt 0.87738 0.34671
vt 0.87741 0.33656
vt 0.88936 0.33656
vt 0.88937 0.32640
vt 0.87742 0.32641
vt 0.87744 0.31625
vt 0.88937 0.31625
vt 0.88939 0.30609
vt 0.87746 0.30609
vt 0.87747 0.29593
vt 0.88940 0.29593
vt 0.88941 0.28578
vt 0.87749 0.28578
vt 0.87750 0.27562
vt 0.88943 0.27562
vt 0.88944 0.26547
vt 0.87752 0.26547
vt 0.87754 0.25531
vt 0.88946 0.25531
vt 0.88948 0.24516
vt 0.87756 0.24516
vt 0.87758 0.23500
vt 0.88950 0.23500
vt 0.88952 0.22485
vt 0.87760 0.22485
vt 0.87762 0.21469
vt 0.88955 0.21469
vt 0.88957 0.20454
vt 0.87765 0.20454
vt 0.87767 0.19439
vt 0.88959 0.19439
vt 0.88962 0.18424
vt 0.87769 0.18423
vt 0.87772 0.17408
vt 0.88964 0.17409
vt 0.88966 0.16394
vt 0.87774 0.16393
vt 0.87776 0.15377
vt 0.88968 0.15379
vt 0.88970 0.14365
vt 0.87778 0.14362
vt 0.87780 0.13347
vt 0.88972 0.13351
vt 0.88978 0.12337
vt 0.87785 0.12332
vt 0.87791 0.11317
vt 0.88984 0.11322
vt 0.88990 0.10308
vt 0.87798 0.10303
vt 0.87805 0.09288
vt 0.88997 0.09294
vt 0.89005 0.08281
vt 0.87813 0.08274
vt 0.87820 0.07250
vt 0.89013 0.07255
vt 0.89021 0.06206
vt 0.87829 0.06207
vt 0.87837 0.05168
vt 0.89030 0.05162
vt 0.89038 0.04155
vt 0.87845 0.04160
vt 0.87853 0.03168
vt 0.89045 0.03168
vt 0.89053 0.02180
vt 0.87860 0.02176
vt 0.87868 0.01184
vt 0.89060 0.01193
vt 0.19682 0.92286
vt 0.20694 0.92328
vt 0.20694 0.93009
vt 0.19634 0.92950
vt 0.18663 0.92143
vt 0.18577 0.92835
vt 0.18608 0.91210
vt 0.19741 0.91324
vt 0.20694 0.91344
vt 0.17617 0.91850
vt 0.17518 0.92649
vt 0.16579 0.91481
vt 0.16467 0.92393
vt 0.16682 0.90490
vt 0.17692 0.90939
vt 0.15585 0.91142
vt 0.15441 0.92086
vt 0.14628 0.90786
vt 0.14445 0.91719
vt 0.14817 0.89786
vt 0.15730 0.90131
vt 0.13702 0.90363
vt 0.13482 0.91282
vt 0.12810 0.89878
vt 0.12556 0.90780
vt 0.13077 0.88909
vt 0.13932 0.89378
vt 0.11955 0.89332
vt 0.11669 0.90216
vt 0.11141 0.88730
vt 0.10825 0.89594
vt 0.11474 0.87804
vt 0.12257 0.88384
vt 0.10370 0.88075
vt 0.10027 0.88917
vt 0.09644 0.87374
vt 0.09277 0.88190
vt 0.10033 0.86499
vt 0.10733 0.87173
vt 0.08965 0.86633
vt 0.08578 0.87417
vt 0.08334 0.85856
vt 0.07932 0.86602
vt 0.08759 0.85055
vt 0.09375 0.85793
vt 0.07753 0.85045
vt 0.07343 0.85748
vt 0.07222 0.84206
vt 0.06810 0.84861
vt 0.07661 0.83498
vt 0.08189 0.84287
vt 0.06740 0.83346
vt 0.06335 0.83945
vt 0.06315 0.82459
vt 0.05920 0.83001
vt 0.06739 0.81865
vt 0.07174 0.82695
vt 0.05954 0.81537
vt 0.05568 0.82031
vt 0.05653 0.80592
vt 0.05277 0.81041
vt 0.06057 0.80096
vt 0.06369 0.80994
vt 0.05410 0.79633
vt 0.05048 0.80036
vt 0.05220 0.78669
vt 0.04881 0.79019
vt 0.05582 0.78278
vt 0.05797 0.79187
vt 0.05081 0.77709
vt 0.04773 0.77999
vt 0.05013 0.76759
vt 0.04756 0.76977
vt 0.05282 0.76503
vt 0.05406 0.77381
vt 0.04980 0.75831
vt 0.04764 0.75961
vt 0.05030 0.74993
vt 0.04858 0.74973
vt 0.05162 0.75126
vt 0.05193 0.75659
vt 0.05149 0.74310
vt 0.05015 0.74025
vt 0.05350 0.73831
vt 0.05300 0.73004
vt 0.05430 0.74556
vt 0.05261 0.74791
vt 0.19783 0.91004
vt 0.20694 0.91011
vt 0.18836 0.90884
vt 0.18955 0.90641
vt 0.19817 0.90769
vt 0.20694 0.90775
vt 0.17626 0.89630
vt 0.18433 0.89816
vt 0.18148 0.90109
vt 0.17624 0.89883
vt 0.16756 0.89401
vt 0.16725 0.89624
vt 0.16825 0.89151
vt 0.17676 0.89379
vt 0.18460 0.89618
vt 0.15887 0.89125
vt 0.15837 0.89334
vt 0.15029 0.88792
vt 0.14965 0.88997
vt 0.15130 0.88553
vt 0.15972 0.88879
vt 0.14191 0.88402
vt 0.14114 0.88601
vt 0.13378 0.87954
vt 0.13290 0.88148
vt 0.13508 0.87732
vt 0.14306 0.88171
vt 0.12596 0.87452
vt 0.12498 0.87639
vt 0.11849 0.86897
vt 0.11741 0.87077
vt 0.12006 0.86693
vt 0.12740 0.87238
vt 0.11140 0.86293
vt 0.11023 0.86465
vt 0.10470 0.85649
vt 0.10344 0.85814
vt 0.10652 0.85467
vt 0.11310 0.86100
vt 0.09839 0.84976
vt 0.09704 0.85134
vt 0.09250 0.84270
vt 0.09105 0.84422
vt 0.09455 0.84106
vt 0.10033 0.84803
vt 0.08705 0.83530
vt 0.08552 0.83677
vt 0.08204 0.82766
vt 0.08041 0.82908
vt 0.08431 0.82619
vt 0.08922 0.83375
vt 0.07742 0.81989
vt 0.07569 0.82128
vt 0.07328 0.81189
vt 0.07144 0.81324
vt 0.07580 0.81052
vt 0.07982 0.81847
vt 0.06971 0.80354
vt 0.06779 0.80483
vt 0.06667 0.79496
vt 0.06467 0.79619
vt 0.06939 0.79377
vt 0.07234 0.80225
vt 0.06412 0.78629
vt 0.06206 0.78744
vt 0.06199 0.77764
vt 0.05984 0.77873
vt 0.06494 0.77657
vt 0.06695 0.78517
vt 0.06019 0.76912
vt 0.05795 0.77017
vt 0.05876 0.76071
vt 0.05642 0.76175
vt 0.06203 0.75965
vt 0.06329 0.76807
vt 0.05766 0.75237
vt 0.05520 0.75346
vt 0.05690 0.74414
vt 0.06065 0.74302
vt 0.06115 0.75129
vt 0.05641 0.73606
vt 0.05701 0.72763
vt 0.06127 0.72650
vt 0.06049 0.73490
vt 0.05925 0.71830
vt 0.05580 0.71866
vt 0.06267 0.70862
vt 0.05926 0.70873
vt 0.06690 0.70799
vt 0.06355 0.71737
vt 0.06674 0.69920
vt 0.06339 0.69906
vt 0.07143 0.69006
vt 0.06817 0.68968
vt 0.07545 0.69002
vt 0.07087 0.69886
vt 0.07673 0.68127
vt 0.07357 0.68065
vt 0.08261 0.67285
vt 0.07957 0.67200
vt 0.08634 0.67335
vt 0.08062 0.68150
vt 0.08905 0.66484
vt 0.08613 0.66377
vt 0.09601 0.65727
vt 0.09324 0.65599
vt 0.09937 0.65829
vt 0.09260 0.66560
vt 0.10346 0.65019
vt 0.10086 0.64871
vt 0.11136 0.64363
vt 0.10894 0.64195
vt 0.11429 0.64510
vt 0.10661 0.65145
vt 0.11969 0.63760
vt 0.11747 0.63574
vt 0.12841 0.63214
vt 0.12639 0.63012
vt 0.13083 0.63402
vt 0.12237 0.63929
vt 0.13747 0.62728
vt 0.13568 0.62511
vt 0.14704 0.62300
vt 0.14551 0.62069
vt 0.14887 0.62519
vt 0.13962 0.62933
vt 0.15733 0.61928
vt 0.15610 0.61684
vt 0.16773 0.61625
vt 0.16681 0.61371
vt 0.16875 0.61871
vt 0.15875 0.62162
vt 0.17764 0.61398
vt 0.17698 0.61138
vt 0.18734 0.61241
vt 0.18690 0.60976
vt 0.18783 0.61499
vt 0.17837 0.61652
vt 0.19712 0.61145
vt 0.19690 0.60878
vt 0.20694 0.61143
vt 0.20694 0.60877
vt 0.20694 0.61397
vt 0.19737 0.61407
vt 0.94962 0.48946
vt 0.93957 0.48945
vt 0.93959 0.47931
vt 0.94963 0.47933
vt 0.19603 0.93366
vt 0.18522 0.93255
vt 0.20694 0.93428
vt 0.94961 0.49961
vt 0.93957 0.49961
vt 0.94965 0.46919
vt 0.93960 0.46917
vt 0.93964 0.45902
vt 0.94968 0.45906
vt 0.17449 0.93087
vt 0.16387 0.92854
vt 0.94975 0.44893
vt 0.93970 0.44886
vt 0.93980 0.43869
vt 0.94985 0.43879
vt 0.15342 0.92552
vt 0.14324 0.92178
vt 0.95000 0.42861
vt 0.93995 0.42851
vt 0.94013 0.41829
vt 0.95017 0.41838
vt 0.13338 0.91733
vt 0.12389 0.91221
vt 0.95030 0.40808
vt 0.94027 0.40803
vt 0.94030 0.39776
vt 0.95033 0.39776
vt 0.11481 0.90647
vt 0.10617 0.90013
vt 0.95025 0.38745
vt 0.94023 0.38750
vt 0.94008 0.37725
vt 0.95010 0.37722
vt 0.09799 0.89324
vt 0.09031 0.88582
vt 0.95001 0.36705
vt 0.93996 0.36704
vt 0.93987 0.35687
vt 0.94993 0.35687
vt 0.08315 0.87793
vt 0.07654 0.86959
vt 0.94987 0.34671
vt 0.93981 0.34671
vt 0.93979 0.33656
vt 0.94984 0.33656
vt 0.07050 0.86085
vt 0.06504 0.85175
vt 0.94982 0.32640
vt 0.93977 0.32640
vt 0.93977 0.31625
vt 0.94981 0.31625
vt 0.06017 0.84232
vt 0.05592 0.83261
vt 0.94982 0.30609
vt 0.93977 0.30609
vt 0.93978 0.29593
vt 0.94982 0.29593
vt 0.05230 0.82266
vt 0.04930 0.81249
vt 0.94984 0.28578
vt 0.93979 0.28578
vt 0.93981 0.27562
vt 0.94985 0.27562
vt 0.04694 0.80216
vt 0.04521 0.79170
vt 0.94987 0.26547
vt 0.93982 0.26547
vt 0.93984 0.25531
vt 0.94988 0.25531
vt 0.04408 0.78111
vt 0.04395 0.77051
vt 0.94990 0.24516
vt 0.93986 0.24516
vt 0.93988 0.23500
vt 0.94992 0.23500
vt 0.04401 0.75990
vt 0.04503 0.74927
vt 0.94995 0.22485
vt 0.93990 0.22485
vt 0.93992 0.21470
vt 0.94997 0.21470
vt 0.04677 0.73876
vt 0.04897 0.72829
vt 0.94999 0.20454
vt 0.93995 0.20454
vt 0.93997 0.19439
vt 0.95001 0.19439
vt 0.05180 0.71790
vt 0.05533 0.70769
vt 0.95004 0.18425
vt 0.93999 0.18425
vt 0.94002 0.17410
vt 0.95006 0.17410
vt 0.05955 0.69774
vt 0.06443 0.68810
vt 0.95008 0.16396
vt 0.94004 0.16396
vt 0.94006 0.15383
vt 0.95010 0.15383
vt 0.06996 0.67881
vt 0.07611 0.66990
vt 0.95012 0.14371
vt 0.94008 0.14370
vt 0.94010 0.13359
vt 0.95013 0.13362
vt 0.08284 0.66143
vt 0.09013 0.65343
vt 0.95019 0.12354
vt 0.94015 0.12349
vt 0.94021 0.11339
vt 0.95025 0.11344
vt 0.09794 0.64593
vt 0.10624 0.63896
vt 0.95032 0.10334
vt 0.94028 0.10328
vt 0.94035 0.09317
vt 0.95039 0.09323
vt 0.11500 0.63257
vt 0.12417 0.62678
vt 0.95047 0.08312
vt 0.94042 0.08305
vt 0.94050 0.07273
vt 0.95055 0.07278
vt 0.13371 0.62161
vt 0.14383 0.61706
vt 0.95064 0.06196
vt 0.94059 0.06197
vt 0.94069 0.05130
vt 0.95073 0.05125
vt 0.15470 0.61309
vt 0.16568 0.60986
vt 0.95081 0.04125
vt 0.94077 0.04130
vt 0.94084 0.03163
vt 0.95089 0.03162
vt 0.17612 0.60747
vt 0.18633 0.60580
vt 0.19665 0.60479
vt 0.20694 0.60477
vt 0.95096 0.02199
vt 0.94092 0.02196
vt 0.95103 0.01236
vt 0.94099 0.01229
vt 0.20694 0.88421
vt 0.20293 0.88429
vt 0.20642 0.87951
vt 0.20694 0.87956
vt 0.19761 0.88417
vt 0.19136 0.88430
vt 0.18930 0.87800
vt 0.19774 0.87782
vt 0.18859 0.88453
vt 0.18016 0.88173
vt 0.18120 0.87703
vt 0.17198 0.87971
vt 0.17333 0.87513
vt 0.16401 0.87720
vt 0.16563 0.87271
vt 0.15623 0.87421
vt 0.15813 0.86982
vt 0.14868 0.87071
vt 0.15085 0.86645
vt 0.14138 0.86670
vt 0.14382 0.86260
vt 0.13437 0.86220
vt 0.13708 0.85827
vt 0.12768 0.85723
vt 0.13064 0.85348
vt 0.12133 0.85181
vt 0.12453 0.84826
vt 0.11533 0.84598
vt 0.11876 0.84264
vt 0.10972 0.83978
vt 0.11335 0.83666
vt 0.10449 0.83323
vt 0.10833 0.83033
vt 0.09968 0.82636
vt 0.10370 0.82369
vt 0.09531 0.81919
vt 0.09949 0.81677
vt 0.09138 0.81177
vt 0.09573 0.80958
vt 0.08792 0.80410
vt 0.09242 0.80217
vt 0.08496 0.79622
vt 0.08958 0.79455
vt 0.08249 0.78815
vt 0.08722 0.78676
vt 0.08053 0.77995
vt 0.08536 0.77883
vt 0.07908 0.77164
vt 0.08399 0.77079
vt 0.07815 0.76325
vt 0.08313 0.76268
vt 0.07774 0.75484
vt 0.08281 0.75453
vt 0.07782 0.74642
vt 0.08290 0.74638
vt 0.07850 0.73802
vt 0.08365 0.73827
vt 0.07974 0.72971
vt 0.08493 0.73023
vt 0.08156 0.72148
vt 0.08675 0.72229
vt 0.08397 0.71336
vt 0.08909 0.71449
vt 0.08695 0.70540
vt 0.09194 0.70687
vt 0.09045 0.69765
vt 0.09529 0.69945
vt 0.09446 0.69017
vt 0.09913 0.69229
vt 0.09897 0.68297
vt 0.10344 0.68540
vt 0.10395 0.67610
vt 0.10821 0.67882
vt 0.10937 0.66958
vt 0.11340 0.67258
vt 0.11522 0.66345
vt 0.11900 0.66671
vt 0.12146 0.65771
vt 0.12498 0.66122
vt 0.12806 0.65241
vt 0.13130 0.65614
vt 0.13500 0.64756
vt 0.13795 0.65149
vt 0.14223 0.64317
vt 0.14488 0.64729
vt 0.14973 0.63927
vt 0.15207 0.64354
vt 0.15747 0.63585
vt 0.15949 0.64027
vt 0.16544 0.63294
vt 0.16709 0.63747
vt 0.17356 0.63054
vt 0.17486 0.63517
vt 0.18179 0.62868
vt 0.18276 0.63338
vt 0.19011 0.62735
vt 0.19076 0.63211
vt 0.19851 0.62658
vt 0.19882 0.63135
vt 0.20694 0.62645
vt 0.20694 0.63129
vt 0.04174 0.54479
vt 0.04113 0.55159
vt 0.04097 0.55159
vt 0.03998 0.54486
vt 0.18954 0.87603
vt 0.19778 0.87593
vt 0.18157 0.87515
vt 0.17385 0.87329
vt 0.16627 0.87090
vt 0.15888 0.86806
vt 0.15171 0.86475
vt 0.14480 0.86095
vt 0.13816 0.85669
vt 0.13183 0.85198
vt 0.12581 0.84684
vt 0.12013 0.84131
vt 0.11481 0.83541
vt 0.10986 0.82918
vt 0.10530 0.82264
vt 0.10116 0.81582
vt 0.09745 0.80874
vt 0.09419 0.80144
vt 0.09139 0.79393
vt 0.08907 0.78626
vt 0.08723 0.77845
vt 0.08589 0.77053
vt 0.08505 0.76254
vt 0.08474 0.75451
vt 0.08480 0.74648
vt 0.08555 0.73851
vt 0.08681 0.73059
vt 0.08860 0.72278
vt 0.09090 0.71510
vt 0.09371 0.70760
vt 0.09700 0.70030
vt 0.10078 0.69325
vt 0.10503 0.68647
vt 0.10972 0.68000
vt 0.11483 0.67386
vt 0.12034 0.66807
vt 0.12623 0.66267
vt 0.13245 0.65767
vt 0.13899 0.65309
vt 0.14582 0.64895
vt 0.15290 0.64527
vt 0.16021 0.64204
vt 0.16770 0.63929
vt 0.17534 0.63702
vt 0.18312 0.63526
vt 0.19100 0.63401
vt 0.19893 0.63325
vt 0.20694 0.63325
vt 0.04868 0.55341
vt 0.04867 0.55159
vt 0.05639 0.55159
vt 0.05639 0.55341
vt 0.04098 0.55341
vt 0.06411 0.55342
vt 0.06411 0.55160
vt 0.07183 0.55160
vt 0.07182 0.55342
vt 0.07951 0.55343
vt 0.07955 0.55161
vt 0.08724 0.55184
vt 0.08718 0.55365
vt 0.09485 0.55402
vt 0.09495 0.55221
vt 0.10266 0.55268
vt 0.10254 0.55450
vt 0.11023 0.55505
vt 0.11036 0.55323
vt 0.11807 0.55384
vt 0.11792 0.55565
vt 0.12562 0.55630
vt 0.12578 0.55449
vt 0.13348 0.55518
vt 0.13331 0.55699
vt 0.14099 0.55774
vt 0.14117 0.55593
vt 0.14886 0.55673
vt 0.14867 0.55854
vt 0.15633 0.55940
vt 0.15654 0.55759
vt 0.16421 0.55852
vt 0.16399 0.56033
vt 0.17163 0.56132
vt 0.17187 0.55951
vt 0.17952 0.56057
vt 0.17927 0.56237
vt 0.18689 0.56349
vt 0.18716 0.56169
vt 0.19479 0.56287
vt 0.19450 0.56467
vt 0.20210 0.56591
vt 0.20240 0.56411
vt 0.21000 0.56542
vt 0.20968 0.56721
vt 0.21725 0.56857
vt 0.21758 0.56678
vt 0.22514 0.56822
vt 0.22480 0.57000
vt 0.23233 0.57150
vt 0.23269 0.56972
vt 0.24022 0.57129
vt 0.23984 0.57307
vt 0.24734 0.57470
vt 0.24773 0.57293
vt 0.25522 0.57464
vt 0.25481 0.57641
vt 0.26226 0.57818
vt 0.26270 0.57642
vt 0.27015 0.57827
vt 0.26970 0.58003
vt 0.27711 0.58196
vt 0.27757 0.58020
vt 0.28498 0.58219
vt 0.28450 0.58395
vt 0.29186 0.58602
vt 0.29236 0.58427
vt 0.29973 0.58641
vt 0.29921 0.58815
vt 0.30653 0.59036
vt 0.30707 0.58862
vt 0.31439 0.59090
vt 0.31383 0.59263
vt 0.32111 0.59498
vt 0.32168 0.59325
vt 0.32895 0.59568
vt 0.32837 0.59740
vt 0.33559 0.59990
vt 0.33619 0.59818
vt 0.34341 0.60078
vt 0.34278 0.60249
vt 0.34994 0.60516
vt 0.35059 0.60346
vt 0.35774 0.60623
vt 0.35708 0.60792
vt 0.36418 0.61077
vt 0.36487 0.60909
vt 0.37196 0.61202
vt 0.37125 0.61370
vt 0.37830 0.61671
vt 0.37902 0.61504
vt 0.38606 0.61813
vt 0.38532 0.61979
vt 0.39231 0.62295
vt 0.39307 0.62129
vt 0.40004 0.62453
vt 0.39928 0.62618
vt 0.17663 0.90299
vt 0.16716 0.89925
vt 0.18394 0.90530
vt 0.15801 0.89593
vt 0.14914 0.89254
vt 0.14051 0.88853
vt 0.13217 0.88395
vt 0.12414 0.87880
vt 0.11649 0.87311
vt 0.10923 0.86693
vt 0.10236 0.86034
vt 0.09589 0.85346
vt 0.08983 0.84627
vt 0.08422 0.83877
vt 0.07901 0.83106
vt 0.07419 0.82324
vt 0.06986 0.81516
vt 0.06615 0.80668
vt 0.06300 0.79794
vt 0.06036 0.78909
vt 0.05812 0.78027
vt 0.05622 0.77161
vt 0.05472 0.76313
vt 0.05354 0.75492
vt 0.90173 0.47927
vt 0.90172 0.48942
vt 0.90172 0.49959
vt 0.90177 0.45898
vt 0.90175 0.46912
vt 0.90190 0.43871
vt 0.90182 0.44884
vt 0.90197 0.35685
vt 0.90204 0.36699
vt 0.90192 0.33656
vt 0.90193 0.34671
vt 0.90191 0.31625
vt 0.90191 0.32640
vt 0.90193 0.29593
vt 0.90192 0.30609
vt 0.90196 0.27562
vt 0.90194 0.28578
vt 0.90199 0.25531
vt 0.90197 0.26547
vt 0.90203 0.23500
vt 0.90201 0.24516
vt 0.90207 0.21469
vt 0.90205 0.22485
vt 0.90212 0.19439
vt 0.90210 0.20454
vt 0.90217 0.17410
vt 0.90214 0.18424
vt 0.90221 0.15381
vt 0.90219 0.16395
vt 0.90225 0.13355
vt 0.90223 0.14368
vt 0.90236 0.11328
vt 0.90230 0.12341
vt 0.90250 0.09301
vt 0.90243 0.10315
vt 0.90265 0.07260
vt 0.90257 0.08288
vt 0.90283 0.05153
vt 0.90274 0.06203
vt 0.90298 0.03166
vt 0.90291 0.04148
vt 0.90313 0.01202
vt 0.90306 0.02184
vt 0.18649 0.90489
vt 0.18769 0.90274
vt 0.19773 0.88993
vt 0.19266 0.89140
vt 0.20694 0.88980
vt 0.20121 0.88992
vt 0.19944 0.89287
vt 0.19957 0.89008
vt 0.20126 0.89258
vt 0.19303 0.89427
vt 0.19823 0.89433
vt 0.19057 0.89704
vt 0.19893 0.89806
vt 0.20081 0.89823
vt 0.17124 0.88195
vt 0.17943 0.88409
vt 0.18690 0.88653
vt 0.15528 0.87635
vt 0.16317 0.87940
vt 0.14018 0.86872
vt 0.14760 0.87280
vt 0.12624 0.85908
vt 0.13305 0.86414
vt 0.11366 0.84765
vt 0.11977 0.85357
vt 0.10260 0.83473
vt 0.10793 0.84136
vt 0.09320 0.82052
vt 0.09768 0.82777
vt 0.08559 0.80529
vt 0.08916 0.81303
vt 0.07998 0.78917
vt 0.08253 0.79733
vt 0.07637 0.77249
vt 0.07793 0.78088
vt 0.07474 0.75562
vt 0.07531 0.76407
vt 0.07515 0.73877
vt 0.07468 0.74718
vt 0.07781 0.72218
vt 0.07615 0.73046
vt 0.08327 0.70564
vt 0.08021 0.71386
vt 0.09099 0.68992
vt 0.08686 0.69765
vt 0.10075 0.67539
vt 0.09562 0.68248
vt 0.11235 0.66231
vt 0.10633 0.66865
vt 0.12558 0.65090
vt 0.11878 0.65638
vt 0.14019 0.64135
vt 0.13273 0.64588
vt 0.15594 0.63378
vt 0.14793 0.63731
vt 0.17269 0.62827
vt 0.16424 0.63075
vt 0.18970 0.62499
vt 0.18117 0.62635
vt 0.20694 0.62406
vt 0.19829 0.62421
vt 0.18968 0.89309
vt 0.19880 0.89607
vt 0.19122 0.89579
vt 0.20136 0.89637
vt 0.19102 0.89164
vt 0.85700 0.49957
vt 0.83667 0.49955
vt 0.83667 0.48939
vt 0.85700 0.48940
vt 0.83667 0.47924
vt 0.85700 0.47924
vt 0.83666 0.46910
vt 0.85700 0.46909
vt 0.83664 0.45894
vt 0.85698 0.45893
vt 0.83660 0.44878
vt 0.85695 0.44877
vt 0.83654 0.43861
vt 0.85690 0.43861
vt 0.83645 0.42843
vt 0.85680 0.42845
vt 0.83636 0.41821
vt 0.85667 0.41825
vt 0.83630 0.40797
vt 0.85657 0.40798
vt 0.83632 0.39773
vt 0.85661 0.39773
vt 0.83641 0.38749
vt 0.85670 0.38749
vt 0.83653 0.37727
vt 0.85684 0.37726
vt 0.83660 0.36708
vt 0.85695 0.36706
vt 0.83667 0.35690
vt 0.85703 0.35688
vt 0.83673 0.34673
vt 0.85709 0.34672
vt 0.83677 0.33657
vt 0.85712 0.33657
vt 0.83680 0.32641
vt 0.85715 0.32641
vt 0.83683 0.31625
vt 0.85717 0.31625
vt 0.83685 0.30609
vt 0.85719 0.30609
vt 0.83687 0.29594
vt 0.85721 0.29594
vt 0.83689 0.28578
vt 0.85722 0.28578
vt 0.83691 0.27562
vt 0.85724 0.27562
vt 0.83693 0.26547
vt 0.85726 0.26547
vt 0.83695 0.25531
vt 0.85728 0.25531
vt 0.83697 0.24515
vt 0.85730 0.24515
vt 0.83699 0.23500
vt 0.85732 0.23500
vt 0.83701 0.22484
vt 0.85734 0.22485
vt 0.83703 0.21469
vt 0.85736 0.21469
vt 0.83705 0.20454
vt 0.85738 0.20454
vt 0.83707 0.19438
vt 0.85741 0.19438
vt 0.83710 0.18422
vt 0.85743 0.18423
vt 0.83712 0.17407
vt 0.85745 0.17407
vt 0.83714 0.16391
vt 0.85748 0.16392
vt 0.83717 0.15374
vt 0.85750 0.15376
vt 0.83718 0.14357
vt 0.85752 0.14359
vt 0.83720 0.13339
vt 0.85754 0.13343
vt 0.83726 0.12320
vt 0.85759 0.12326
vt 0.83732 0.11302
vt 0.85765 0.11310
vt 0.83739 0.10284
vt 0.85772 0.10294
vt 0.83746 0.09267
vt 0.85779 0.09278
vt 0.83754 0.08251
vt 0.85787 0.08263
vt 0.83761 0.07230
vt 0.85794 0.07242
vt 0.83770 0.06196
vt 0.85803 0.06209
vt 0.83778 0.05166
vt 0.85811 0.05180
vt 0.83786 0.04156
vt 0.85819 0.04170
vt 0.83793 0.03155
vt 0.85826 0.03169
vt 0.83801 0.02155
vt 0.85834 0.02169
vt 0.83808 0.01155
vt 0.85841 0.01170
vt 0.20128 0.89497
vt 0.20105 0.88309
vt 0.20522 0.87726
vt 0.20546 0.87528
vt 0.19872 0.89000
vt 0.19868 0.89376
vt 0.20205 0.88365
vt 0.20587 0.87829
vt 0.20694 0.87692
vt 0.20694 0.87813
vt 0.20135 0.89373
vt 0.19898 0.89344
vt 0.19941 0.89006
vt 0.20276 0.88414
vt 0.20623 0.87903
vt 0.20694 0.87913
vt 0.20132 0.89281
vt 0.20694 0.89286
vt 0.20694 0.89314
vt 0.20694 0.89406
vt 0.20694 0.89527
vt 0.20694 0.89651
vt 0.20694 0.89826
vt 0.88936 0.37289
vt 0.90158 0.37794
vt 0.91017 0.38977
vt 0.91337 0.40450
vt 0.90993 0.41834
vt 0.90092 0.42858
vt 0.88928 0.43152
vt 0.87735 0.42849
vt 0.86860 0.41828
vt 0.86535 0.40434
vt 0.86878 0.38951
vt 0.87737 0.37796
vt 0.89935 0.37919
vt 0.88937 0.37507
vt 0.90741 0.38931
vt 0.91100 0.40289
vt 0.90819 0.41602
vt 0.90002 0.42582
vt 0.88929 0.42862
vt 0.87827 0.42575
vt 0.87035 0.41598
vt 0.86774 0.40275
vt 0.87154 0.38908
vt 0.87961 0.37922
vt 0.12037 0.73798
vt 0.12169 0.72501
vt 0.14894 0.73580
vt 0.14761 0.74877
vt 0.12325 0.75226
vt 0.15050 0.76305
vt 0.12721 0.76696
vt 0.15446 0.77775
vt 0.12977 0.78115
vt 0.15702 0.79193
vt 0.12961 0.79484
vt 0.15686 0.80563
vt 0.12635 0.80643
vt 0.15360 0.81721
vt 0.14794 0.82817
vt 0.12069 0.81739
vt 0.19320 0.70057
vt 0.16596 0.68978
vt 0.17515 0.67985
vt 0.20240 0.69065
vt 0.18153 0.70918
vt 0.15429 0.69838
vt 0.16844 0.71727
vt 0.14120 0.70648
vt 0.15678 0.72563
vt 0.12953 0.71484
vt 0.88918 0.50976
vt 0.88918 0.51991
vt 0.87725 0.51991
vt 0.87726 0.50975
vt 0.88917 0.53007
vt 0.88917 0.54022
vt 0.87722 0.54022
vt 0.87724 0.53006
vt 0.88918 0.55036
vt 0.88919 0.56049
vt 0.87715 0.56051
vt 0.87719 0.55037
vt 0.88917 0.63223
vt 0.88918 0.64232
vt 0.87717 0.64229
vt 0.87710 0.63212
vt 0.88918 0.65246
vt 0.88918 0.66261
vt 0.87723 0.66260
vt 0.87721 0.65244
vt 0.88918 0.67276
vt 0.88919 0.68292
vt 0.87725 0.68292
vt 0.87724 0.67276
vt 0.88919 0.69308
vt 0.88920 0.70324
vt 0.87728 0.70324
vt 0.87726 0.69308
vt 0.88921 0.71340
vt 0.88922 0.72357
vt 0.87730 0.72357
vt 0.87729 0.71341
vt 0.88924 0.73373
vt 0.88925 0.74389
vt 0.87733 0.74389
vt 0.87731 0.73373
vt 0.88927 0.75404
vt 0.88928 0.76420
vt 0.87736 0.76420
vt 0.87734 0.75404
vt 0.88930 0.77436
vt 0.88932 0.78451
vt 0.87739 0.78451
vt 0.87738 0.77436
vt 0.88934 0.79466
vt 0.88935 0.80482
vt 0.87743 0.80482
vt 0.87741 0.79467
vt 0.88937 0.81497
vt 0.88939 0.82512
vt 0.87747 0.82512
vt 0.87745 0.81497
vt 0.88941 0.83526
vt 0.88942 0.84541
vt 0.87750 0.84542
vt 0.87748 0.83527
vt 0.88944 0.85555
vt 0.88945 0.86569
vt 0.87753 0.86572
vt 0.87752 0.85557
vt 0.88949 0.87584
vt 0.88954 0.88598
vt 0.87761 0.88601
vt 0.87757 0.87586
vt 0.88958 0.89611
vt 0.88963 0.90625
vt 0.87771 0.90629
vt 0.87766 0.89615
vt 0.88968 0.91639
vt 0.88973 0.92664
vt 0.87781 0.92667
vt 0.87776 0.91643
vt 0.88979 0.93714
vt 0.88984 0.94758
vt 0.87792 0.94748
vt 0.87786 0.93710
vt 0.88990 0.95764
vt 0.88995 0.96752
vt 0.87802 0.96748
vt 0.87797 0.95756
vt 0.89000 0.97739
vt 0.89004 0.98726
vt 0.87812 0.98732
vt 0.87807 0.97740
vt 0.21707 0.92286
vt 0.21754 0.92949
vt 0.22725 0.92143
vt 0.22811 0.92835
vt 0.21647 0.91324
vt 0.22780 0.91210
vt 0.23772 0.91850
vt 0.23870 0.92649
vt 0.24810 0.91481
vt 0.24922 0.92393
vt 0.23696 0.90939
vt 0.24706 0.90490
vt 0.25804 0.91142
vt 0.25948 0.92086
vt 0.26761 0.90786
vt 0.26943 0.91719
vt 0.25658 0.90130
vt 0.26571 0.89785
vt 0.27687 0.90363
vt 0.27906 0.91282
vt 0.28579 0.89877
vt 0.28833 0.90779
vt 0.27457 0.89377
vt 0.28311 0.88909
vt 0.29434 0.89332
vt 0.29720 0.90215
vt 0.30248 0.88730
vt 0.30564 0.89594
vt 0.29132 0.88383
vt 0.29914 0.87804
vt 0.31019 0.88075
vt 0.31362 0.88917
vt 0.31745 0.87374
vt 0.32112 0.88190
vt 0.30656 0.87173
vt 0.31356 0.86499
vt 0.32424 0.86633
vt 0.32811 0.87417
vt 0.33055 0.85856
vt 0.33457 0.86602
vt 0.32014 0.85793
vt 0.32630 0.85055
vt 0.33636 0.85045
vt 0.34046 0.85748
vt 0.34167 0.84206
vt 0.34579 0.84861
vt 0.33200 0.84287
vt 0.33728 0.83498
vt 0.34648 0.83346
vt 0.35054 0.83944
vt 0.35073 0.82459
vt 0.35468 0.83001
vt 0.34215 0.82695
vt 0.34649 0.81865
vt 0.35434 0.81537
vt 0.35821 0.82031
vt 0.35736 0.80592
vt 0.36112 0.81041
vt 0.35020 0.80994
vt 0.35332 0.80096
vt 0.35980 0.79633
vt 0.36341 0.80036
vt 0.36170 0.78669
vt 0.36509 0.79020
vt 0.35593 0.79187
vt 0.35808 0.78278
vt 0.36309 0.77709
vt 0.36618 0.77999
vt 0.36378 0.76759
vt 0.36635 0.76977
vt 0.35984 0.77381
vt 0.36108 0.76503
vt 0.36411 0.75831
vt 0.36627 0.75961
vt 0.36361 0.74993
vt 0.36533 0.74973
vt 0.36198 0.75659
vt 0.36229 0.75126
vt 0.36242 0.74310
vt 0.36376 0.74026
vt 0.36041 0.73831
vt 0.36091 0.73004
vt 0.36130 0.74791
vt 0.35961 0.74556
vt 0.21605 0.91004
vt 0.22552 0.90884
vt 0.21571 0.90769
vt 0.22433 0.90641
vt 0.23762 0.89630
vt 0.23764 0.89883
vt 0.23240 0.90109
vt 0.22955 0.89816
vt 0.24632 0.89401
vt 0.24663 0.89624
vt 0.23712 0.89379
vt 0.24563 0.89151
vt 0.22928 0.89618
vt 0.25501 0.89124
vt 0.25551 0.89333
vt 0.26359 0.88792
vt 0.26423 0.88996
vt 0.25416 0.88879
vt 0.26258 0.88553
vt 0.27197 0.88402
vt 0.27274 0.88601
vt 0.28010 0.87954
vt 0.28098 0.88147
vt 0.27082 0.88170
vt 0.27880 0.87731
vt 0.28792 0.87451
vt 0.28891 0.87638
vt 0.29539 0.86897
vt 0.29648 0.87077
vt 0.28648 0.87238
vt 0.29382 0.86693
vt 0.30248 0.86293
vt 0.30366 0.86465
vt 0.30919 0.85649
vt 0.31045 0.85814
vt 0.30079 0.86100
vt 0.30737 0.85467
vt 0.31550 0.84976
vt 0.31685 0.85134
vt 0.32139 0.84270
vt 0.32284 0.84422
vt 0.31356 0.84803
vt 0.31933 0.84105
vt 0.32683 0.83530
vt 0.32837 0.83677
vt 0.33185 0.82766
vt 0.33348 0.82908
vt 0.32467 0.83375
vt 0.32957 0.82619
vt 0.33647 0.81989
vt 0.33820 0.82128
vt 0.34061 0.81188
vt 0.34244 0.81324
vt 0.33407 0.81847
vt 0.33808 0.81052
vt 0.34418 0.80354
vt 0.34610 0.80483
vt 0.34723 0.79496
vt 0.34922 0.79619
vt 0.34155 0.80225
vt 0.34450 0.79377
vt 0.34978 0.78629
vt 0.35184 0.78744
vt 0.35192 0.77764
vt 0.35406 0.77873
vt 0.34695 0.78517
vt 0.34897 0.77657
vt 0.35371 0.76912
vt 0.35595 0.77018
vt 0.35515 0.76071
vt 0.35748 0.76175
vt 0.35061 0.76808
vt 0.35188 0.75966
vt 0.35625 0.75237
vt 0.35871 0.75346
vt 0.35701 0.74414
vt 0.35276 0.75129
vt 0.35326 0.74302
vt 0.35750 0.73606
vt 0.35690 0.72763
vt 0.35342 0.73490
vt 0.35264 0.72650
vt 0.35466 0.71830
vt 0.35811 0.71866
vt 0.35124 0.70862
vt 0.35465 0.70873
vt 0.35036 0.71737
vt 0.34701 0.70799
vt 0.34717 0.69920
vt 0.35052 0.69906
vt 0.34247 0.69006
vt 0.34574 0.68968
vt 0.34304 0.69886
vt 0.33845 0.69002
vt 0.33716 0.68127
vt 0.34033 0.68065
vt 0.33128 0.67285
vt 0.33433 0.67200
vt 0.33328 0.68150
vt 0.32755 0.67336
vt 0.32484 0.66484
vt 0.32775 0.66378
vt 0.31788 0.65729
vt 0.32064 0.65600
vt 0.32129 0.66561
vt 0.31452 0.65830
vt 0.31043 0.65021
vt 0.31303 0.64872
vt 0.30252 0.64364
vt 0.30494 0.64196
vt 0.30728 0.65146
vt 0.29959 0.64512
vt 0.29419 0.63762
vt 0.29641 0.63576
vt 0.28548 0.63216
vt 0.28749 0.63013
vt 0.29151 0.63930
vt 0.28305 0.63403
vt 0.27642 0.62730
vt 0.27820 0.62513
vt 0.26684 0.62301
vt 0.26837 0.62071
vt 0.27427 0.62934
vt 0.26501 0.62521
vt 0.25656 0.61929
vt 0.25778 0.61685
vt 0.24615 0.61626
vt 0.24707 0.61372
vt 0.25514 0.62163
vt 0.24513 0.61872
vt 0.23624 0.61399
vt 0.23691 0.61139
vt 0.22654 0.61241
vt 0.22698 0.60977
vt 0.23551 0.61652
vt 0.22605 0.61499
vt 0.21676 0.61145
vt 0.21699 0.60879
vt 0.21651 0.61408
vt 0.94960 0.50977
vt 0.94961 0.51990
vt 0.93956 0.51991
vt 0.93956 0.50976
vt 0.22867 0.93254
vt 0.21785 0.93366
vt 0.94961 0.53003
vt 0.94964 0.54016
vt 0.93959 0.54020
vt 0.93957 0.53005
vt 0.25002 0.92854
vt 0.23940 0.93087
vt 0.94969 0.55029
vt 0.94978 0.56044
vt 0.93973 0.56052
vt 0.93964 0.55035
vt 0.27065 0.92178
vt 0.26046 0.92552
vt 0.94992 0.57061
vt 0.95007 0.58084
vt 0.94004 0.58092
vt 0.93987 0.57070
vt 0.28999 0.91221
vt 0.28050 0.91733
vt 0.95018 0.59114
vt 0.95019 0.60146
vt 0.94016 0.60144
vt 0.94015 0.59118
vt 0.30772 0.90013
vt 0.29907 0.90647
vt 0.95010 0.61176
vt 0.94993 0.62197
vt 0.93991 0.62194
vt 0.94008 0.61170
vt 0.32358 0.88582
vt 0.31589 0.89324
vt 0.94984 0.63214
vt 0.94975 0.64230
vt 0.93969 0.64231
vt 0.93979 0.63215
vt 0.33735 0.86959
vt 0.33074 0.87793
vt 0.94969 0.65246
vt 0.94965 0.66261
vt 0.93960 0.66261
vt 0.93963 0.65246
vt 0.34885 0.85174
vt 0.34339 0.86085
vt 0.94963 0.67277
vt 0.94963 0.68292
vt 0.93958 0.68292
vt 0.93959 0.67277
vt 0.35796 0.83261
vt 0.35371 0.84232
vt 0.94963 0.69308
vt 0.94963 0.70324
vt 0.93959 0.70324
vt 0.93958 0.69308
vt 0.36458 0.81249
vt 0.36159 0.82265
vt 0.94964 0.71340
vt 0.94965 0.72356
vt 0.93960 0.72356
vt 0.93959 0.71340
vt 0.36869 0.79170
vt 0.36695 0.80216
vt 0.94966 0.73372
vt 0.94967 0.74388
vt 0.93963 0.74388
vt 0.93962 0.73372
vt 0.36996 0.77051
vt 0.36982 0.78111
vt 0.94969 0.75404
vt 0.94971 0.76420
vt 0.93966 0.76420
vt 0.93965 0.75404
vt 0.36887 0.74927
vt 0.36990 0.75990
vt 0.94972 0.77436
vt 0.94974 0.78451
vt 0.93970 0.78451
vt 0.93968 0.77436
vt 0.36494 0.72829
vt 0.36714 0.73876
vt 0.94976 0.79466
vt 0.94978 0.80481
vt 0.93973 0.80481
vt 0.93971 0.79466
vt 0.35858 0.70769
vt 0.36211 0.71790
vt 0.94979 0.81496
vt 0.94981 0.82511
vt 0.93977 0.82511
vt 0.93975 0.81496
vt 0.34947 0.68810
vt 0.35436 0.69774
vt 0.94983 0.83525
vt 0.94984 0.84539
vt 0.93980 0.84539
vt 0.93978 0.83525
vt 0.33778 0.66991
vt 0.34393 0.67881
vt 0.94986 0.85551
vt 0.94987 0.86562
vt 0.93983 0.86564
vt 0.93982 0.85552
vt 0.32376 0.65344
vt 0.33105 0.66144
vt 0.94991 0.87572
vt 0.94995 0.88583
vt 0.93991 0.88587
vt 0.93987 0.87576
vt 0.30764 0.63898
vt 0.31594 0.64594
vt 0.95000 0.89595
vt 0.95005 0.90607
vt 0.94001 0.90611
vt 0.93996 0.89599
vt 0.28972 0.62679
vt 0.29889 0.63259
vt 0.95010 0.91619
vt 0.95015 0.92654
vt 0.94011 0.92657
vt 0.94005 0.91624
vt 0.27006 0.61707
vt 0.28017 0.62163
vt 0.95021 0.93737
vt 0.95027 0.94808
vt 0.94023 0.94800
vt 0.94017 0.93734
vt 0.24820 0.60987
vt 0.25919 0.61310
vt 0.95033 0.95808
vt 0.95038 0.96771
vt 0.94033 0.96768
vt 0.94028 0.95801
vt 0.22756 0.60580
vt 0.23776 0.60748
vt 0.21723 0.60479
vt 0.95042 0.97734
vt 0.94038 0.97735
vt 0.95047 0.98697
vt 0.94043 0.98702
vt 0.20746 0.87951
vt 0.21095 0.88429
vt 0.21627 0.88416
vt 0.21614 0.87782
vt 0.22457 0.87800
vt 0.22252 0.88430
vt 0.22529 0.88453
vt 0.23268 0.87703
vt 0.23372 0.88173
vt 0.24055 0.87512
vt 0.24190 0.87971
vt 0.24825 0.87270
vt 0.24987 0.87720
vt 0.25575 0.86981
vt 0.25764 0.87420
vt 0.26303 0.86644
vt 0.26520 0.87070
vt 0.27006 0.86259
vt 0.27250 0.86670
vt 0.27680 0.85826
vt 0.27951 0.86220
vt 0.28325 0.85348
vt 0.28620 0.85723
vt 0.28936 0.84826
vt 0.29256 0.85181
vt 0.29513 0.84264
vt 0.29855 0.84598
vt 0.30054 0.83666
vt 0.30417 0.83978
vt 0.30556 0.83033
vt 0.30940 0.83323
vt 0.31019 0.82369
vt 0.31420 0.82636
vt 0.31439 0.81677
vt 0.31858 0.81919
vt 0.31816 0.80958
vt 0.32251 0.81176
vt 0.32147 0.80216
vt 0.32597 0.80410
vt 0.32431 0.79454
vt 0.32893 0.79621
vt 0.32668 0.78675
vt 0.33140 0.78815
vt 0.32855 0.77883
vt 0.33337 0.77995
vt 0.32992 0.77079
vt 0.33482 0.77163
vt 0.33077 0.76268
vt 0.33576 0.76325
vt 0.33110 0.75453
vt 0.33617 0.75484
vt 0.33101 0.74638
vt 0.33609 0.74642
vt 0.33026 0.73827
vt 0.33541 0.73802
vt 0.32898 0.73023
vt 0.33417 0.72971
vt 0.32716 0.72229
vt 0.33235 0.72148
vt 0.32482 0.71449
vt 0.32994 0.71336
vt 0.32197 0.70687
vt 0.32696 0.70540
vt 0.31862 0.69946
vt 0.32346 0.69766
vt 0.31477 0.69230
vt 0.31944 0.69017
vt 0.31046 0.68541
vt 0.31493 0.68298
vt 0.30568 0.67884
vt 0.30995 0.67611
vt 0.30048 0.67260
vt 0.30452 0.66960
vt 0.29488 0.66672
vt 0.29867 0.66346
vt 0.28890 0.66124
vt 0.29243 0.65773
vt 0.28258 0.65616
vt 0.28582 0.65243
vt 0.27593 0.65151
vt 0.27889 0.64758
vt 0.26900 0.64730
vt 0.27165 0.64319
vt 0.26181 0.64355
vt 0.26415 0.63928
vt 0.25439 0.64028
vt 0.25641 0.63587
vt 0.24679 0.63748
vt 0.24845 0.63295
vt 0.23902 0.63518
vt 0.24032 0.63055
vt 0.23112 0.63339
vt 0.23209 0.62868
vt 0.22312 0.63211
vt 0.22377 0.62736
vt 0.21505 0.63135
vt 0.21537 0.62659
vt 0.44939 0.42259
vt 0.44686 0.43007
vt 0.44681 0.42241
vt 0.21609 0.87593
vt 0.22434 0.87603
vt 0.23231 0.87514
vt 0.24003 0.87328
vt 0.24760 0.87090
vt 0.25499 0.86805
vt 0.26216 0.86474
vt 0.26908 0.86095
vt 0.27572 0.85669
vt 0.28206 0.85197
vt 0.28808 0.84684
vt 0.29376 0.84131
vt 0.29908 0.83541
vt 0.30403 0.82918
vt 0.30858 0.82264
vt 0.31273 0.81582
vt 0.31644 0.80874
vt 0.31970 0.80143
vt 0.32250 0.79393
vt 0.32483 0.78625
vt 0.32667 0.77844
vt 0.32802 0.77053
vt 0.32886 0.76254
vt 0.32917 0.75451
vt 0.32911 0.74648
vt 0.32836 0.73851
vt 0.32710 0.73059
vt 0.32531 0.72278
vt 0.32301 0.71511
vt 0.32020 0.70760
vt 0.31690 0.70031
vt 0.31312 0.69326
vt 0.30887 0.68649
vt 0.30417 0.68002
vt 0.29905 0.67388
vt 0.29354 0.66809
vt 0.28766 0.66269
vt 0.28143 0.65769
vt 0.27489 0.65311
vt 0.26806 0.64897
vt 0.26098 0.64528
vt 0.25368 0.64205
vt 0.24619 0.63930
vt 0.23854 0.63703
vt 0.23076 0.63527
vt 0.22288 0.63401
vt 0.21495 0.63325
vt 0.43813 0.43181
vt 0.42949 0.43160
vt 0.42952 0.42955
vt 0.43819 0.42975
vt 0.44679 0.43212
vt 0.42082 0.43160
vt 0.41214 0.43159
vt 0.41214 0.42954
vt 0.42084 0.42954
vt 0.40345 0.43159
vt 0.39477 0.43158
vt 0.39476 0.42953
vt 0.40345 0.42953
vt 0.38609 0.43158
vt 0.37744 0.43158
vt 0.37741 0.42952
vt 0.38608 0.42953
vt 0.36881 0.43176
vt 0.36019 0.43207
vt 0.36010 0.43002
vt 0.36875 0.42970
vt 0.35157 0.43252
vt 0.34295 0.43308
vt 0.34280 0.43103
vt 0.35145 0.43047
vt 0.33432 0.43372
vt 0.32570 0.43444
vt 0.32552 0.43239
vt 0.33416 0.43167
vt 0.31708 0.43523
vt 0.30847 0.43608
vt 0.30826 0.43403
vt 0.31689 0.43318
vt 0.29986 0.43700
vt 0.29126 0.43798
vt 0.29102 0.43594
vt 0.29963 0.43495
vt 0.28267 0.43904
vt 0.27408 0.44018
vt 0.27380 0.43814
vt 0.28240 0.43700
vt 0.26550 0.44140
vt 0.25693 0.44270
vt 0.25662 0.44067
vt 0.26520 0.43936
vt 0.24837 0.44408
vt 0.23982 0.44553
vt 0.23947 0.44351
vt 0.24804 0.44205
vt 0.23128 0.44706
vt 0.22275 0.44868
vt 0.22236 0.44666
vt 0.23091 0.44504
vt 0.21423 0.45036
vt 0.20572 0.45213
vt 0.20530 0.45012
vt 0.21382 0.44835
vt 0.19723 0.45397
vt 0.18875 0.45590
vt 0.18829 0.45390
vt 0.19679 0.45197
vt 0.18029 0.45790
vt 0.17185 0.45999
vt 0.17134 0.45799
vt 0.17981 0.45591
vt 0.16342 0.46215
vt 0.15501 0.46439
vt 0.15447 0.46240
vt 0.16290 0.46016
vt 0.14663 0.46671
vt 0.13826 0.46911
vt 0.13769 0.46714
vt 0.14607 0.46473
vt 0.12992 0.47160
vt 0.12161 0.47417
vt 0.12100 0.47220
vt 0.12933 0.46963
vt 0.11332 0.47681
vt 0.10506 0.47954
vt 0.10441 0.47759
vt 0.11269 0.47486
vt 0.09683 0.48234
vt 0.08863 0.48522
vt 0.08794 0.48329
vt 0.09616 0.48040
vt 0.08046 0.48819
vt 0.07233 0.49124
vt 0.07160 0.48932
vt 0.07975 0.48626
vt 0.06423 0.49437
vt 0.05617 0.49757
vt 0.05540 0.49567
vt 0.06348 0.49245
vt 0.04814 0.50086
vt 0.04014 0.50423
vt 0.03934 0.50233
vt 0.04735 0.49896
vt 0.23725 0.90299
vt 0.24672 0.89925
vt 0.22994 0.90530
vt 0.25587 0.89593
vt 0.26474 0.89253
vt 0.27337 0.88853
vt 0.28172 0.88394
vt 0.28974 0.87879
vt 0.29740 0.87311
vt 0.30466 0.86693
vt 0.31153 0.86034
vt 0.31800 0.85346
vt 0.32406 0.84627
vt 0.32967 0.83877
vt 0.33487 0.83106
vt 0.33970 0.82324
vt 0.34402 0.81516
vt 0.34773 0.80668
vt 0.35089 0.79793
vt 0.35354 0.78909
vt 0.35578 0.78027
vt 0.35769 0.77161
vt 0.35919 0.76313
vt 0.36036 0.75492
vt 0.90171 0.51991
vt 0.90171 0.50976
vt 0.90173 0.54020
vt 0.90171 0.53006
vt 0.90183 0.56047
vt 0.90176 0.55034
vt 0.90179 0.64232
vt 0.90187 0.63220
vt 0.90173 0.66261
vt 0.90175 0.65246
vt 0.90172 0.68292
vt 0.90172 0.67277
vt 0.90173 0.70324
vt 0.90173 0.69308
vt 0.90175 0.72356
vt 0.90174 0.71340
vt 0.90178 0.74388
vt 0.90176 0.73373
vt 0.90181 0.76420
vt 0.90179 0.75404
vt 0.90184 0.78451
vt 0.90183 0.77436
vt 0.90188 0.80481
vt 0.90186 0.79466
vt 0.90192 0.82511
vt 0.90190 0.81496
vt 0.90195 0.84540
vt 0.90193 0.83526
vt 0.90198 0.86567
vt 0.90197 0.85553
vt 0.90206 0.88594
vt 0.90202 0.87581
vt 0.90216 0.90621
vt 0.90211 0.89608
vt 0.90226 0.92662
vt 0.90221 0.91635
vt 0.90231 0.93719
vt 0.90237 0.94769
vt 0.90242 0.95774
vt 0.90247 0.96756
vt 0.90257 0.98720
vt 0.90252 0.97738
vt 0.22739 0.90489
vt 0.22619 0.90274
vt 0.22122 0.89140
vt 0.21614 0.88993
vt 0.21267 0.88992
vt 0.21444 0.89287
vt 0.21262 0.89258
vt 0.21431 0.89008
vt 0.22084 0.89427
vt 0.21565 0.89433
vt 0.21495 0.89806
vt 0.22331 0.89704
vt 0.21307 0.89823
vt 0.23445 0.88408
vt 0.24263 0.88195
vt 0.22698 0.88653
vt 0.25070 0.87939
vt 0.25860 0.87635
vt 0.26627 0.87279
vt 0.27370 0.86872
vt 0.28083 0.86414
vt 0.28765 0.85908
vt 0.29412 0.85357
vt 0.30023 0.84765
vt 0.30596 0.84136
vt 0.31129 0.83473
vt 0.31620 0.82777
vt 0.32069 0.82052
vt 0.32473 0.81303
vt 0.32829 0.80529
vt 0.33136 0.79733
vt 0.33392 0.78917
vt 0.33597 0.78088
vt 0.33753 0.77249
vt 0.33860 0.76407
vt 0.33916 0.75562
vt 0.33923 0.74718
vt 0.33876 0.73877
vt 0.33776 0.73046
vt 0.33610 0.72218
vt 0.33370 0.71386
vt 0.33064 0.70564
vt 0.32704 0.69765
vt 0.32292 0.68992
vt 0.31828 0.68249
vt 0.31315 0.67540
vt 0.30756 0.66866
vt 0.30153 0.66232
vt 0.29510 0.65640
vt 0.28830 0.65092
vt 0.28115 0.64590
vt 0.27369 0.64136
vt 0.26596 0.63732
vt 0.25794 0.63379
vt 0.24964 0.63076
vt 0.24119 0.62828
vt 0.23271 0.62636
vt 0.22419 0.62500
vt 0.21560 0.62421
vt 0.22420 0.89309
vt 0.21508 0.89607
vt 0.22266 0.89579
vt 0.21252 0.89637
vt 0.22285 0.89164
vt 0.83666 0.50971
vt 0.85699 0.50974
vt 0.83665 0.51986
vt 0.85698 0.51989
vt 0.83663 0.53001
vt 0.85696 0.53004
vt 0.83659 0.54016
vt 0.85693 0.54020
vt 0.83654 0.55031
vt 0.85689 0.55035
vt 0.83646 0.56048
vt 0.85682 0.56051
vt 0.83636 0.57067
vt 0.85671 0.57067
vt 0.83625 0.58089
vt 0.85656 0.58087
vt 0.83619 0.59113
vt 0.85646 0.59113
vt 0.83619 0.60138
vt 0.85648 0.60139
vt 0.83627 0.61162
vt 0.85657 0.61163
vt 0.83638 0.62184
vt 0.85670 0.62186
vt 0.83645 0.63205
vt 0.85679 0.63207
vt 0.83651 0.64224
vt 0.85686 0.64226
vt 0.83656 0.65241
vt 0.85691 0.65243
vt 0.83659 0.66258
vt 0.85694 0.66259
vt 0.83662 0.67275
vt 0.85696 0.67275
vt 0.83664 0.68292
vt 0.85698 0.68292
vt 0.83666 0.69308
vt 0.85700 0.69308
vt 0.83668 0.70324
vt 0.85701 0.70324
vt 0.83669 0.71341
vt 0.85702 0.71341
vt 0.83670 0.72357
vt 0.85704 0.72357
vt 0.83672 0.73373
vt 0.85705 0.73373
vt 0.83673 0.74389
vt 0.85707 0.74389
vt 0.83675 0.75404
vt 0.85708 0.75404
vt 0.83677 0.76420
vt 0.85710 0.76420
vt 0.83678 0.77436
vt 0.85711 0.77436
vt 0.83680 0.78451
vt 0.85713 0.78451
vt 0.83682 0.79467
vt 0.85715 0.79467
vt 0.83683 0.80482
vt 0.85717 0.80482
vt 0.83685 0.81498
vt 0.85719 0.81497
vt 0.83687 0.82513
vt 0.85721 0.82513
vt 0.83689 0.83528
vt 0.85722 0.83528
vt 0.83691 0.84544
vt 0.85724 0.84543
vt 0.83692 0.85560
vt 0.85726 0.85559
vt 0.83694 0.86577
vt 0.85727 0.86575
vt 0.83698 0.87594
vt 0.85731 0.87590
vt 0.83702 0.88611
vt 0.85735 0.88606
vt 0.83707 0.89627
vt 0.85740 0.89621
vt 0.83712 0.90643
vt 0.85745 0.90636
vt 0.83717 0.91658
vt 0.85750 0.91650
vt 0.83722 0.92679
vt 0.85755 0.92671
vt 0.83727 0.93712
vt 0.85760 0.93703
vt 0.83733 0.94741
vt 0.85766 0.94732
vt 0.83738 0.95752
vt 0.85771 0.95742
vt 0.83743 0.96752
vt 0.85776 0.96742
vt 0.83748 0.97752
vt 0.85781 0.97743
vt 0.83753 0.98752
vt 0.85786 0.98743
vt 0.21260 0.89497
vt 0.21283 0.88309
vt 0.20866 0.87726
vt 0.20842 0.87528
vt 0.21520 0.89376
vt 0.21515 0.89000
vt 0.21183 0.88365
vt 0.20801 0.87829
vt 0.21253 0.89373
vt 0.21490 0.89343
vt 0.21447 0.89006
vt 0.21112 0.88414
vt 0.20764 0.87903
vt 0.21256 0.89281
vt 0.88921 0.62633
vt 0.90141 0.62124
vt 0.91001 0.60941
vt 0.91325 0.59468
vt 0.90983 0.58083
vt 0.90084 0.57060
vt 0.88920 0.56764
vt 0.87726 0.57066
vt 0.86849 0.58085
vt 0.86523 0.59479
vt 0.86865 0.60962
vt 0.87726 0.62113
vt 0.88923 0.62417
vt 0.89917 0.61999
vt 0.90725 0.60987
vt 0.91087 0.59629
vt 0.90809 0.58316
vt 0.89994 0.57335
vt 0.88920 0.57055
vt 0.87818 0.57340
vt 0.87024 0.58315
vt 0.86761 0.59638
vt 0.87141 0.61004
vt 0.87952 0.61988
vt 0.29554 0.71609
vt 0.26829 0.72686
vt 0.26697 0.71389
vt 0.29422 0.70312
vt 0.29264 0.73037
vt 0.26539 0.74114
vt 0.28868 0.74507
vt 0.26143 0.75584
vt 0.28611 0.75925
vt 0.25886 0.77003
vt 0.28627 0.77295
vt 0.25901 0.78372
vt 0.28953 0.78453
vt 0.26227 0.79530
vt 0.26792 0.80627
vt 0.29518 0.79550
vt 0.22273 0.67863
vt 0.21354 0.66870
vt 0.24080 0.65792
vt 0.24998 0.66786
vt 0.23440 0.68725
vt 0.26165 0.67647
vt 0.24748 0.69535
vt 0.27473 0.68458
vt 0.25913 0.70372
vt 0.28639 0.69294
vt 0.04867 0.54479
vt 0.05639 0.54479
vt 0.06411 0.54480
vt 0.07185 0.54480
vt 0.07965 0.54481
vt 0.08749 0.54504
vt 0.09531 0.54541
vt 0.10310 0.54589
vt 0.11087 0.54645
vt 0.11862 0.54706
vt 0.12637 0.54771
vt 0.13411 0.54841
vt 0.14186 0.54916
vt 0.14960 0.54996
vt 0.15733 0.55084
vt 0.16506 0.55177
vt 0.17278 0.55277
vt 0.18048 0.55384
vt 0.18817 0.55496
vt 0.19585 0.55615
vt 0.20352 0.55740
vt 0.21118 0.55872
vt 0.21882 0.56010
vt 0.22644 0.56154
vt 0.23405 0.56305
vt 0.24164 0.56463
vt 0.24922 0.56629
vt 0.25677 0.56801
vt 0.26431 0.56981
vt 0.27182 0.57168
vt 0.27931 0.57362
vt 0.28678 0.57564
vt 0.29423 0.57772
vt 0.30166 0.57988
vt 0.30906 0.58212
vt 0.31644 0.58442
vt 0.32380 0.58679
vt 0.33114 0.58924
vt 0.33846 0.59177
vt 0.34575 0.59439
vt 0.35301 0.59710
vt 0.36024 0.59990
vt 0.36743 0.60279
vt 0.37459 0.60575
vt 0.38173 0.60880
vt 0.38883 0.61192
vt 0.39590 0.61511
vt 0.40294 0.61837
vt 0.42961 0.42187
vt 0.43840 0.42207
vt 0.42085 0.42186
vt 0.41214 0.42185
vt 0.40345 0.42185
vt 0.39476 0.42185
vt 0.38607 0.42184
vt 0.37732 0.42184
vt 0.36854 0.42202
vt 0.35977 0.42235
vt 0.35101 0.42280
vt 0.34228 0.42336
vt 0.33356 0.42401
vt 0.32486 0.42474
vt 0.31616 0.42553
vt 0.30747 0.42639
vt 0.29879 0.42732
vt 0.29011 0.42831
vt 0.28143 0.42938
vt 0.27275 0.43053
vt 0.26409 0.43176
vt 0.25543 0.43308
vt 0.24678 0.43447
vt 0.23815 0.43594
vt 0.22952 0.43749
vt 0.22090 0.43911
vt 0.21229 0.44082
vt 0.20370 0.44260
vt 0.19512 0.44447
vt 0.18655 0.44641
vt 0.17800 0.44844
vt 0.16947 0.45054
vt 0.16096 0.45273
vt 0.15246 0.45499
vt 0.14398 0.45734
vt 0.13553 0.45977
vt 0.12710 0.46228
vt 0.11869 0.46487
vt 0.11032 0.46755
vt 0.10197 0.47030
vt 0.09365 0.47314
vt 0.08535 0.47605
vt 0.07709 0.47905
vt 0.06887 0.48213
vt 0.06068 0.48530
vt 0.05252 0.48854
vt 0.04440 0.49186
vt 0.03632 0.49527
vt 0.20694 0.87513
vt 0.17841 0.38860
vt 0.16814 0.38918
vt 0.16814 0.38543
vt 0.17814 0.38484
vt 0.15787 0.38858
vt 0.15814 0.38482
vt 0.14764 0.38754
vt 0.14814 0.38381
vt 0.13750 0.38582
vt 0.13825 0.38214
vt 0.12750 0.38345
vt 0.12849 0.37982
vt 0.11768 0.38041
vt 0.11890 0.37686
vt 0.10808 0.37674
vt 0.10953 0.37328
vt 0.09874 0.37244
vt 0.10041 0.36908
vt 0.08970 0.36754
vt 0.09159 0.36430
vt 0.08100 0.36206
vt 0.08310 0.35895
vt 0.07268 0.35602
vt 0.07497 0.35306
vt 0.06476 0.34945
vt 0.06725 0.34664
vt 0.05729 0.34238
vt 0.05995 0.33974
vt 0.05030 0.33484
vt 0.05312 0.33238
vt 0.04380 0.32685
vt 0.04678 0.32458
vt 0.03784 0.31846
vt 0.04096 0.31639
vt 0.03243 0.30970
vt 0.03568 0.30784
vt 0.02761 0.30060
vt 0.03097 0.29896
vt 0.02338 0.29121
vt 0.02684 0.28979
vt 0.01977 0.28156
vt 0.02331 0.28036
vt 0.01680 0.27169
vt 0.02041 0.27073
vt 0.01447 0.26165
vt 0.01814 0.26093
vt 0.01280 0.25148
vt 0.01651 0.25100
vt 0.01179 0.24122
vt 0.01554 0.24098
vt 0.01159 0.23091
vt 0.01528 0.23091
vt 0.01180 0.22060
vt 0.01555 0.22085
vt 0.01283 0.21035
vt 0.01654 0.21084
vt 0.01452 0.20018
vt 0.01819 0.20091
vt 0.01686 0.19014
vt 0.02048 0.19111
vt 0.01985 0.18028
vt 0.02340 0.18148
vt 0.02348 0.17063
vt 0.02694 0.17206
vt 0.02772 0.16125
vt 0.03108 0.16290
vt 0.03256 0.15216
vt 0.03581 0.15402
vt 0.03798 0.14340
vt 0.04110 0.14548
vt 0.04396 0.13502
vt 0.04693 0.13729
vt 0.05046 0.12705
vt 0.05329 0.12951
vt 0.05747 0.11951
vt 0.06013 0.12215
vt 0.06495 0.11245
vt 0.06743 0.11526
vt 0.07288 0.10589
vt 0.07517 0.10886
vt 0.08121 0.09987
vt 0.08331 0.10298
vt 0.08992 0.09440
vt 0.09181 0.09764
vt 0.09897 0.08952
vt 0.10063 0.09288
vt 0.10838 0.08523
vt 0.10982 0.08870
vt 0.11817 0.08157
vt 0.11938 0.08512
vt 0.12816 0.07855
vt 0.12913 0.08218
vt 0.13814 0.07621
vt 0.13887 0.07989
vt 0.14815 0.07454
vt 0.14863 0.07826
vt 0.15824 0.07354
vt 0.15851 0.07728
vt 0.16838 0.07317
vt 0.16838 0.07693
vt 0.17852 0.07355
vt 0.17824 0.07730
vt 0.18861 0.07457
vt 0.18811 0.07830
vt 0.19861 0.07626
vt 0.19787 0.07994
vt 0.20858 0.07862
vt 0.20759 0.08225
vt 0.21856 0.08167
vt 0.21733 0.08522
vt 0.22834 0.08536
vt 0.22688 0.08882
vt 0.23773 0.08968
vt 0.23604 0.09303
vt 0.24674 0.09461
vt 0.24483 0.09784
vt 0.25541 0.10014
vt 0.25329 0.10323
vt 0.26368 0.10623
vt 0.26136 0.10918
vt 0.27153 0.11287
vt 0.26902 0.11565
vt 0.27890 0.12002
vt 0.27622 0.12263
vt 0.28578 0.12764
vt 0.28293 0.13007
vt 0.29214 0.13570
vt 0.28913 0.13794
vt 0.29796 0.14413
vt 0.29482 0.14618
vt 0.30325 0.15290
vt 0.29998 0.15475
vt 0.30799 0.16198
vt 0.30462 0.16362
vt 0.31219 0.17132
vt 0.30872 0.17274
vt 0.31581 0.18090
vt 0.31226 0.18211
vt 0.31884 0.19070
vt 0.31523 0.19167
vt 0.32125 0.20067
vt 0.31758 0.20142
vt 0.32303 0.21079
vt 0.31931 0.21130
vt 0.32413 0.22101
vt 0.32037 0.22127
vt 0.32436 0.23129
vt 0.32067 0.23130
vt 0.32418 0.24157
vt 0.32044 0.24134
vt 0.32321 0.25181
vt 0.31950 0.25133
vt 0.32156 0.26195
vt 0.31789 0.26124
vt 0.31925 0.27197
vt 0.31563 0.27102
vt 0.31629 0.28181
vt 0.31274 0.28062
vt 0.31270 0.29144
vt 0.30923 0.29002
vt 0.30849 0.30081
vt 0.30512 0.29917
vt 0.30368 0.30988
vt 0.30042 0.30802
vt 0.29829 0.31863
vt 0.29516 0.31656
vt 0.29235 0.32700
vt 0.28936 0.32473
vt 0.28588 0.33497
vt 0.28304 0.33251
vt 0.27890 0.34250
vt 0.27623 0.33987
vt 0.27145 0.34957
vt 0.26896 0.34676
vt 0.26355 0.35613
vt 0.26125 0.35317
vt 0.25524 0.36216
vt 0.25314 0.35905
vt 0.24655 0.36764
vt 0.24466 0.36440
vt 0.23752 0.37253
vt 0.23585 0.36917
vt 0.22819 0.37682
vt 0.22674 0.37336
vt 0.21859 0.38049
vt 0.21737 0.37693
vt 0.20878 0.38351
vt 0.20779 0.37988
vt 0.19878 0.38587
vt 0.19803 0.38219
vt 0.18864 0.38757
vt 0.18814 0.38384
vt 0.17870 0.39271
vt 0.16814 0.39328
vt 0.18919 0.39164
vt 0.19959 0.38990
vt 0.20985 0.38748
vt 0.21993 0.38437
vt 0.22978 0.38061
vt 0.23936 0.37621
vt 0.24863 0.37119
vt 0.25754 0.36557
vt 0.26607 0.35938
vt 0.27418 0.35264
vt 0.28182 0.34539
vt 0.28898 0.33766
vt 0.29562 0.32949
vt 0.30172 0.32089
vt 0.30724 0.31192
vt 0.31218 0.30261
vt 0.31650 0.29300
vt 0.32018 0.28312
vt 0.32322 0.27302
vt 0.32559 0.26274
vt 0.32728 0.25233
vt 0.32828 0.24180
vt 0.32843 0.23128
vt 0.32825 0.22075
vt 0.32710 0.21023
vt 0.32528 0.19984
vt 0.32280 0.18961
vt 0.31970 0.17957
vt 0.31599 0.16975
vt 0.31169 0.16018
vt 0.30683 0.15089
vt 0.30141 0.14190
vt 0.29544 0.13325
vt 0.28892 0.12499
vt 0.28186 0.11716
vt 0.27428 0.10982
vt 0.26623 0.10301
vt 0.25773 0.09675
vt 0.24883 0.09107
vt 0.23957 0.08601
vt 0.22993 0.08158
vt 0.21989 0.07778
vt 0.20966 0.07465
vt 0.19943 0.07223
vt 0.18916 0.07050
vt 0.17880 0.06945
vt 0.16839 0.06906
vt 0.15757 0.39269
vt 0.14709 0.39161
vt 0.13668 0.38985
vt 0.12642 0.38741
vt 0.11634 0.38430
vt 0.10648 0.38053
vt 0.09690 0.37612
vt 0.08762 0.37109
vt 0.07870 0.36546
vt 0.07016 0.35927
vt 0.06204 0.35253
vt 0.05437 0.34527
vt 0.04720 0.33753
vt 0.04053 0.32934
vt 0.03442 0.32073
vt 0.02887 0.31174
vt 0.02392 0.30241
vt 0.01958 0.29277
vt 0.01588 0.28287
vt 0.01283 0.27275
vt 0.01044 0.26245
vt 0.00872 0.25201
vt 0.00768 0.24146
vt 0.00752 0.23091
vt 0.00769 0.22036
vt 0.00875 0.20981
vt 0.01049 0.19938
vt 0.01290 0.18908
vt 0.01596 0.17896
vt 0.01968 0.16906
vt 0.02403 0.15943
vt 0.02900 0.15011
vt 0.03456 0.14113
vt 0.04069 0.13253
vt 0.04737 0.12435
vt 0.05456 0.11662
vt 0.06223 0.10937
vt 0.07036 0.10264
vt 0.07891 0.09646
vt 0.08785 0.09085
vt 0.09714 0.08584
vt 0.10680 0.08144
vt 0.11685 0.07767
vt 0.12710 0.07458
vt 0.13733 0.07218
vt 0.14761 0.07046
vt 0.15797 0.06943
vt 0.16814 0.37227
vt 0.17722 0.37171
vt 0.17788 0.38101
vt 0.16814 0.38160
vt 0.15841 0.38099
vt 0.15906 0.37169
vt 0.14987 0.37076
vt 0.14864 0.38001
vt 0.14084 0.36924
vt 0.13900 0.37838
vt 0.13193 0.36712
vt 0.12949 0.37612
vt 0.12317 0.36442
vt 0.12014 0.37324
vt 0.11461 0.36115
vt 0.11101 0.36974
vt 0.10627 0.35732
vt 0.10212 0.36566
vt 0.09821 0.35295
vt 0.09352 0.36099
vt 0.09044 0.34806
vt 0.08524 0.35578
vt 0.08301 0.34267
vt 0.07731 0.35003
vt 0.07594 0.33681
vt 0.06978 0.34378
vt 0.06926 0.33050
vt 0.06266 0.33705
vt 0.06301 0.32377
vt 0.05600 0.32987
vt 0.05721 0.31664
vt 0.04982 0.32227
vt 0.05188 0.30915
vt 0.04414 0.31428
vt 0.04704 0.30132
vt 0.03899 0.30594
vt 0.04272 0.29319
vt 0.03439 0.29728
vt 0.03894 0.28480
vt 0.03036 0.28834
vt 0.03571 0.27618
vt 0.02692 0.27915
vt 0.03305 0.26737
vt 0.02409 0.26975
vt 0.03097 0.25839
vt 0.02187 0.26019
vt 0.02949 0.24930
vt 0.02028 0.25050
vt 0.02860 0.24014
vt 0.01934 0.24073
vt 0.02831 0.23093
vt 0.01905 0.23092
vt 0.02861 0.22172
vt 0.01935 0.22110
vt 0.02952 0.21255
vt 0.02031 0.21133
vt 0.03102 0.20346
vt 0.02192 0.20165
vt 0.03311 0.19449
vt 0.02415 0.19209
vt 0.03579 0.18568
vt 0.02700 0.18270
vt 0.03903 0.17707
vt 0.03045 0.17352
vt 0.04283 0.16868
vt 0.03450 0.16458
vt 0.04716 0.16056
vt 0.03911 0.15592
vt 0.05200 0.15274
vt 0.04427 0.14759
vt 0.05735 0.14526
vt 0.04996 0.13961
vt 0.06316 0.13814
vt 0.05616 0.13202
vt 0.06942 0.13141
vt 0.06284 0.12485
vt 0.07611 0.12511
vt 0.06996 0.11813
vt 0.08319 0.11926
vt 0.07750 0.11189
vt 0.09063 0.11388
vt 0.08544 0.10616
vt 0.09840 0.10901
vt 0.09373 0.10095
vt 0.10647 0.10465
vt 0.10233 0.09631
vt 0.11485 0.10084
vt 0.11128 0.09224
vt 0.12359 0.09758
vt 0.12061 0.08875
vt 0.13251 0.09488
vt 0.13012 0.08588
vt 0.14141 0.09280
vt 0.13961 0.08365
vt 0.15033 0.09131
vt 0.14913 0.08207
vt 0.15940 0.09041
vt 0.15877 0.08111
vt 0.16835 0.09008
vt 0.16837 0.08076
vt 0.17730 0.09042
vt 0.17797 0.08113
vt 0.18636 0.09134
vt 0.18760 0.08210
vt 0.19526 0.09284
vt 0.19711 0.08370
vt 0.20415 0.09494
vt 0.20659 0.08595
vt 0.21305 0.09765
vt 0.21608 0.08884
vt 0.22177 0.10093
vt 0.22539 0.09235
vt 0.23012 0.10477
vt 0.23431 0.09645
vt 0.23814 0.10915
vt 0.24288 0.10113
vt 0.24586 0.11406
vt 0.25112 0.10638
vt 0.25324 0.11948
vt 0.25900 0.11218
vt 0.26023 0.12539
vt 0.26646 0.11849
vt 0.26682 0.13177
vt 0.27348 0.12529
vt 0.27295 0.13859
vt 0.28003 0.13256
vt 0.27862 0.14580
vt 0.28608 0.14023
vt 0.28382 0.15336
vt 0.29162 0.14828
vt 0.28854 0.16123
vt 0.29665 0.15664
vt 0.29280 0.16937
vt 0.30118 0.16529
vt 0.29656 0.17774
vt 0.30518 0.17420
vt 0.29983 0.18632
vt 0.30864 0.18333
vt 0.30257 0.19509
vt 0.31154 0.19266
vt 0.30475 0.20401
vt 0.31385 0.20217
vt 0.30634 0.21306
vt 0.31553 0.21181
vt 0.30731 0.22219
vt 0.31656 0.22154
vt 0.30765 0.23137
vt 0.31691 0.23132
vt 0.30739 0.24055
vt 0.31665 0.24111
vt 0.30652 0.24968
vt 0.31572 0.25086
vt 0.30504 0.25874
vt 0.31415 0.26051
vt 0.30298 0.26768
vt 0.31195 0.27005
vt 0.30033 0.27646
vt 0.30913 0.27941
vt 0.29711 0.28505
vt 0.30571 0.28858
vt 0.29335 0.29342
vt 0.30170 0.29749
vt 0.28905 0.30152
vt 0.29711 0.30613
vt 0.28423 0.30932
vt 0.29198 0.31445
vt 0.27892 0.31680
vt 0.28632 0.32242
vt 0.27314 0.32391
vt 0.28016 0.33001
vt 0.26691 0.33063
vt 0.27352 0.33718
vt 0.26025 0.33693
vt 0.26642 0.34390
vt 0.25320 0.34278
vt 0.25890 0.35014
vt 0.24578 0.34816
vt 0.25100 0.35588
vt 0.23803 0.35304
vt 0.24273 0.36109
vt 0.22998 0.35740
vt 0.23414 0.36574
vt 0.22166 0.36122
vt 0.22526 0.36982
vt 0.21310 0.36449
vt 0.21613 0.37330
vt 0.20435 0.36718
vt 0.20679 0.37618
vt 0.19544 0.36928
vt 0.19728 0.37842
vt 0.18641 0.37079
vt 0.18764 0.38004
vt 0.16814 0.35922
vt 0.17630 0.35869
vt 0.17656 0.36240
vt 0.16814 0.36294
vt 0.15972 0.36239
vt 0.15998 0.35868
vt 0.15159 0.35784
vt 0.15110 0.36152
vt 0.14340 0.35646
vt 0.14268 0.36010
vt 0.13532 0.35455
vt 0.13436 0.35813
vt 0.12738 0.35210
vt 0.12619 0.35561
vt 0.11962 0.34914
vt 0.11820 0.35256
vt 0.11206 0.34567
vt 0.11042 0.34898
vt 0.10474 0.34171
vt 0.10289 0.34491
vt 0.09769 0.33728
vt 0.09564 0.34034
vt 0.09094 0.33240
vt 0.08869 0.33532
vt 0.08452 0.32708
vt 0.08209 0.32984
vt 0.07846 0.32136
vt 0.07585 0.32395
vt 0.07277 0.31525
vt 0.07001 0.31766
vt 0.06750 0.30878
vt 0.06459 0.31101
vt 0.06265 0.30198
vt 0.05960 0.30401
vt 0.05825 0.29488
vt 0.05508 0.29670
vt 0.05433 0.28750
vt 0.05105 0.28911
vt 0.05088 0.27988
vt 0.04751 0.28127
vt 0.04795 0.27205
vt 0.04449 0.27322
vt 0.04553 0.26404
vt 0.04201 0.26498
vt 0.04364 0.25589
vt 0.04006 0.25660
vt 0.04228 0.24763
vt 0.03867 0.24811
vt 0.04147 0.23930
vt 0.03784 0.23954
vt 0.04120 0.23094
vt 0.03757 0.23093
vt 0.04148 0.22257
vt 0.03785 0.22233
vt 0.04231 0.21424
vt 0.03870 0.21376
vt 0.04368 0.20599
vt 0.04011 0.20527
vt 0.04559 0.19784
vt 0.04207 0.19689
vt 0.04802 0.18984
vt 0.04457 0.18866
vt 0.05097 0.18201
vt 0.04760 0.18061
vt 0.05442 0.17439
vt 0.05115 0.17278
vt 0.05836 0.16702
vt 0.05519 0.16519
vt 0.06277 0.15993
vt 0.05973 0.15789
vt 0.06763 0.15313
vt 0.06472 0.15090
vt 0.07291 0.14667
vt 0.07015 0.14425
vt 0.07861 0.14057
vt 0.07601 0.13797
vt 0.08468 0.13486
vt 0.08225 0.13209
vt 0.09110 0.12955
vt 0.08886 0.12663
vt 0.09786 0.12468
vt 0.09581 0.12161
vt 0.10491 0.12026
vt 0.10307 0.11706
vt 0.11223 0.11632
vt 0.11059 0.11300
vt 0.11982 0.11287
vt 0.11841 0.10944
vt 0.12775 0.10991
vt 0.12657 0.10640
vt 0.13585 0.10747
vt 0.13491 0.10389
vt 0.14393 0.10558
vt 0.14321 0.10194
vt 0.15200 0.10423
vt 0.15153 0.10055
vt 0.16027 0.10341
vt 0.16003 0.09971
vt 0.16832 0.10310
vt 0.16833 0.09939
vt 0.17636 0.10342
vt 0.17663 0.09972
vt 0.18462 0.10426
vt 0.18512 0.10058
vt 0.19268 0.10561
vt 0.19342 0.10197
vt 0.20074 0.10752
vt 0.20171 0.10394
vt 0.20881 0.10997
vt 0.21002 0.10646
vt 0.21671 0.11293
vt 0.21815 0.10952
vt 0.22426 0.11639
vt 0.22593 0.11308
vt 0.23153 0.12034
vt 0.23341 0.11716
vt 0.23853 0.12477
vt 0.24061 0.12173
vt 0.24522 0.12966
vt 0.24749 0.12678
vt 0.25156 0.13500
vt 0.25402 0.13228
vt 0.25753 0.14077
vt 0.26016 0.13823
vt 0.26309 0.14695
vt 0.26588 0.14460
vt 0.26825 0.15352
vt 0.27118 0.15135
vt 0.27289 0.16048
vt 0.27601 0.15845
vt 0.27720 0.16765
vt 0.28043 0.16582
vt 0.28108 0.17507
vt 0.28442 0.17344
vt 0.28452 0.18271
vt 0.28795 0.18129
vt 0.28751 0.19052
vt 0.29101 0.18933
vt 0.29010 0.19848
vt 0.29362 0.19752
vt 0.29213 0.20661
vt 0.29568 0.20587
vt 0.29359 0.21483
vt 0.29718 0.21433
vt 0.29448 0.22313
vt 0.29809 0.22286
vt 0.29479 0.23145
vt 0.29841 0.23142
vt 0.29453 0.23977
vt 0.29815 0.23999
vt 0.29372 0.24806
vt 0.29733 0.24851
vt 0.29237 0.25627
vt 0.29595 0.25697
vt 0.29048 0.26438
vt 0.29401 0.26531
vt 0.28807 0.27235
vt 0.29154 0.27351
vt 0.28515 0.28014
vt 0.28853 0.28153
vt 0.28172 0.28773
vt 0.28501 0.28934
vt 0.27781 0.29508
vt 0.28099 0.29691
vt 0.27343 0.30216
vt 0.27649 0.30419
vt 0.26861 0.30894
vt 0.27153 0.31117
vt 0.26335 0.31539
vt 0.26612 0.31781
vt 0.25769 0.32149
vt 0.26030 0.32408
vt 0.25165 0.32720
vt 0.25409 0.32996
vt 0.24524 0.33250
vt 0.24750 0.33543
vt 0.23851 0.33738
vt 0.24058 0.34044
vt 0.23148 0.34180
vt 0.23334 0.34500
vt 0.22418 0.34575
vt 0.22583 0.34906
vt 0.21663 0.34921
vt 0.21806 0.35263
vt 0.20888 0.35216
vt 0.21008 0.35567
vt 0.20094 0.35459
vt 0.20191 0.35818
vt 0.19287 0.35650
vt 0.19360 0.36014
vt 0.18469 0.35786
vt 0.18518 0.36155
vt 0.16811 0.33438
vt 0.17457 0.33396
vt 0.16165 0.33394
vt 0.15480 0.33325
vt 0.14822 0.33214
vt 0.14172 0.33060
vt 0.13533 0.32862
vt 0.12909 0.32623
vt 0.12301 0.32344
vt 0.11712 0.32025
vt 0.11145 0.31668
vt 0.10602 0.31275
vt 0.10085 0.30847
vt 0.09596 0.30386
vt 0.09138 0.29894
vt 0.08713 0.29373
vt 0.08322 0.28825
vt 0.07967 0.28252
vt 0.07651 0.27657
vt 0.07373 0.27043
vt 0.07136 0.26412
vt 0.06940 0.25766
vt 0.06787 0.25108
vt 0.06678 0.24442
vt 0.06612 0.23770
vt 0.06591 0.23095
vt 0.06614 0.22421
vt 0.06681 0.21749
vt 0.06791 0.21083
vt 0.06945 0.20426
vt 0.07142 0.19780
vt 0.07380 0.19149
vt 0.07659 0.18536
vt 0.07977 0.17942
vt 0.08332 0.17370
vt 0.08724 0.16822
vt 0.09150 0.16302
vt 0.09608 0.15810
vt 0.10097 0.15350
vt 0.10614 0.14923
vt 0.11158 0.14530
vt 0.11726 0.14174
vt 0.12313 0.13857
vt 0.12922 0.13580
vt 0.13559 0.13341
vt 0.14213 0.13144
vt 0.14863 0.12991
vt 0.15512 0.12882
vt 0.16186 0.12815
vt 0.16822 0.12789
vt 0.17457 0.12815
vt 0.18130 0.12882
vt 0.18777 0.12991
vt 0.19425 0.13144
vt 0.20075 0.13341
vt 0.20708 0.13578
vt 0.21312 0.13854
vt 0.21893 0.14169
vt 0.22453 0.14522
vt 0.22988 0.14910
vt 0.23495 0.15333
vt 0.25057 0.15482
vt 0.23817 0.15696
vt 0.23832 0.15590
vt 0.25208 0.15396
vt 0.26292 0.15762
vt 0.26370 0.15706
vt 0.27427 0.16495
vt 0.27314 0.16512
vt 0.22210 0.20196
vt 0.22756 0.21063
vt 0.22396 0.20768
vt 0.22231 0.20402
vt 0.22534 0.21144
vt 0.22643 0.21532
vt 0.23719 0.21796
vt 0.22727 0.21928
vt 0.22786 0.22325
vt 0.24988 0.22161
vt 0.27278 0.22481
vt 0.27357 0.21728
vt 0.27118 0.23167
vt 0.26986 0.23833
vt 0.26920 0.24496
vt 0.26810 0.25155
vt 0.26657 0.25807
vt 0.26463 0.26447
vt 0.26227 0.27074
vt 0.25950 0.27685
vt 0.25635 0.28277
vt 0.25282 0.28846
vt 0.24893 0.29392
vt 0.24470 0.29911
vt 0.24014 0.30402
vt 0.23527 0.30861
vt 0.23012 0.31288
vt 0.22471 0.31680
vt 0.21905 0.32036
vt 0.21317 0.32354
vt 0.20710 0.32632
vt 0.20086 0.32870
vt 0.19449 0.33065
vt 0.18799 0.33219
vt 0.18141 0.33328
vt 0.82712 0.49955
vt 0.82713 0.48939
vt 0.82712 0.47925
vt 0.82711 0.46911
vt 0.82709 0.45897
vt 0.82705 0.44882
vt 0.82699 0.43866
vt 0.82690 0.42847
vt 0.82682 0.41825
vt 0.82677 0.40798
vt 0.82678 0.39770
vt 0.82687 0.38744
vt 0.82700 0.37725
vt 0.82706 0.36708
vt 0.82712 0.35690
vt 0.82718 0.34673
vt 0.82722 0.33657
vt 0.82726 0.32641
vt 0.82728 0.31625
vt 0.82730 0.30609
vt 0.82732 0.29594
vt 0.82734 0.28578
vt 0.82736 0.27562
vt 0.82738 0.26547
vt 0.82740 0.25531
vt 0.82742 0.24515
vt 0.82744 0.23500
vt 0.82746 0.22484
vt 0.82748 0.21469
vt 0.82751 0.20453
vt 0.82753 0.19438
vt 0.82755 0.18422
vt 0.82758 0.17407
vt 0.82760 0.16390
vt 0.82762 0.15374
vt 0.82764 0.14356
vt 0.82765 0.13336
vt 0.82771 0.12315
vt 0.82778 0.11296
vt 0.82784 0.10278
vt 0.82792 0.09261
vt 0.82799 0.08244
vt 0.82807 0.07223
vt 0.82815 0.06189
vt 0.82823 0.05159
vt 0.82831 0.04148
vt 0.82839 0.03148
vt 0.82846 0.02148
vt 0.82854 0.01148
vt 0.82711 0.50970
vt 0.82710 0.51984
vt 0.82708 0.52998
vt 0.82704 0.54012
vt 0.82699 0.55026
vt 0.82691 0.56042
vt 0.82681 0.57061
vt 0.82671 0.58084
vt 0.82665 0.59111
vt 0.82666 0.60140
vt 0.82673 0.61166
vt 0.82684 0.62187
vt 0.82690 0.63205
vt 0.82696 0.64223
vt 0.82701 0.65241
vt 0.82704 0.66258
vt 0.82707 0.67275
vt 0.82709 0.68292
vt 0.82711 0.69308
vt 0.82713 0.70324
vt 0.82714 0.71341
vt 0.82716 0.72357
vt 0.82717 0.73373
vt 0.82719 0.74389
vt 0.82720 0.75404
vt 0.82722 0.76420
vt 0.82724 0.77436
vt 0.82725 0.78451
vt 0.82727 0.79467
vt 0.82729 0.80482
vt 0.82731 0.81498
vt 0.82732 0.82513
vt 0.82734 0.83529
vt 0.82736 0.84545
vt 0.82738 0.85561
vt 0.82739 0.86579
vt 0.82743 0.87598
vt 0.82748 0.88615
vt 0.82752 0.89631
vt 0.82757 0.90647
vt 0.82762 0.91663
vt 0.82767 0.92683
vt 0.82773 0.93716
vt 0.82778 0.94746
vt 0.82783 0.95756
vt 0.82788 0.96757
vt 0.82793 0.97757
vt 0.82798 0.98757
vt 0.16804 0.28916
vt 0.17143 0.28895
vt 0.17163 0.29194
vt 0.16804 0.29217
vt 0.16444 0.29192
vt 0.16465 0.28893
vt 0.16059 0.28850
vt 0.16020 0.29148
vt 0.15691 0.28786
vt 0.15633 0.29081
vt 0.15328 0.28698
vt 0.15250 0.28988
vt 0.14971 0.28586
vt 0.14875 0.28871
vt 0.14621 0.28451
vt 0.14507 0.28728
vt 0.14281 0.28294
vt 0.14149 0.28563
vt 0.13951 0.28115
vt 0.13802 0.28374
vt 0.13633 0.27914
vt 0.13468 0.28163
vt 0.13328 0.27694
vt 0.13148 0.27930
vt 0.13037 0.27454
vt 0.12843 0.27678
vt 0.12762 0.27195
vt 0.12554 0.27405
vt 0.12504 0.26919
vt 0.12284 0.27115
vt 0.12264 0.26627
vt 0.12032 0.26808
vt 0.12043 0.26320
vt 0.11800 0.26484
vt 0.11842 0.25999
vt 0.11590 0.26146
vt 0.11662 0.25665
vt 0.11402 0.25795
vt 0.11504 0.25320
vt 0.11236 0.25433
vt 0.11369 0.24965
vt 0.11095 0.25060
vt 0.11257 0.24602
vt 0.10979 0.24678
vt 0.11170 0.24232
vt 0.10888 0.24289
vt 0.11108 0.23857
vt 0.10822 0.23895
vt 0.11070 0.23479
vt 0.10783 0.23498
vt 0.11058 0.23099
vt 0.10771 0.23098
vt 0.11071 0.22719
vt 0.10785 0.22699
vt 0.11110 0.22341
vt 0.10825 0.22302
vt 0.11174 0.21966
vt 0.10891 0.21908
vt 0.11262 0.21596
vt 0.10983 0.21520
vt 0.11375 0.21234
vt 0.11101 0.21139
vt 0.11511 0.20879
vt 0.11243 0.20766
vt 0.11669 0.20535
vt 0.11409 0.20404
vt 0.11850 0.20201
vt 0.11597 0.20053
vt 0.12051 0.19880
vt 0.11808 0.19716
vt 0.12272 0.19574
vt 0.12040 0.19393
vt 0.12513 0.19282
vt 0.12292 0.19086
vt 0.12771 0.19006
vt 0.12563 0.18796
vt 0.13046 0.18748
vt 0.12852 0.18524
vt 0.13337 0.18509
vt 0.13157 0.18272
vt 0.13642 0.18288
vt 0.13477 0.18040
vt 0.13960 0.18088
vt 0.13811 0.17829
vt 0.14287 0.17911
vt 0.14156 0.17642
vt 0.14624 0.17756
vt 0.14510 0.17478
vt 0.14980 0.17621
vt 0.14885 0.17337
vt 0.15351 0.17507
vt 0.15274 0.17217
vt 0.15718 0.17418
vt 0.15660 0.17125
vt 0.16080 0.17356
vt 0.16042 0.17059
vt 0.16479 0.17314
vt 0.16459 0.17016
vt 0.16811 0.17298
vt 0.16812 0.16999
vt 0.17164 0.17015
vt 0.17144 0.17314
vt 0.17542 0.17355
vt 0.17582 0.17058
vt 0.17905 0.17417
vt 0.17963 0.17123
vt 0.18271 0.17506
vt 0.18348 0.17216
vt 0.18641 0.17620
vt 0.18737 0.17335
vt 0.18998 0.17754
vt 0.19112 0.17477
vt 0.19334 0.17909
vt 0.19466 0.17640
vt 0.19662 0.18087
vt 0.19810 0.17828
vt 0.19981 0.18287
vt 0.20145 0.18039
vt 0.20287 0.18508
vt 0.20466 0.18271
vt 0.20580 0.18747
vt 0.20773 0.18523
vt 0.20859 0.19005
vt 0.21066 0.18794
vt 0.21120 0.19280
vt 0.21342 0.19082
vt 0.21364 0.19571
vt 0.21598 0.19388
vt 0.21588 0.19877
vt 0.21835 0.19709
vt 0.21790 0.20197
vt 0.22049 0.20046
vt 0.21967 0.20533
vt 0.22123 0.20881
vt 0.22255 0.21238
vt 0.22361 0.21605
vt 0.22443 0.21980
vt 0.22500 0.22358
vt 0.22533 0.22738
vt 0.22820 0.22723
vt 0.22543 0.23120
vt 0.22830 0.23122
vt 0.22529 0.23501
vt 0.22816 0.23522
vt 0.22490 0.23879
vt 0.22776 0.23919
vt 0.22427 0.24255
vt 0.22710 0.24313
vt 0.22339 0.24624
vt 0.22618 0.24701
vt 0.22228 0.24987
vt 0.22502 0.25082
vt 0.22093 0.25342
vt 0.22361 0.25455
vt 0.21936 0.25686
vt 0.22197 0.25817
vt 0.21757 0.26020
vt 0.22009 0.26168
vt 0.21556 0.26340
vt 0.21800 0.26505
vt 0.21336 0.26647
vt 0.21569 0.26828
vt 0.21097 0.26938
vt 0.21318 0.27134
vt 0.20840 0.27214
vt 0.21049 0.27424
vt 0.20566 0.27471
vt 0.20761 0.27695
vt 0.20276 0.27710
vt 0.20457 0.27947
vt 0.19972 0.27930
vt 0.20137 0.28179
vt 0.19654 0.28129
vt 0.19803 0.28389
vt 0.19325 0.28307
vt 0.19457 0.28576
vt 0.18985 0.28463
vt 0.19100 0.28740
vt 0.18636 0.28596
vt 0.18732 0.28881
vt 0.18279 0.28706
vt 0.18357 0.28996
vt 0.17916 0.28793
vt 0.17975 0.29087
vt 0.17548 0.28855
vt 0.17587 0.29152
vt 0.16799 0.26498
vt 0.16979 0.26485
vt 0.17003 0.26840
vt 0.16799 0.26853
vt 0.16595 0.26838
vt 0.16620 0.26484
vt 0.16360 0.26451
vt 0.16312 0.26805
vt 0.16143 0.26409
vt 0.16073 0.26760
vt 0.15929 0.26353
vt 0.15837 0.26700
vt 0.15719 0.26284
vt 0.15605 0.26624
vt 0.15513 0.26201
vt 0.15378 0.26534
vt 0.15313 0.26106
vt 0.15158 0.26429
vt 0.15119 0.25998
vt 0.14945 0.26311
vt 0.14933 0.25878
vt 0.14739 0.26179
vt 0.14754 0.25747
vt 0.14543 0.26034
vt 0.14585 0.25605
vt 0.14356 0.25877
vt 0.14424 0.25452
vt 0.14179 0.25709
vt 0.14274 0.25290
vt 0.14014 0.25530
vt 0.14135 0.25120
vt 0.13860 0.25342
vt 0.14006 0.24941
vt 0.13719 0.25144
vt 0.13890 0.24755
vt 0.13591 0.24938
vt 0.13786 0.24563
vt 0.13476 0.24725
vt 0.13695 0.24364
vt 0.13376 0.24505
vt 0.13617 0.24161
vt 0.13290 0.24280
vt 0.13553 0.23954
vt 0.13219 0.24050
vt 0.13503 0.23744
vt 0.13164 0.23816
vt 0.13467 0.23531
vt 0.13124 0.23579
vt 0.13446 0.23316
vt 0.13101 0.23340
vt 0.13439 0.23101
vt 0.13093 0.23100
vt 0.13448 0.22885
vt 0.13102 0.22860
vt 0.13470 0.22671
vt 0.13127 0.22621
vt 0.13508 0.22458
vt 0.13168 0.22384
vt 0.13559 0.22247
vt 0.13225 0.22150
vt 0.13624 0.22040
vt 0.13296 0.21921
vt 0.13703 0.21837
vt 0.13383 0.21695
vt 0.13795 0.21639
vt 0.13484 0.21476
vt 0.13899 0.21447
vt 0.13599 0.21263
vt 0.14016 0.21261
vt 0.13728 0.21058
vt 0.14144 0.21083
vt 0.13869 0.20860
vt 0.14284 0.20912
vt 0.14023 0.20672
vt 0.14434 0.20750
vt 0.14188 0.20493
vt 0.14594 0.20598
vt 0.14365 0.20326
vt 0.14764 0.20456
vt 0.14552 0.20169
vt 0.14942 0.20325
vt 0.14748 0.20025
vt 0.15128 0.20206
vt 0.14953 0.19893
vt 0.15319 0.20100
vt 0.15164 0.19776
vt 0.15513 0.20008
vt 0.15379 0.19675
vt 0.15723 0.19925
vt 0.15609 0.19584
vt 0.15945 0.19853
vt 0.15853 0.19506
vt 0.16164 0.19795
vt 0.16094 0.19444
vt 0.16376 0.19751
vt 0.16329 0.19399
vt 0.16632 0.19718
vt 0.16607 0.19366
vt 0.16807 0.19705
vt 0.16807 0.19353
vt 0.17006 0.19365
vt 0.16982 0.19717
vt 0.17237 0.19750
vt 0.17284 0.19397
vt 0.17450 0.19792
vt 0.17520 0.19441
vt 0.17669 0.19850
vt 0.17761 0.19503
vt 0.17891 0.19921
vt 0.18005 0.19581
vt 0.18101 0.20003
vt 0.18236 0.19670
vt 0.18296 0.20095
vt 0.18451 0.19771
vt 0.18487 0.20200
vt 0.18662 0.19887
vt 0.18674 0.20319
vt 0.18868 0.20018
vt 0.18853 0.20449
vt 0.19066 0.20162
vt 0.19024 0.20590
vt 0.19254 0.20317
vt 0.19186 0.20741
vt 0.19432 0.20484
vt 0.19337 0.20901
vt 0.19599 0.20661
vt 0.19478 0.21071
vt 0.19755 0.20849
vt 0.19606 0.21249
vt 0.19897 0.21046
vt 0.19723 0.21435
vt 0.20026 0.21252
vt 0.19826 0.21628
vt 0.20140 0.21466
vt 0.19916 0.21827
vt 0.20239 0.21688
vt 0.19993 0.22032
vt 0.20323 0.21915
vt 0.20055 0.22241
vt 0.20391 0.22148
vt 0.20103 0.22454
vt 0.20444 0.22384
vt 0.20137 0.22670
vt 0.20481 0.22623
vt 0.20157 0.22887
vt 0.20503 0.22865
vt 0.20163 0.23105
vt 0.20509 0.23107
vt 0.20154 0.23323
vt 0.20499 0.23349
vt 0.20132 0.23540
vt 0.20475 0.23589
vt 0.20095 0.23755
vt 0.20434 0.23828
vt 0.20044 0.23968
vt 0.20378 0.24064
vt 0.19979 0.24177
vt 0.20307 0.24296
vt 0.19901 0.24381
vt 0.20221 0.24522
vt 0.19810 0.24581
vt 0.20121 0.24743
vt 0.19706 0.24774
vt 0.20007 0.24957
vt 0.19590 0.24961
vt 0.19879 0.25164
vt 0.19462 0.25140
vt 0.19738 0.25362
vt 0.19323 0.25311
vt 0.19584 0.25551
vt 0.19173 0.25473
vt 0.19419 0.25730
vt 0.19013 0.25625
vt 0.19242 0.25897
vt 0.18844 0.25767
vt 0.19056 0.26053
vt 0.18665 0.25897
vt 0.18859 0.26197
vt 0.18479 0.26016
vt 0.18654 0.26328
vt 0.18285 0.26122
vt 0.18440 0.26445
vt 0.18086 0.26215
vt 0.18220 0.26548
vt 0.17880 0.26296
vt 0.17993 0.26636
vt 0.17670 0.26363
vt 0.17762 0.26710
vt 0.17456 0.26416
vt 0.17525 0.26768
vt 0.17239 0.26456
vt 0.17286 0.26810
vt 0.17082 0.28017
vt 0.16803 0.28035
vt 0.16523 0.28015
vt 0.16171 0.27978
vt 0.15859 0.27923
vt 0.15551 0.27847
vt 0.15248 0.27751
vt 0.14952 0.27636
vt 0.14663 0.27502
vt 0.14383 0.27349
vt 0.14113 0.27179
vt 0.13854 0.26991
vt 0.13607 0.26788
vt 0.13374 0.26568
vt 0.13154 0.26334
vt 0.12950 0.26087
vt 0.12762 0.25826
vt 0.12591 0.25554
vt 0.12438 0.25271
vt 0.12304 0.24979
vt 0.12189 0.24679
vt 0.12094 0.24372
vt 0.12020 0.24059
vt 0.11967 0.23741
vt 0.11935 0.23421
vt 0.11925 0.23100
vt 0.11936 0.22778
vt 0.11969 0.22458
vt 0.12024 0.22141
vt 0.12099 0.21828
vt 0.12195 0.21521
vt 0.12311 0.21221
vt 0.12446 0.20930
vt 0.12599 0.20647
vt 0.12770 0.20375
vt 0.12959 0.20115
vt 0.13163 0.19868
vt 0.13382 0.19634
vt 0.13616 0.19415
vt 0.13863 0.19211
vt 0.14121 0.19024
vt 0.14391 0.18854
vt 0.14669 0.18703
vt 0.14953 0.18572
vt 0.15256 0.18457
vt 0.15571 0.18359
vt 0.15884 0.18282
vt 0.16191 0.18227
vt 0.16536 0.18191
vt 0.16810 0.18176
vt 0.17084 0.18190
vt 0.17429 0.18226
vt 0.17737 0.18281
vt 0.18049 0.18357
vt 0.18365 0.18455
vt 0.18667 0.18570
vt 0.18952 0.18701
vt 0.19230 0.18852
vt 0.19501 0.19022
vt 0.19761 0.19209
vt 0.20010 0.19413
vt 0.20246 0.19631
vt 0.20467 0.19864
vt 0.20673 0.20111
vt 0.20862 0.20371
vt 0.21033 0.20642
vt 0.21185 0.20925
vt 0.21317 0.21219
vt 0.21429 0.21521
vt 0.21520 0.21830
vt 0.21590 0.22146
vt 0.21640 0.22466
vt 0.21669 0.22789
vt 0.21677 0.23113
vt 0.21665 0.23436
vt 0.21631 0.23758
vt 0.21577 0.24076
vt 0.21503 0.24390
vt 0.21407 0.24698
vt 0.21293 0.24999
vt 0.21159 0.25291
vt 0.21006 0.25574
vt 0.20836 0.25846
vt 0.20649 0.26106
vt 0.20446 0.26353
vt 0.20227 0.26587
vt 0.19994 0.26806
vt 0.19748 0.27009
vt 0.19490 0.27195
vt 0.19220 0.27364
vt 0.18941 0.27515
vt 0.18653 0.27648
vt 0.18356 0.27761
vt 0.18054 0.27855
vt 0.17746 0.27929
vt 0.17434 0.27982
vt 0.16800 0.26098
vt 0.16951 0.26087
vt 0.16650 0.26086
vt 0.16415 0.26085
vt 0.16222 0.26012
vt 0.16032 0.25961
vt 0.15845 0.25899
vt 0.15662 0.25825
vt 0.15484 0.25740
vt 0.15312 0.25644
vt 0.15147 0.25537
vt 0.14988 0.25420
vt 0.14838 0.25293
vt 0.14696 0.25157
vt 0.14563 0.25014
vt 0.14440 0.24862
vt 0.14327 0.24704
vt 0.14224 0.24540
vt 0.14133 0.24371
vt 0.14053 0.24197
vt 0.13986 0.24020
vt 0.13930 0.23840
vt 0.13887 0.23657
vt 0.13856 0.23473
vt 0.13838 0.23288
vt 0.13832 0.23102
vt 0.13839 0.22916
vt 0.13859 0.22731
vt 0.13892 0.22546
vt 0.13936 0.22363
vt 0.13993 0.22183
vt 0.14062 0.22005
vt 0.14143 0.21831
vt 0.14235 0.21662
vt 0.14337 0.21498
vt 0.14451 0.21340
vt 0.14574 0.21189
vt 0.14706 0.21045
vt 0.14848 0.20910
vt 0.14998 0.20784
vt 0.15156 0.20667
vt 0.15321 0.20560
vt 0.15490 0.20466
vt 0.15662 0.20385
vt 0.15848 0.20311
vt 0.16047 0.20245
vt 0.16243 0.20191
vt 0.16432 0.20150
vt 0.16661 0.20112
vt 0.16807 0.20101
vt 0.16952 0.20111
vt 0.17181 0.20148
vt 0.17371 0.20189
vt 0.17566 0.20242
vt 0.17766 0.20307
vt 0.17953 0.20380
vt 0.18125 0.20461
vt 0.18294 0.20555
vt 0.18460 0.20660
vt 0.18619 0.20776
vt 0.18770 0.20901
vt 0.18912 0.21035
vt 0.19046 0.21177
vt 0.19169 0.21327
vt 0.19283 0.21484
vt 0.19385 0.21648
vt 0.19475 0.21817
vt 0.19554 0.21992
vt 0.19621 0.22170
vt 0.19675 0.22353
vt 0.19718 0.22538
vt 0.19747 0.22725
vt 0.19765 0.22914
vt 0.19770 0.23103
vt 0.19763 0.23292
vt 0.19743 0.23480
vt 0.19711 0.23668
vt 0.19667 0.23853
vt 0.19611 0.24035
vt 0.19542 0.24215
vt 0.19463 0.24390
vt 0.19371 0.24560
vt 0.19269 0.24725
vt 0.19156 0.24884
vt 0.19033 0.25035
vt 0.18901 0.25178
vt 0.18759 0.25313
vt 0.18609 0.25439
vt 0.18452 0.25555
vt 0.18287 0.25661
vt 0.18115 0.25755
vt 0.17938 0.25838
vt 0.17756 0.25910
vt 0.17569 0.25970
vt 0.17379 0.26019
vt 0.17186 0.26089
vt 0.28055 0.17535
vt 0.28004 0.17560
vt 0.28338 0.18784
vt 0.28256 0.18811
vt 0.28172 0.20086
vt 0.28051 0.20057
vt 0.27496 0.21167
vt 0.22101 0.20012
vt 0.21768 0.18791
vt 0.22030 0.17422
vt 0.22091 0.17461
vt 0.22690 0.16335
vt 0.22758 0.16380
vt 0.17276 0.30793
vt 0.16808 0.30823
vt 0.16341 0.30791
vt 0.15818 0.30738
vt 0.15328 0.30655
vt 0.14845 0.30539
vt 0.14369 0.30392
vt 0.13904 0.30214
vt 0.13451 0.30005
vt 0.13012 0.29767
vt 0.12589 0.29501
vt 0.12184 0.29208
vt 0.11797 0.28889
vt 0.11432 0.28545
vt 0.11090 0.28178
vt 0.10771 0.27789
vt 0.10479 0.27380
vt 0.10213 0.26952
vt 0.09975 0.26508
vt 0.09767 0.26049
vt 0.09588 0.25577
vt 0.09442 0.25095
vt 0.09327 0.24603
vt 0.09244 0.24105
vt 0.09195 0.23602
vt 0.09179 0.23098
vt 0.09196 0.22593
vt 0.09247 0.22090
vt 0.09330 0.21592
vt 0.09446 0.21101
vt 0.09594 0.20619
vt 0.09773 0.20147
vt 0.09982 0.19689
vt 0.10221 0.19245
vt 0.10487 0.18818
vt 0.10781 0.18410
vt 0.11099 0.18021
vt 0.11442 0.17655
vt 0.11808 0.17311
vt 0.12194 0.16992
vt 0.12600 0.16700
vt 0.13023 0.16434
vt 0.13460 0.16198
vt 0.13911 0.15992
vt 0.14385 0.15814
vt 0.14875 0.15666
vt 0.15360 0.15551
vt 0.15843 0.15469
vt 0.16357 0.15417
vt 0.16816 0.15397
vt 0.17274 0.15417
vt 0.17787 0.15469
vt 0.18268 0.15550
vt 0.18752 0.15665
vt 0.19239 0.15813
vt 0.19711 0.15990
vt 0.20159 0.16195
vt 0.20593 0.16430
vt 0.21013 0.16694
vt 0.21417 0.16985
vt 0.21804 0.17302
vt 0.24757 0.22621
vt 0.24580 0.23145
vt 0.24403 0.23646
vt 0.24352 0.24145
vt 0.24269 0.24640
vt 0.24154 0.25129
vt 0.24008 0.25608
vt 0.23830 0.26078
vt 0.23623 0.26534
vt 0.23387 0.26976
vt 0.23122 0.27402
vt 0.22831 0.27809
vt 0.22514 0.28196
vt 0.22173 0.28562
vt 0.21810 0.28905
vt 0.21425 0.29223
vt 0.21021 0.29515
vt 0.20599 0.29780
vt 0.20161 0.30016
vt 0.19709 0.30223
vt 0.19245 0.30400
vt 0.18770 0.30546
vt 0.18287 0.30660
vt 0.17798 0.30742
vt 0.17367 0.32101
vt 0.16810 0.32137
vt 0.16253 0.32099
vt 0.15649 0.32038
vt 0.15075 0.31941
vt 0.14508 0.31806
vt 0.13950 0.31634
vt 0.13405 0.31425
vt 0.12874 0.31181
vt 0.12360 0.30902
vt 0.11865 0.30591
vt 0.11390 0.30247
vt 0.10938 0.29873
vt 0.10511 0.29471
vt 0.10110 0.29041
vt 0.09738 0.28586
vt 0.09396 0.28107
vt 0.09085 0.27606
vt 0.08808 0.27086
vt 0.08564 0.26549
vt 0.08357 0.25997
vt 0.08185 0.25432
vt 0.08051 0.24857
vt 0.07955 0.24275
vt 0.07898 0.23687
vt 0.07879 0.23096
vt 0.07899 0.22506
vt 0.07958 0.21918
vt 0.08055 0.21336
vt 0.08190 0.20761
vt 0.08363 0.20197
vt 0.08571 0.19645
vt 0.08816 0.19109
vt 0.09094 0.18589
vt 0.09405 0.18089
vt 0.09748 0.17611
vt 0.10121 0.17156
vt 0.10522 0.16727
vt 0.10949 0.16325
vt 0.11401 0.15952
vt 0.11876 0.15609
vt 0.12372 0.15298
vt 0.12885 0.15021
vt 0.13415 0.14779
vt 0.13971 0.14571
vt 0.14543 0.14398
vt 0.15111 0.14264
vt 0.15677 0.14169
vt 0.16271 0.14110
vt 0.16819 0.14086
vt 0.17366 0.14109
vt 0.17959 0.14169
vt 0.18523 0.14264
vt 0.19089 0.14398
vt 0.19657 0.14570
vt 0.20209 0.14777
vt 0.20734 0.15016
vt 0.21241 0.15290
vt 0.21729 0.15597
vt 0.22194 0.15934
vt 0.22635 0.16297
vt 0.26211 0.22559
vt 0.25945 0.23167
vt 0.25699 0.23746
vt 0.25641 0.24326
vt 0.25544 0.24903
vt 0.25411 0.25472
vt 0.25240 0.26032
vt 0.25033 0.26580
vt 0.24791 0.27114
vt 0.24515 0.27631
vt 0.24206 0.28129
vt 0.23866 0.28606
vt 0.23496 0.29059
vt 0.23097 0.29487
vt 0.22672 0.29889
vt 0.22222 0.30261
vt 0.21748 0.30603
vt 0.21254 0.30914
vt 0.20741 0.31191
vt 0.20211 0.31434
vt 0.19667 0.31641
vt 0.19111 0.31812
vt 0.18544 0.31946
vt 0.17970 0.32041
vt 0.26456 0.21943
vt 0.22188 0.19968
vt 0.22348 0.19900
vt 0.22990 0.20905
vt 0.22866 0.21025
vt 0.23962 0.21624
vt 0.23894 0.21780
vt 0.25125 0.21888
vt 0.25121 0.22059
vt 0.26365 0.21859
vt 0.26277 0.21709
vt 0.27247 0.21007
vt 0.27372 0.21126
vt 0.27892 0.19994
vt 0.28083 0.18813
vt 0.27844 0.17626
vt 0.27189 0.16631
vt 0.26223 0.15918
vt 0.25054 0.15652
vt 0.23880 0.15854
vt 0.22878 0.16498
vt 0.22250 0.17523
vt 0.22057 0.18706
vt 0.21885 0.18710
vt 0.36797 0.09803
vt 0.35781 0.09350
vt 0.37067 0.06487
vt 0.38075 0.06936
vt 0.34746 0.08884
vt 0.36044 0.06026
vt 0.33721 0.08417
vt 0.35032 0.05565
vt 0.32682 0.07937
vt 0.31668 0.07455
vt 0.33020 0.04623
vt 0.34021 0.05098
vt 0.30648 0.06964
vt 0.32013 0.04138
vt 0.29637 0.06472
vt 0.31013 0.03651
vt 0.28619 0.05971
vt 0.30004 0.03155
vt 0.27621 0.05477
vt 0.29012 0.02664
vt 0.26613 0.04976
vt 0.28009 0.02165
vt 0.25606 0.04475
vt 0.27003 0.01664
vt 0.24603 0.03976
vt 0.26001 0.01165
vt 0.40933 0.11626
vt 0.39906 0.11174
vt 0.41171 0.08301
vt 0.42198 0.08753
vt 0.38871 0.10719
vt 0.40139 0.07847
vt 0.37844 0.10266
vt 0.39115 0.07397
vt 0.16951 0.26003
vt 0.16951 0.25965
vt 0.16950 0.25919
vt 0.16947 0.25846
vt 0.16944 0.25756
vt 0.16948 0.25713
vt 0.16947 0.25611
vt 0.16946 0.25497
vt 0.16945 0.25373
vt 0.16944 0.25238
vt 0.16943 0.25094
vt 0.16942 0.24941
vt 0.16941 0.24780
vt 0.16940 0.24611
vt 0.16939 0.24435
vt 0.16939 0.24254
vt 0.16938 0.24067
vt 0.16938 0.23875
vt 0.16938 0.23681
vt 0.16938 0.23483
vt 0.16939 0.23284
vt 0.16939 0.23084
vt 0.16940 0.22884
vt 0.16942 0.22685
vt 0.16943 0.22488
vt 0.16945 0.22294
vt 0.16947 0.22103
vt 0.16948 0.21916
vt 0.16950 0.21735
vt 0.16951 0.21560
vt 0.16952 0.21392
vt 0.16952 0.21231
vt 0.16952 0.21079
vt 0.16953 0.20936
vt 0.16953 0.20802
vt 0.16953 0.20679
vt 0.16953 0.20567
vt 0.16953 0.20466
vt 0.16953 0.20379
vt 0.16953 0.20306
vt 0.16953 0.20242
vt 0.16953 0.20190
vt 0.16952 0.20154
vt 0.16649 0.26003
vt 0.16800 0.26003
vt 0.16649 0.25965
vt 0.16800 0.25964
vt 0.16649 0.25919
vt 0.16800 0.25919
vt 0.16647 0.25847
vt 0.16797 0.25846
vt 0.16645 0.25757
vt 0.16794 0.25756
vt 0.16650 0.25714
vt 0.16799 0.25713
vt 0.16650 0.25611
vt 0.16799 0.25611
vt 0.16651 0.25498
vt 0.16798 0.25498
vt 0.16651 0.25373
vt 0.16798 0.25373
vt 0.16652 0.25239
vt 0.16798 0.25239
vt 0.16652 0.25094
vt 0.16798 0.25095
vt 0.16653 0.24941
vt 0.16797 0.24941
vt 0.16654 0.24780
vt 0.16797 0.24780
vt 0.16655 0.24611
vt 0.16797 0.24611
vt 0.16656 0.24435
vt 0.16798 0.24435
vt 0.16657 0.24253
vt 0.16798 0.24254
vt 0.16658 0.24066
vt 0.16798 0.24067
vt 0.16659 0.23875
vt 0.16798 0.23875
vt 0.16660 0.23680
vt 0.16799 0.23680
vt 0.16661 0.23482
vt 0.16799 0.23483
vt 0.16662 0.23283
vt 0.16800 0.23284
vt 0.16663 0.23083
vt 0.16801 0.23083
vt 0.16664 0.22883
vt 0.16802 0.22883
vt 0.16665 0.22684
vt 0.16803 0.22684
vt 0.16666 0.22486
vt 0.16804 0.22487
vt 0.16666 0.22292
vt 0.16806 0.22293
vt 0.16667 0.22101
vt 0.16807 0.22102
vt 0.16667 0.21915
vt 0.16808 0.21915
vt 0.16667 0.21734
vt 0.16808 0.21734
vt 0.16667 0.21559
vt 0.16809 0.21559
vt 0.16667 0.21391
vt 0.16809 0.21391
vt 0.16667 0.21231
vt 0.16809 0.21231
vt 0.16666 0.21079
vt 0.16809 0.21079
vt 0.16665 0.20936
vt 0.16809 0.20936
vt 0.16665 0.20803
vt 0.16809 0.20802
vt 0.16664 0.20680
vt 0.16808 0.20679
vt 0.16663 0.20568
vt 0.16808 0.20567
vt 0.16662 0.20467
vt 0.16807 0.20467
vt 0.16662 0.20380
vt 0.16807 0.20380
vt 0.16661 0.20306
vt 0.16807 0.20307
vt 0.16661 0.20243
vt 0.16807 0.20245
vt 0.16661 0.20191
vt 0.16807 0.20193
vt 0.16661 0.20154
vt 0.16807 0.20156
# 3912 texture verticies
vn -0.08713 0.00000 0.99620
vn -0.07627 -0.00000 0.99709
vn -0.11969 -0.00000 0.99281
vn -0.14135 0.00000 0.98996
vn 0.00000 0.00000 1.00000
vn 0.00000 0.00000 1.00000
vn -0.20577 0.00000 0.97860
vn -0.18439 -0.00000 0.98285
vn -0.24825 0.00000 0.96870
vn -0.26935 0.00000 0.96304
vn -0.33174 0.00000 0.94337
vn -0.31110 0.00000 0.95038
vn -0.37257 0.00000 0.92800
vn -0.38873 -0.00000 0.92135
vn -0.75898 -0.00000 0.65111
vn -0.74356 0.00002 0.66867
vn -0.78666 0.00000 0.61739
vn -0.79996 -0.00000 0.60006
vn -0.83748 -0.00000 0.54647
vn -0.82537 0.00000 0.56460
vn -0.86051 -0.00000 0.50943
vn -0.87144 -0.00000 0.49051
vn -0.90164 0.00000 0.43249
vn -0.89200 -0.00000 0.45204
vn -0.91964 0.00000 0.39275
vn -0.92800 0.00000 0.37257
vn -0.95038 0.00000 0.31110
vn -0.94337 0.00000 0.33174
vn -0.96304 -0.00000 0.26936
vn -0.96869 0.00000 0.24825
vn -0.98285 0.00000 0.18439
vn -0.97860 -0.00000 0.20577
vn -0.98996 0.00000 0.14135
vn -0.99281 0.00000 0.11969
vn -0.99851 -0.00000 0.05452
vn -0.99709 0.00000 0.07627
vn -0.99994 -0.00000 0.01092
vn -0.99994 0.00000 -0.01092
vn -0.99709 0.00000 -0.07627
vn -0.99851 -0.00000 -0.05452
vn -0.99281 0.00000 -0.11969
vn -0.98996 0.00000 -0.14135
vn -0.97860 0.00000 -0.20577
vn -0.98285 0.00000 -0.18439
vn -0.96870 0.00000 -0.24825
vn -0.96304 0.00000 -0.26935
vn -0.94337 0.00000 -0.33174
vn -0.95038 0.00000 -0.31110
vn -0.92800 0.00000 -0.37257
vn -0.91964 0.00000 -0.39275
vn -0.89200 0.00000 -0.45204
vn -0.90164 -0.00000 -0.43249
vn -0.87144 -0.00000 -0.49051
vn -0.86051 0.00000 -0.50943
vn -0.82537 -0.00000 -0.56460
vn -0.83748 0.00000 -0.54647
vn -0.79996 -0.00000 -0.60006
vn -0.78666 -0.00000 -0.61739
vn -0.74461 0.00000 -0.66750
vn -0.75898 -0.00000 -0.65111
vn -0.71479 0.00000 -0.69934
vn -0.69934 0.00000 -0.71479
vn -0.65111 0.00000 -0.75898
vn -0.66750 0.00000 -0.74461
vn -0.61739 0.00000 -0.78666
vn -0.60006 0.00000 -0.79996
vn -0.54647 -0.00000 -0.83748
vn -0.56460 0.00000 -0.82537
vn -0.50943 -0.00000 -0.86051
vn -0.49051 -0.00000 -0.87144
vn -0.42940 -0.00027 -0.90312
vn -0.45079 -0.00000 -0.89263
vn -0.38706 -0.00048 -0.92205
vn -0.36805 -0.00113 -0.92981
vn -0.31056 -0.00240 -0.95055
vn -0.31749 -0.00209 -0.94826
vn -0.25382 -0.00314 -0.96725
vn -0.25269 -0.00327 -0.96754
vn -0.19393 -0.00305 -0.98101
vn -0.19414 -0.00291 -0.98097
vn -0.13702 -0.00241 -0.99057
vn -0.13053 -0.00248 -0.99144
vn -0.06303 -0.00212 -0.99801
vn -0.07766 -0.00203 -0.99698
vn 0.00000 -0.00194 -1.00000
vn 0.00000 -0.00209 -1.00000
vn -0.00862 -0.99419 0.10733
vn -0.00000 -0.99634 0.08545
vn -0.00000 -0.83026 0.55738
vn -0.04955 -0.82871 0.55748
vn -0.02375 -0.99496 0.09746
vn -0.08821 -0.84142 0.53313
vn -0.12247 -0.98577 0.11518
vn -0.01076 -0.97289 0.23102
vn 0.00000 -0.96199 0.27309
vn -0.02336 -0.99677 0.07687
vn -0.11898 -0.86459 0.48819
vn -0.02291 -0.99752 0.06657
vn -0.13676 -0.87954 0.45574
vn -0.00065 -1.00000 0.00155
vn -0.02561 -0.99961 0.01101
vn -0.02168 -0.99785 0.06182
vn -0.15790 -0.88242 0.44318
vn -0.02429 -0.99788 0.06043
vn -0.18604 -0.88075 0.43550
vn -0.00063 -1.00000 0.00156
vn -0.00059 -1.00000 0.00157
vn -0.02858 -0.99782 0.05950
vn -0.21589 -0.87864 0.42589
vn -0.03292 -0.99775 0.05841
vn -0.24560 -0.87617 0.41474
vn -0.00085 -1.00000 0.00151
vn -0.00074 -1.00000 0.00154
vn -0.03733 -0.99767 0.05714
vn -0.27508 -0.87334 0.40201
vn -0.04182 -0.99757 0.05568
vn -0.30435 -0.87011 0.38766
vn -0.00108 -1.00000 0.00144
vn -0.00097 -1.00000 0.00148
vn -0.04631 -0.99746 0.05405
vn -0.33327 -0.86634 0.37199
vn -0.05082 -0.99733 0.05239
vn -0.36239 -0.86152 0.35560
vn -0.00132 -1.00000 0.00135
vn -0.00120 -1.00000 0.00140
vn -0.05565 -0.99716 0.05081
vn -0.39241 -0.85520 0.33860
vn -0.06106 -0.99692 0.04930
vn -0.42363 -0.84721 0.32058
vn -0.00158 -1.00000 0.00124
vn -0.00145 -1.00000 0.00130
vn -0.06711 -0.99660 0.04783
vn -0.45620 -0.83722 0.30157
vn -0.07404 -0.99617 0.04654
vn -0.49097 -0.82437 0.28174
vn -0.00185 -1.00000 0.00109
vn -0.00171 -1.00000 0.00117
vn -0.08288 -0.99553 0.04528
vn -0.52852 -0.80826 0.25958
vn -0.09407 -0.99463 0.04323
vn -0.56625 -0.79074 0.23255
vn -0.00213 -1.00000 0.00091
vn -0.00199 -1.00000 0.00101
vn -0.10612 -0.99355 0.03998
vn -0.60118 -0.77334 0.20131
vn -0.11841 -0.99231 0.03598
vn -0.63470 -0.75437 0.16754
vn -0.00245 -1.00000 0.00068
vn -0.00229 -1.00000 0.00080
vn -0.13216 -0.99073 0.03154
vn -0.66921 -0.73128 0.13187
vn -0.14949 -0.98840 0.02683
vn -0.70774 -0.70015 0.09427
vn -0.00279 -1.00000 0.00039
vn -0.00261 -1.00000 0.00055
vn -0.17481 -0.98437 0.02126
vn -0.75334 -0.65549 0.05299
vn -0.21377 -0.97680 0.01294
vn -0.80606 -0.59181 0.00555
vn -0.00317 -0.99999 0.00004
vn -0.00298 -1.00000 0.00023
vn -0.27335 -0.96191 -0.00259
vn -0.85865 -0.50992 -0.05200
vn -0.34074 -0.93950 -0.03525
vn -0.87984 -0.45897 -0.12341
vn -0.00348 -0.99999 -0.00030
vn -0.00335 -0.99999 -0.00016
vn -0.39777 -0.91581 -0.05542
vn -0.84376 -0.50751 -0.17464
vn -0.47199 -0.88046 -0.04491
vn -0.81741 -0.53800 -0.20590
vn -0.33146 -0.94255 0.04156
vn -0.11131 -0.99361 0.01857
vn -0.01218 -0.76756 0.64086
vn 0.00000 -0.69566 0.71837
vn -0.42578 -0.83255 0.35435
vn -0.60869 -0.45930 0.64695
vn -0.01264 -0.54376 0.83915
vn -0.00000 -0.54032 0.84146
vn -0.17528 -0.76536 0.61928
vn -0.55066 -0.71250 0.43487
vn -0.21742 -0.95283 0.21177
vn -0.12765 -0.93887 0.31972
vn -0.18493 -0.72069 0.66814
vn -0.11158 -0.92327 0.36759
vn -0.20053 -0.58951 0.78247
vn -0.18762 -0.58795 0.78684
vn -0.71334 -0.45118 0.53626
vn -0.23139 -0.70205 0.67349
vn -0.13512 -0.91557 0.37878
vn -0.27532 -0.69727 0.66182
vn -0.15869 -0.91477 0.37150
vn -0.30092 -0.58961 0.74954
vn -0.25128 -0.58956 0.76765
vn -0.31842 -0.69630 0.64325
vn -0.18369 -0.91374 0.36240
vn -0.36035 -0.69517 0.62200
vn -0.20837 -0.91255 0.35190
vn -0.39613 -0.58976 0.70376
vn -0.34929 -0.58968 0.72820
vn -0.40093 -0.69389 0.59814
vn -0.23265 -0.91118 0.34002
vn -0.44002 -0.69246 0.57174
vn -0.25650 -0.90964 0.32675
vn -0.48452 -0.58993 0.64593
vn -0.44129 -0.58984 0.67628
vn -0.47488 -0.69140 0.54448
vn -0.27766 -0.90816 0.31330
vn -0.50230 -0.69274 0.51751
vn -0.29483 -0.90716 0.30022
vn -0.55716 -0.59228 0.58205
vn -0.52426 -0.59002 0.61402
vn -0.52565 -0.69741 0.48715
vn -0.31088 -0.90678 0.28478
vn -0.54876 -0.70400 0.45083
vn -0.32632 -0.90733 0.26507
vn -0.60971 -0.61093 0.50499
vn -0.58436 -0.59968 0.54673
vn -0.56714 -0.71235 0.41342
vn -0.33673 -0.90936 0.24427
vn -0.57597 -0.72435 0.37891
vn -0.34081 -0.91287 0.22477
vn -0.64537 -0.63754 0.42076
vn -0.63160 -0.62308 0.46136
vn -0.58102 -0.73947 0.33999
vn -0.34567 -0.91645 0.20160
vn -0.59042 -0.75255 0.29168
vn -0.35636 -0.91812 0.17341
vn -0.66060 -0.67705 0.32436
vn -0.65277 -0.65694 0.37726
vn -0.60091 -0.76122 0.24381
vn -0.36800 -0.91811 0.14714
vn -0.60649 -0.76867 0.20326
vn -0.37642 -0.91800 0.12485
vn -0.67318 -0.70504 0.22305
vn -0.66894 -0.69249 0.27013
vn -0.60548 -0.77759 0.16956
vn -0.38033 -0.91868 0.10665
vn -0.59623 -0.78999 0.14294
vn -0.37925 -0.92062 0.09287
vn -0.66276 -0.73414 0.14761
vn -0.67180 -0.71799 0.18212
vn -0.58030 -0.80578 0.11820
vn -0.37622 -0.92316 0.07902
vn -0.56144 -0.82250 0.09100
vn -0.37431 -0.92515 0.06313
vn -0.62292 -0.77792 0.08247
vn -0.64555 -0.75487 0.11592
vn -0.54033 -0.83892 0.06520
vn -0.36539 -0.92950 0.05016
vn -0.51255 -0.85751 0.04433
vn -0.56648 -0.82375 0.02301
vn -0.59655 -0.80100 0.05032
vn -0.48774 -0.87298 0.00394
vn -0.54357 -0.83417 -0.09322
vn -0.52119 -0.84937 -0.08329
vn -0.53692 -0.84351 -0.01455
vn -0.61857 -0.75939 -0.20175
vn -0.86168 -0.40590 -0.30457
vn -0.63676 -0.72494 -0.26268
vn -0.84558 -0.39306 -0.36124
vn -0.52339 -0.82571 -0.21040
vn -0.52040 -0.83912 -0.15832
vn -0.63239 -0.70957 -0.31078
vn -0.82520 -0.37956 -0.41830
vn -0.62430 -0.69362 -0.35935
vn -0.80073 -0.36608 -0.47415
vn -0.52264 -0.80008 -0.29448
vn -0.52453 -0.81328 -0.25189
vn -0.61230 -0.67720 -0.40803
vn -0.77226 -0.35274 -0.52839
vn -0.59627 -0.66042 -0.45641
vn -0.73985 -0.33961 -0.58077
vn -0.50872 -0.77158 -0.38193
vn -0.51745 -0.78614 -0.33796
vn -0.57609 -0.64345 -0.50408
vn -0.70366 -0.32681 -0.63091
vn -0.55175 -0.62645 -0.55057
vn -0.66381 -0.31443 -0.67859
vn -0.47982 -0.74099 -0.46980
vn -0.49623 -0.75647 -0.42604
vn -0.52326 -0.60963 -0.59544
vn -0.62053 -0.30260 -0.72345
vn -0.49070 -0.59321 -0.63821
vn -0.57396 -0.29141 -0.76528
vn -0.43482 -0.70964 -0.55439
vn -0.45936 -0.72530 -0.51278
vn -0.45423 -0.57740 -0.67844
vn -0.52441 -0.28097 -0.80377
vn -0.41406 -0.56244 -0.71569
vn -0.47206 -0.27136 -0.83876
vn -0.37366 -0.67935 -0.63155
vn -0.40620 -0.69422 -0.59418
vn -0.36770 -0.54718 -0.75193
vn -0.41182 -0.26149 -0.87294
vn -0.31351 -0.52955 -0.78822
vn -0.34364 -0.25066 -0.90503
vn -0.29146 -0.64828 -0.70341
vn -0.33582 -0.66476 -0.66732
vn -0.26079 -0.51254 -0.81810
vn -0.28327 -0.24151 -0.92813
vn -0.21557 -0.50162 -0.83780
vn -0.23276 -0.23614 -0.94343
vn -0.20499 -0.61634 -0.76033
vn -0.24614 -0.63019 -0.73640
vn -0.16831 -0.49637 -0.85164
vn -0.17793 -0.23334 -0.95598
vn -0.11422 -0.49345 -0.86224
vn -0.11991 -0.26049 -0.95800
vn -0.11245 -0.60565 -0.78774
vn -0.16173 -0.60914 -0.77640
vn -0.05875 -0.49200 -0.86861
vn -0.06546 -0.23074 -0.97081
vn 0.00000 -0.45263 -0.89170
vn -0.00000 -0.18235 -0.98323
vn 0.00000 -0.60366 -0.79724
vn -0.06138 -0.60368 -0.79486
vn -0.07796 -0.27546 0.95815
vn -0.07627 0.00000 0.99709
vn -0.11969 0.00000 0.99281
vn -0.12736 -0.27858 0.95193
vn -0.00000 -0.18620 0.98251
vn -0.00000 0.00000 1.00000
vn -0.19180 -0.30365 0.93328
vn -0.18439 0.00000 0.98285
vn -0.24825 -0.00000 0.96870
vn -0.24986 -0.33458 0.90864
vn -0.30403 -0.34948 0.88624
vn -0.31110 -0.00000 0.95038
vn -0.37257 -0.00000 0.92800
vn -0.35981 -0.35014 0.86483
vn -0.41609 -0.34700 0.84051
vn -0.43809 -0.00000 0.89893
vn -0.50246 0.00144 0.86460
vn -0.47083 -0.34335 0.81267
vn -0.52378 -0.33919 0.78141
vn -0.55012 0.00173 0.83508
vn -0.60460 0.00138 0.79653
vn -0.57476 -0.33450 0.74683
vn -0.62356 -0.32929 0.70905
vn -0.65748 0.00060 0.75347
vn -0.70656 0.00021 0.70765
vn -0.66999 -0.32309 0.66837
vn -0.71409 -0.31516 0.62510
vn -0.74751 -0.00000 0.66425
vn -0.78666 -0.00000 0.61739
vn -0.75584 -0.30524 0.57926
vn -0.79505 -0.29330 0.53092
vn -0.82537 0.00000 0.56460
vn -0.86051 0.00000 0.50943
vn -0.83159 -0.27888 0.48029
vn -0.86543 -0.26121 0.42755
vn -0.89200 0.00000 0.45204
vn -0.91964 0.00000 0.39275
vn -0.89615 -0.24177 0.37210
vn -0.92281 -0.22342 0.31386
vn -0.94337 0.00000 0.33174
vn -0.96304 0.00000 0.26936
vn -0.94504 -0.20611 0.25382
vn -0.96313 -0.18806 0.19241
vn -0.97860 0.00000 0.20577
vn -0.98996 -0.00000 0.14135
vn -0.97725 -0.16763 0.12994
vn -0.98743 -0.14328 0.06667
vn -0.99709 -0.00000 0.07627
vn -0.99994 0.00000 0.01092
vn -0.99328 -0.11574 0.00243
vn -0.99420 -0.08752 -0.06252
vn -0.99851 0.00000 -0.05452
vn -0.99281 0.00000 -0.11969
vn -0.98956 -0.06566 -0.12831
vn -0.97872 -0.06398 -0.19497
vn -0.98285 0.00000 -0.18439
vn -0.96870 -0.00000 -0.24825
vn -0.96244 -0.08004 -0.25943
vn -0.94362 -0.08458 -0.32004
vn -0.95038 -0.00000 -0.31110
vn -0.92800 0.00000 -0.37257
vn -0.92089 -0.08000 -0.38153
vn -0.89422 -0.07645 -0.44106
vn -0.90164 0.00000 -0.43249
vn -0.87144 0.00000 -0.49051
vn -0.86368 -0.07301 -0.49872
vn -0.82942 -0.06968 -0.55427
vn -0.83748 -0.00000 -0.54647
vn -0.79996 -0.00000 -0.60006
vn -0.79156 -0.06649 -0.60746
vn -0.75029 -0.06344 -0.65805
vn -0.75898 0.00000 -0.65111
vn -0.71479 -0.00000 -0.69934
vn -0.70578 -0.06055 -0.70584
vn -0.65821 -0.05784 -0.75061
vn -0.66750 -0.00000 -0.74461
vn -0.61739 -0.00000 -0.78666
vn -0.60780 -0.05532 -0.79216
vn -0.55476 -0.05299 -0.83032
vn -0.56460 -0.00000 -0.82536
vn -0.50943 -0.00000 -0.86051
vn -0.49933 -0.05088 -0.86492
vn -0.43746 -0.04904 -0.89790
vn -0.44936 0.00000 -0.89335
vn -0.38076 -0.00048 -0.92468
vn -0.36691 -0.04764 -0.92904
vn -0.30106 -0.04675 -0.95246
vn -0.30826 -0.00207 -0.95130
vn -0.24852 -0.00315 -0.96862
vn -0.24746 -0.04602 -0.96780
vn -0.19276 -0.04505 -0.98021
vn -0.19309 -0.00297 -0.98118
vn -0.13053 -0.00244 -0.99144
vn -0.13031 -0.05797 -0.98978
vn -0.06698 -0.04360 -0.99680
vn -0.00000 -0.02975 -0.99956
vn -0.06709 -0.00206 -0.99774
vn 0.00000 -0.00198 -1.00000
vn 0.00000 -0.98295 -0.18387
vn -0.28711 -0.94872 -0.13230
vn -0.17591 -0.94687 -0.26926
vn 0.00000 -0.95418 -0.29922
vn 0.00012 -0.99996 0.00903
vn -0.00027 -0.99996 0.00915
vn 0.06517 -0.84133 -0.53657
vn 0.03215 -0.86649 -0.49816
vn -0.20910 -0.94423 0.25436
vn -0.09249 -0.93224 0.34981
vn 0.11812 -0.76984 -0.62721
vn -0.09735 -0.93240 0.34808
vn 0.15853 -0.76954 -0.61860
vn -0.11990 -0.93240 0.34095
vn 0.19867 -0.76954 -0.60691
vn -0.14194 -0.93241 0.33235
vn 0.23792 -0.76954 -0.59262
vn -0.16335 -0.93242 0.32234
vn 0.27618 -0.76954 -0.57578
vn -0.18407 -0.93244 0.31093
vn 0.31324 -0.76955 -0.55649
vn -0.20399 -0.93245 0.29820
vn 0.34898 -0.76954 -0.53481
vn -0.22304 -0.93246 0.28419
vn 0.38319 -0.76954 -0.51085
vn -0.24065 -0.93265 0.26881
vn 0.41580 -0.76954 -0.48468
vn -0.25584 -0.93347 0.25134
vn 0.44660 -0.76954 -0.45646
vn -0.26837 -0.93505 0.23163
vn 0.47550 -0.76954 -0.42626
vn -0.27895 -0.93691 0.21069
vn 0.50236 -0.76954 -0.39426
vn -0.28739 -0.93892 0.18930
vn 0.52708 -0.76953 -0.36056
vn -0.29257 -0.94154 0.16707
vn 0.54953 -0.76953 -0.32532
vn -0.29493 -0.94462 0.14393
vn 0.56965 -0.76952 -0.28868
vn -0.29675 -0.94724 0.12112
vn 0.58731 -0.76951 -0.25082
vn -0.29853 -0.94920 0.09951
vn 0.60247 -0.76951 -0.21186
vn -0.29902 -0.95101 0.07855
vn 0.61503 -0.76951 -0.17202
vn -0.29711 -0.95307 0.05812
vn 0.62497 -0.76951 -0.13141
vn -0.29187 -0.95569 0.03829
vn 0.63223 -0.76950 -0.09027
vn -0.28338 -0.95882 0.01912
vn 0.63679 -0.76949 -0.04871
vn -0.27291 -0.96204 0.00101
vn 0.63862 -0.76949 -0.00697
vn -0.26113 -0.96518 -0.01561
vn 0.63772 -0.76948 0.03483
vn -0.24819 -0.96823 -0.03065
vn 0.63408 -0.76948 0.07645
vn -0.23641 -0.97057 -0.04598
vn 0.62772 -0.76948 0.11777
vn -0.23052 -0.97102 -0.06309
vn 0.61868 -0.76948 0.15855
vn -0.23040 -0.96972 -0.08095
vn 0.60697 -0.76949 0.19869
vn -0.23139 -0.96782 -0.09893
vn 0.59267 -0.76950 0.23794
vn -0.23116 -0.96582 -0.11726
vn 0.57581 -0.76952 0.27620
vn -0.22962 -0.96372 -0.13606
vn 0.55650 -0.76953 0.31324
vn -0.22668 -0.96153 -0.15519
vn 0.53480 -0.76955 0.34897
vn -0.22222 -0.95925 -0.17454
vn 0.51083 -0.76956 0.38318
vn -0.21616 -0.95691 -0.19392
vn 0.48466 -0.76957 0.41577
vn -0.20842 -0.95453 -0.21317
vn 0.45642 -0.76959 0.44656
vn -0.19897 -0.95213 -0.23208
vn 0.42622 -0.76960 0.47545
vn -0.18774 -0.94975 -0.25044
vn 0.39421 -0.76961 0.50229
vn -0.17477 -0.94743 -0.26800
vn 0.36050 -0.76962 0.52700
vn -0.16007 -0.94520 -0.28454
vn 0.32527 -0.76963 0.54943
vn -0.14371 -0.94294 -0.30036
vn 0.28862 -0.76964 0.56952
vn -0.12611 -0.94029 -0.31616
vn 0.25076 -0.76964 0.58717
vn -0.10753 -0.93761 -0.33065
vn 0.21181 -0.76963 0.60234
vn -0.08726 -0.93586 -0.34141
vn 0.17198 -0.76961 0.61491
vn -0.06532 -0.93508 -0.34837
vn 0.13138 -0.76961 0.62485
vn -0.04254 -0.93466 -0.35300
vn 0.09025 -0.76961 0.63210
vn -0.01928 -0.93451 -0.35542
vn 0.04823 -0.76962 0.63668
vn -0.00000 -0.93464 -0.35560
vn 0.00000 -0.76966 0.63845
vn 0.02753 -0.17761 -0.98372
vn 0.02760 -0.07133 -0.99707
vn 0.00001 -0.11891 -0.99291
vn 0.00000 -0.17775 -0.98408
vn 0.13911 -0.17737 -0.97426
vn 0.06698 -0.17744 -0.98185
vn 0.20251 -0.17737 -0.96308
vn 0.26508 -0.17738 -0.94777
vn 0.32648 -0.17737 -0.92841
vn 0.38652 -0.17738 -0.90506
vn 0.44487 -0.17738 -0.87785
vn 0.50135 -0.17737 -0.84687
vn 0.55565 -0.17737 -0.81228
vn 0.60760 -0.17737 -0.77418
vn 0.65692 -0.17737 -0.73280
vn 0.70345 -0.17738 -0.68825
vn 0.74695 -0.17738 -0.64079
vn 0.78727 -0.17738 -0.59055
vn 0.82420 -0.17738 -0.53781
vn 0.85762 -0.17738 -0.48273
vn 0.88734 -0.17737 -0.42563
vn 0.91329 -0.17737 -0.36666
vn 0.93531 -0.17738 -0.30617
vn 0.95333 -0.17738 -0.24432
vn 0.96727 -0.17738 -0.18146
vn 0.97707 -0.17737 -0.11779
vn 0.98268 -0.17737 -0.05366
vn 0.98408 -0.17737 0.01075
vn 0.98128 -0.17737 0.07506
vn 0.97426 -0.17737 0.13911
vn 0.96308 -0.17738 0.20251
vn 0.94777 -0.17738 0.26508
vn 0.92841 -0.17737 0.32648
vn 0.90506 -0.17737 0.38653
vn 0.87785 -0.17738 0.44487
vn 0.84687 -0.17738 0.50135
vn 0.81228 -0.17738 0.55565
vn 0.77418 -0.17738 0.60760
vn 0.73280 -0.17738 0.65692
vn 0.68825 -0.17738 0.70345
vn 0.64079 -0.17738 0.74695
vn 0.59054 -0.17738 0.78727
vn 0.53781 -0.17738 0.82420
vn 0.48273 -0.17738 0.85762
vn 0.42563 -0.17738 0.88734
vn 0.36666 -0.17737 0.91329
vn 0.30617 -0.17737 0.93531
vn 0.24432 -0.17738 0.95333
vn 0.18147 -0.17738 0.96727
vn 0.11779 -0.17738 0.97707
vn 0.05209 -0.17751 0.98274
vn 0.00000 -0.17776 0.98407
vn 0.06286 0.00000 -0.99802
vn 0.05562 -0.10691 -0.99271
vn 0.11921 -0.08904 -0.98887
vn 0.14135 0.00001 -0.98996
vn 0.00001 0.00000 -1.00000
vn 0.20577 0.00000 -0.97860
vn 0.18366 -0.08904 -0.97895
vn 0.24727 -0.08904 -0.96485
vn 0.26935 0.00001 -0.96304
vn 0.33174 -0.00000 -0.94337
vn 0.30986 -0.08904 -0.94660
vn 0.37109 -0.08904 -0.92432
vn 0.39275 -0.00000 -0.91964
vn 0.45204 -0.00000 -0.89200
vn 0.43077 -0.08904 -0.89806
vn 0.48856 -0.08904 -0.86797
vn 0.50943 -0.00000 -0.86051
vn 0.56460 0.00000 -0.82537
vn 0.54430 -0.08904 -0.83415
vn 0.59768 -0.08904 -0.79678
vn 0.61739 0.00000 -0.78666
vn 0.66750 -0.00000 -0.74461
vn 0.64853 -0.08904 -0.75597
vn 0.69656 -0.08904 -0.71195
vn 0.71479 -0.00000 -0.69934
vn 0.75898 0.00000 -0.65111
vn 0.74165 -0.08904 -0.66485
vn 0.78353 -0.08904 -0.61494
vn 0.79996 0.00000 -0.60006
vn 0.83748 -0.00000 -0.54647
vn 0.82209 -0.08904 -0.56236
vn 0.85709 -0.08904 -0.50741
vn 0.87143 0.00000 -0.49051
vn 0.90164 -0.00000 -0.43249
vn 0.88845 -0.08904 -0.45025
vn 0.91599 -0.08905 -0.39119
vn 0.92801 -0.00001 -0.37257
vn 0.95038 -0.00000 -0.31110
vn 0.93962 -0.08904 -0.33042
vn 0.95922 -0.08905 -0.26828
vn 0.96870 -0.00000 -0.24825
vn 0.98285 0.00000 -0.18439
vn 0.97471 -0.08904 -0.20495
vn 0.98603 -0.08904 -0.14079
vn 0.99281 0.00000 -0.11969
vn 0.99851 0.00001 -0.05452
vn 0.99313 -0.08904 -0.07597
vn 0.99597 -0.08904 -0.01088
vn 0.99994 0.00001 0.01092
vn 0.99709 0.00000 0.07627
vn 0.99455 -0.08904 0.05430
vn 0.98887 -0.08904 0.11921
vn 0.98996 0.00000 0.14135
vn 0.97860 0.00000 0.20577
vn 0.97895 -0.08904 0.18366
vn 0.96485 -0.08904 0.24727
vn 0.96304 0.00000 0.26935
vn 0.94337 -0.00000 0.33174
vn 0.94660 -0.08904 0.30986
vn 0.92432 -0.08904 0.37109
vn 0.91964 -0.00001 0.39275
vn 0.89200 0.00000 0.45204
vn 0.89806 -0.08904 0.43077
vn 0.86797 -0.08904 0.48856
vn 0.86051 0.00000 0.50943
vn 0.82536 0.00000 0.56460
vn 0.83415 -0.08904 0.54430
vn 0.79678 -0.08904 0.59768
vn 0.78666 0.00000 0.61739
vn 0.74461 0.00000 0.66750
vn 0.75597 -0.08904 0.64852
vn 0.71195 -0.08904 0.69656
vn 0.69934 0.00001 0.71479
vn 0.65111 0.00000 0.75898
vn 0.66485 -0.08904 0.74165
vn 0.61494 -0.08904 0.78353
vn 0.60006 0.00001 0.79996
vn 0.54647 -0.00000 0.83748
vn 0.56236 -0.08904 0.82209
vn 0.50741 -0.08904 0.85709
vn 0.49051 -0.00000 0.87143
vn 0.43249 0.00000 0.90164
vn 0.45024 -0.08904 0.88846
vn 0.39119 -0.08904 0.91599
vn 0.37257 -0.00001 0.92800
vn 0.31110 -0.00001 0.95038
vn 0.33042 -0.08905 0.93962
vn 0.26828 -0.08905 0.95922
vn 0.24825 0.00000 0.96870
vn 0.18439 0.00000 0.98285
vn 0.20495 -0.08904 0.97471
vn 0.14079 -0.08904 0.98603
vn 0.11969 0.00000 0.99281
vn 0.05274 0.00000 0.99861
vn 0.07508 -0.08904 0.99319
vn 0.00000 -0.08913 0.99602
vn -0.05400 -0.99706 0.05441
vn -0.02230 -0.99762 0.06523
vn -0.29280 -0.95259 0.08273
vn -0.02742 -0.99658 0.07799
vn -0.03233 -0.99623 0.08045
vn -0.03797 -0.99615 0.07907
vn -0.04364 -0.99604 0.07745
vn -0.04937 -0.99592 0.07558
vn -0.05514 -0.99577 0.07344
vn -0.06073 -0.99562 0.07112
vn -0.06569 -0.99545 0.06898
vn -0.07053 -0.99526 0.06696
vn -0.07564 -0.99506 0.06423
vn -0.07979 -0.99498 0.06043
vn -0.08208 -0.99503 0.05634
vn -0.08400 -0.99512 0.05184
vn -0.08788 -0.99507 0.04602
vn -0.09332 -0.99484 0.03985
vn -0.09839 -0.99454 0.03469
vn -0.10267 -0.99425 0.03033
vn -0.10602 -0.99400 0.02697
vn -0.10916 -0.99373 0.02409
vn -0.11361 -0.99332 0.02042
vn -0.11871 -0.99277 0.01787
vn -0.13053 0.00000 0.99144
vn -0.08170 0.00000 0.99666
vn -0.00000 0.00000 1.00000
vn -0.25882 0.00000 0.96593
vn -0.19509 0.00000 0.98079
vn -0.38700 0.00000 0.92208
vn -0.32144 -0.00000 0.94693
vn -0.79335 -0.00000 0.60876
vn -0.74785 -0.00016 0.66387
vn -0.86603 -0.00000 0.50000
vn -0.83147 -0.00000 0.55557
vn -0.92388 0.00000 0.38268
vn -0.89687 -0.00000 0.44229
vn -0.96593 0.00000 0.25882
vn -0.94693 0.00000 0.32144
vn -0.99144 0.00000 0.13053
vn -0.98079 -0.00000 0.19509
vn -1.00000 0.00000 0.00000
vn -0.99786 0.00000 0.06540
vn -0.99144 0.00000 -0.13053
vn -0.99786 0.00000 -0.06540
vn -0.96593 0.00000 -0.25882
vn -0.98079 0.00000 -0.19509
vn -0.92388 0.00000 -0.38268
vn -0.94693 0.00000 -0.32144
vn -0.86603 0.00000 -0.50000
vn -0.89687 0.00000 -0.44229
vn -0.79335 0.00000 -0.60876
vn -0.83147 0.00000 -0.55557
vn -0.70711 -0.00000 -0.70711
vn -0.75184 0.00000 -0.65935
vn -0.60876 -0.00000 -0.79335
vn -0.65935 0.00000 -0.75184
vn -0.50000 -0.00000 -0.86603
vn -0.55557 -0.00000 -0.83147
vn -0.36738 -0.00120 -0.93007
vn -0.43910 -0.00013 -0.89844
vn -0.25097 -0.00326 -0.96799
vn -0.30299 -0.00278 -0.95299
vn -0.12588 -0.00241 -0.99204
vn -0.19357 -0.00303 -0.98108
vn 0.00000 -0.00207 -1.00000
vn -0.06110 -0.00206 -0.99813
vn -0.81141 -0.57923 0.07818
vn -0.99354 -0.10485 0.04347
vn -0.00103 -0.99998 0.00623
vn -0.00161 -0.99997 0.00704
vn 0.00000 -0.99116 0.13269
vn -0.17797 -0.98392 0.01526
vn -0.13932 -0.98557 0.09618
vn -0.27179 -0.95899 -0.08045
vn -0.05857 -0.95914 0.27680
vn -0.00180 -0.99998 0.00580
vn -0.00119 -0.99998 0.00671
vn -0.66303 -0.53991 0.51855
vn -0.02540 -0.58152 0.81314
vn -0.00810 -0.59531 0.80345
vn -0.19288 -0.66999 0.71688
vn -0.19035 -0.63303 0.75036
vn -0.71719 -0.55306 0.42398
vn -0.28477 -0.67007 0.68550
vn -0.23934 -0.67002 0.70270
vn -0.37176 -0.67018 0.64238
vn -0.32897 -0.67012 0.66537
vn -0.45235 -0.67032 0.58826
vn -0.41294 -0.67025 0.61664
vn -0.51976 -0.67408 0.52486
vn -0.48850 -0.67089 0.55791
vn -0.57002 -0.69026 0.44566
vn -0.54659 -0.68115 0.48710
vn -0.60130 -0.71263 0.36139
vn -0.58889 -0.70015 0.40373
vn -0.61471 -0.74218 0.26700
vn -0.60875 -0.72800 0.31533
vn -0.62203 -0.76240 0.17840
vn -0.61974 -0.75295 0.22133
vn -0.61039 -0.78579 0.09980
vn -0.61955 -0.77275 0.13790
vn -0.57385 -0.81855 0.02589
vn -0.59450 -0.80168 0.06232
vn -0.52306 -0.85147 -0.03741
vn -0.54989 -0.83520 -0.00754
vn -0.48446 -0.86658 -0.11975
vn -0.49827 -0.86385 -0.07412
vn -0.48399 -0.85161 -0.20127
vn -0.48229 -0.86076 -0.16276
vn -0.48114 -0.83116 -0.27870
vn -0.48396 -0.84167 -0.23951
vn -0.46623 -0.80863 -0.35880
vn -0.47530 -0.82012 -0.31856
vn -0.43771 -0.78469 -0.43894
vn -0.45375 -0.79678 -0.39906
vn -0.39468 -0.76037 -0.51582
vn -0.41804 -0.77250 -0.47801
vn -0.33713 -0.73709 -0.58570
vn -0.36768 -0.74850 -0.55187
vn -0.26406 -0.71244 -0.65016
vn -0.30233 -0.72555 -0.61820
vn -0.18525 -0.68918 -0.70051
vn -0.22534 -0.69892 -0.67878
vn -0.09469 -0.68200 -0.72519
vn -0.14127 -0.68439 -0.71530
vn -0.00000 -0.70535 -0.70886
vn -0.04739 -0.68087 -0.73087
vn -0.93992 -0.34075 0.02112
vn -0.01230 -0.89802 0.43979
vn -0.41850 -0.89037 0.17914
vn -0.00391 -0.90026 0.43534
vn -0.41367 -0.91006 0.02566
vn -0.06540 0.00000 0.99786
vn -0.06540 0.00000 0.99786
vn -0.06540 0.00000 0.99786
vn -0.09798 0.00000 0.99519
vn -0.09799 0.00000 0.99519
vn -0.09798 0.00000 0.99519
vn -0.16293 0.00000 0.98664
vn -0.16293 0.00000 0.98664
vn -0.16293 0.00000 0.98664
vn -0.22704 0.00000 0.97388
vn -0.22704 0.00000 0.97388
vn -0.22704 0.00000 0.97388
vn -0.29032 0.00000 0.95693
vn -0.29032 0.00000 0.95693
vn -0.29032 0.00000 0.95693
vn -0.35222 0.00000 0.93592
vn -0.35222 0.00000 0.93592
vn -0.35222 0.00000 0.93592
vn -0.41274 0.00000 0.91085
vn -0.41274 0.00000 0.91085
vn -0.41274 0.00000 0.91085
vn -0.47137 0.00000 0.88194
vn -0.47137 0.00000 0.88194
vn -0.47137 0.00000 0.88194
vn -0.52810 0.00000 0.84918
vn -0.52810 0.00000 0.84918
vn -0.52810 0.00000 0.84918
vn -0.58245 0.00000 0.81287
vn -0.58245 0.00000 0.81287
vn -0.58245 0.00000 0.81287
vn -0.63442 0.00000 0.77299
vn -0.63442 0.00000 0.77299
vn -0.63442 0.00000 0.77299
vn -0.68357 0.00000 0.72989
vn -0.68357 0.00000 0.72989
vn -0.68357 0.00000 0.72989
vn -0.72989 0.00000 0.68357
vn -0.72989 0.00000 0.68357
vn -0.72989 0.00000 0.68357
vn -0.77299 0.00000 0.63442
vn -0.77299 0.00000 0.63442
vn -0.77299 0.00000 0.63442
vn -0.81287 0.00000 0.58245
vn -0.81287 0.00000 0.58245
vn -0.84918 0.00000 0.52810
vn -0.84919 0.00000 0.52809
vn -0.84918 0.00000 0.52810
vn -0.88194 0.00000 0.47137
vn -0.88194 0.00000 0.47137
vn -0.88194 0.00000 0.47136
vn -0.91085 0.00000 0.41274
vn -0.91085 0.00000 0.41274
vn -0.91085 0.00000 0.41274
vn -0.93592 0.00000 0.35222
vn -0.93592 0.00000 0.35222
vn -0.95693 0.00000 0.29032
vn -0.97388 0.00000 0.22704
vn -0.97388 0.00000 0.22704
vn -0.97388 0.00000 0.22704
vn -0.98664 0.00000 0.16293
vn -0.98664 0.00000 0.16293
vn -0.98664 0.00000 0.16293
vn -0.99519 0.00000 0.09798
vn -0.99519 0.00000 0.09798
vn -0.99519 0.00000 0.09798
vn -0.99946 0.00000 0.03275
vn -0.99946 0.00000 0.03275
vn -0.99946 0.00000 0.03275
vn -0.99946 0.00000 -0.03275
vn -0.99946 0.00000 -0.03275
vn -0.99946 0.00000 -0.03275
vn -0.99519 0.00000 -0.09798
vn -0.99519 0.00000 -0.09798
vn -0.99519 0.00000 -0.09798
vn -0.98664 0.00000 -0.16293
vn -0.98664 0.00000 -0.16293
vn -0.98664 0.00000 -0.16293
vn -0.97388 0.00000 -0.22704
vn -0.97388 0.00000 -0.22704
vn -0.97388 0.00000 -0.22704
vn -0.95693 0.00000 -0.29032
vn -0.95693 0.00000 -0.29032
vn -0.95693 0.00000 -0.29032
vn -0.93592 0.00000 -0.35222
vn -0.93592 0.00000 -0.35222
vn -0.93592 0.00000 -0.35222
vn -0.91085 0.00000 -0.41274
vn -0.91085 0.00000 -0.41274
vn -0.88194 0.00000 -0.47136
vn -0.88194 0.00000 -0.47136
vn -0.88194 0.00000 -0.47137
vn -0.84918 0.00000 -0.52810
vn -0.81287 0.00000 -0.58245
vn -0.81287 0.00000 -0.58245
vn -0.81287 0.00000 -0.58245
vn -0.77299 0.00000 -0.63442
vn -0.77299 0.00000 -0.63442
vn -0.77299 0.00000 -0.63442
vn -0.72989 0.00000 -0.68357
vn -0.72989 0.00000 -0.68357
vn -0.72989 0.00000 -0.68357
vn -0.68357 0.00000 -0.72989
vn -0.68357 0.00000 -0.72989
vn -0.63442 -0.00000 -0.77299
vn -0.63442 0.00000 -0.77299
vn -0.63442 -0.00000 -0.77299
vn -0.58245 -0.00000 -0.81287
vn -0.58245 -0.00000 -0.81287
vn -0.58245 0.00000 -0.81287
vn -0.52810 0.00000 -0.84918
vn -0.52809 0.00000 -0.84919
vn -0.52810 0.00000 -0.84918
vn -0.47137 0.00000 -0.88194
vn -0.47137 0.00000 -0.88194
vn -0.47137 0.00000 -0.88194
vn -0.41035 -0.00000 -0.91193
vn -0.41035 0.00000 -0.91193
vn -0.41035 -0.00000 -0.91193
vn -0.34601 0.00000 -0.93823
vn -0.34600 -0.00000 -0.93823
vn -0.34601 0.00000 -0.93823
vn -0.28539 0.00000 -0.95841
vn -0.28539 0.00000 -0.95841
vn -0.28538 -0.00000 -0.95841
vn -0.22594 -0.00000 -0.97414
vn -0.22594 -0.00000 -0.97414
vn -0.22595 0.00000 -0.97414
vn -0.16293 0.00000 -0.98664
vn -0.16293 0.00000 -0.98664
vn -0.16293 0.00000 -0.98664
vn -0.09798 0.00000 -0.99519
vn -0.09798 0.00000 -0.99519
vn -0.09798 0.00000 -0.99519
vn -0.03714 -0.00000 -0.99931
vn -0.03714 0.00000 -0.99931
vn -0.03714 -0.00000 -0.99931
vn 0.00004 -0.99997 0.00729
vn 0.00083 -0.99995 0.01019
vn 0.02492 -0.46225 -0.88640
vn 0.99251 -0.12214 0.00298
vn 0.99251 -0.12214 0.00298
vn 0.99251 -0.12214 0.00298
vn 0.84200 -0.07773 0.53385
vn 0.84200 -0.07773 0.53385
vn 0.84200 -0.07773 0.53385
vn 0.82346 -0.07754 0.56205
vn 0.82346 -0.07753 0.56205
vn 0.82346 -0.07754 0.56205
vn -0.02797 -0.11442 0.99304
vn -0.02798 -0.11443 0.99304
vn -0.02796 -0.11442 0.99304
vn 0.01695 -0.10442 -0.99439
vn 0.01695 -0.10442 -0.99439
vn 0.01695 -0.10442 -0.99439
vn -0.00003 -0.99998 0.00564
vn 0.00012 -0.99998 0.00567
vn -0.00018 -0.99998 0.00562
vn 0.00071 -0.99998 0.00658
vn 0.00141 -0.99997 0.00712
vn 0.00001 -0.99998 0.00604
vn -0.00083 -0.99993 0.01201
vn -0.00020 -0.99992 0.01254
vn -0.00145 -0.99993 0.01148
vn -0.00038 -0.99992 0.01260
vn -0.00035 -0.99992 0.01255
vn -0.00042 -0.99992 0.01265
vn 0.00002 -0.99998 0.00579
vn 0.00001 -0.99998 0.00581
vn 0.00003 -0.99998 0.00576
vn 0.00000 -0.89335 0.44935
vn 0.00001 -0.99998 0.00577
vn 0.00001 -0.99998 0.00579
vn 0.00001 -0.99998 0.00576
vn 0.01695 -0.10441 -0.99439
vn 0.01695 -0.10441 -0.99439
vn 0.01695 -0.10442 -0.99439
vn -0.00000 -0.99997 0.00764
vn 0.00000 -0.90079 0.43425
vn 0.00000 -0.58791 0.80892
vn -0.72824 0.00002 0.68533
vn -0.70278 0.00062 0.71140
vn -0.63932 0.00397 0.76893
vn -0.56615 0.00424 0.82429
vn -0.49545 0.00000 0.86864
vn -0.43249 0.00000 0.90164
vn -0.41274 0.00000 0.91085
vn -0.42461 -0.00000 0.90538
vn -0.45204 -0.00000 0.89200
vn -0.51442 -0.00906 0.85749
vn -0.49558 -0.00000 0.86856
vn -0.55552 -0.01360 0.83139
vn -0.56570 -0.01252 0.82452
vn -0.60845 -0.00762 0.79356
vn -0.65091 -0.00815 0.75911
vn -0.65934 -0.00506 0.75183
vn -0.70439 -0.00301 0.70981
vn -0.71008 0.00018 0.70412
vn -0.08713 -0.00000 0.99620
vn -0.14135 -0.00000 0.98996
vn 0.00000 -0.00000 1.00000
vn -0.20577 0.00000 0.97860
vn -0.26935 0.00000 0.96304
vn -0.33174 0.00000 0.94337
vn -0.39275 -0.00000 0.91964
vn -0.75898 0.00000 0.65111
vn -0.79996 0.00000 0.60006
vn -0.83748 -0.00000 0.54647
vn -0.87144 -0.00000 0.49051
vn -0.90164 0.00000 0.43249
vn -0.92800 -0.00000 0.37257
vn -0.95038 -0.00000 0.31110
vn -0.96869 -0.00000 0.24825
vn -0.98285 0.00000 0.18439
vn -0.99281 0.00000 0.11969
vn -0.99851 -0.00000 0.05452
vn -0.99994 -0.00000 -0.01092
vn -0.99709 0.00000 -0.07627
vn -0.98996 0.00000 -0.14135
vn -0.97860 0.00000 -0.20577
vn -0.96304 0.00000 -0.26935
vn -0.94337 0.00000 -0.33174
vn -0.91964 -0.00000 -0.39275
vn -0.89200 -0.00000 -0.45204
vn -0.86051 0.00000 -0.50943
vn -0.82537 0.00000 -0.56460
vn -0.78666 0.00000 -0.61739
vn -0.74461 0.00000 -0.66750
vn -0.69934 0.00000 -0.71479
vn -0.65111 -0.00000 -0.75898
vn -0.60006 -0.00000 -0.79996
vn -0.54647 -0.00000 -0.83748
vn -0.49051 -0.00000 -0.87144
vn -0.43044 -0.00026 -0.90262
vn -0.36645 -0.00137 -0.93044
vn -0.31586 -0.00242 -0.94880
vn -0.26471 -0.00296 -0.96432
vn -0.20481 -0.00297 -0.97880
vn -0.13053 -0.00236 -0.99144
vn -0.05736 -0.00199 -0.99835
vn 0.00000 -0.00199 -1.00000
vn 0.96280 0.27023 0.00000
vn 0.96280 0.27023 0.00000
vn 0.96280 0.27023 0.00000
vn 0.70276 0.71143 0.00000
vn 0.70276 0.71143 0.00000
vn 0.70275 0.71143 0.00000
vn 0.26899 0.96314 0.00000
vn -0.27362 0.96184 0.00000
vn -0.69913 0.71499 0.00000
vn -0.97406 0.22629 0.00000
vn -0.97536 -0.22063 -0.00000
vn -0.97536 -0.22063 -0.00000
vn -0.97536 -0.22063 0.00000
vn -0.68883 -0.72492 -0.00000
vn -0.68883 -0.72492 0.00000
vn -0.68883 -0.72492 -0.00000
vn -0.25842 -0.96603 -0.00000
vn -0.25842 -0.96603 -0.00000
vn -0.25842 -0.96603 0.00000
vn 0.27472 -0.96152 0.00000
vn 0.27472 -0.96152 0.00000
vn 0.27472 -0.96152 0.00000
vn 0.71148 -0.70270 0.00000
vn 0.96152 -0.27475 0.00000
vn 0.96280 0.27023 -0.00000
vn 0.96280 0.27023 0.00000
vn 0.96280 0.27023 -0.00000
vn 0.70276 0.71143 -0.00000
vn 0.70276 0.71143 -0.00000
vn 0.70276 0.71143 0.00000
vn 0.26899 0.96314 0.00000
vn 0.26899 0.96314 0.00000
vn -0.27362 0.96184 -0.00000
vn -0.27362 0.96184 0.00000
vn -0.27362 0.96184 -0.00000
vn -0.69913 0.71499 -0.00000
vn -0.69913 0.71499 -0.00000
vn -0.69913 0.71499 -0.00000
vn -0.97406 0.22629 -0.00000
vn -0.97406 0.22629 -0.00000
vn -0.97406 0.22629 0.00000
vn -0.97536 -0.22063 -0.00000
vn -0.97536 -0.22063 -0.00000
vn -0.97536 -0.22063 -0.00000
vn -0.68883 -0.72492 -0.00000
vn -0.68883 -0.72492 -0.00000
vn -0.68883 -0.72492 -0.00000
vn -0.25842 -0.96603 -0.00000
vn -0.25842 -0.96603 -0.00000
vn -0.25842 -0.96603 -0.00000
vn 0.27472 -0.96152 -0.00000
vn 0.27472 -0.96152 -0.00000
vn 0.27472 -0.96152 -0.00000
vn 0.71148 -0.70270 -0.00000
vn 0.71148 -0.70270 -0.00000
vn 0.71148 -0.70270 -0.00000
vn 0.96152 -0.27475 -0.00000
vn 0.96152 -0.27475 -0.00000
vn 0.96152 -0.27475 -0.00000
vn 0.08713 0.00000 0.99620
vn 0.14135 0.00000 0.98996
vn 0.11969 -0.00000 0.99281
vn 0.07627 -0.00000 0.99709
vn 0.20577 0.00000 0.97860
vn 0.26935 0.00000 0.96304
vn 0.24825 0.00000 0.96870
vn 0.18439 -0.00000 0.98285
vn 0.33174 0.00000 0.94337
vn 0.38873 -0.00000 0.92135
vn 0.37257 0.00000 0.92800
vn 0.31110 0.00000 0.95038
vn 0.75898 -0.00000 0.65111
vn 0.79996 -0.00000 0.60006
vn 0.78666 0.00000 0.61739
vn 0.74356 0.00002 0.66867
vn 0.83748 -0.00000 0.54647
vn 0.87144 -0.00000 0.49051
vn 0.86051 -0.00000 0.50943
vn 0.82537 0.00000 0.56460
vn 0.90164 0.00000 0.43249
vn 0.92800 0.00000 0.37257
vn 0.91964 0.00000 0.39275
vn 0.89200 -0.00000 0.45204
vn 0.95038 0.00000 0.31110
vn 0.96869 0.00000 0.24825
vn 0.96304 -0.00000 0.26936
vn 0.94337 0.00000 0.33174
vn 0.98285 0.00000 0.18439
vn 0.99281 0.00000 0.11969
vn 0.98996 0.00000 0.14135
vn 0.97860 -0.00000 0.20577
vn 0.99851 -0.00000 0.05452
vn 0.99994 0.00000 -0.01092
vn 0.99994 -0.00000 0.01092
vn 0.99709 0.00000 0.07627
vn 0.99709 0.00000 -0.07627
vn 0.98996 0.00000 -0.14135
vn 0.99281 0.00000 -0.11969
vn 0.99851 -0.00000 -0.05452
vn 0.97860 0.00000 -0.20577
vn 0.96304 0.00000 -0.26935
vn 0.96870 0.00000 -0.24825
vn 0.98285 0.00000 -0.18439
vn 0.94337 0.00000 -0.33174
vn 0.91964 0.00000 -0.39275
vn 0.92800 0.00000 -0.37257
vn 0.95038 0.00000 -0.31110
vn 0.89200 0.00000 -0.45204
vn 0.86051 0.00000 -0.50943
vn 0.87144 -0.00000 -0.49051
vn 0.90164 -0.00000 -0.43249
vn 0.82537 -0.00000 -0.56460
vn 0.78666 -0.00000 -0.61739
vn 0.79996 -0.00000 -0.60006
vn 0.83748 0.00000 -0.54647
vn 0.74461 0.00000 -0.66750
vn 0.69934 0.00000 -0.71479
vn 0.71479 0.00000 -0.69934
vn 0.75898 -0.00000 -0.65111
vn 0.65111 0.00000 -0.75898
vn 0.60006 0.00000 -0.79996
vn 0.61739 0.00000 -0.78666
vn 0.66750 0.00000 -0.74461
vn 0.54647 -0.00000 -0.83748
vn 0.49051 -0.00000 -0.87144
vn 0.50943 -0.00000 -0.86051
vn 0.56460 0.00000 -0.82537
vn 0.42940 -0.00027 -0.90312
vn 0.36805 -0.00113 -0.92981
vn 0.38706 -0.00048 -0.92205
vn 0.45080 -0.00000 -0.89263
vn 0.31056 -0.00240 -0.95055
vn 0.25269 -0.00327 -0.96754
vn 0.25382 -0.00314 -0.96725
vn 0.31749 -0.00209 -0.94826
vn 0.19393 -0.00305 -0.98101
vn 0.13053 -0.00248 -0.99144
vn 0.13702 -0.00241 -0.99057
vn 0.19414 -0.00291 -0.98097
vn 0.06303 -0.00212 -0.99801
vn 0.07766 -0.00203 -0.99698
vn 0.00862 -0.99419 0.10733
vn 0.04955 -0.82871 0.55748
vn 0.02375 -0.99496 0.09746
vn 0.08821 -0.84142 0.53313
vn 0.01076 -0.97289 0.23102
vn 0.12247 -0.98577 0.11518
vn 0.02336 -0.99677 0.07687
vn 0.11898 -0.86459 0.48819
vn 0.02291 -0.99752 0.06657
vn 0.13676 -0.87954 0.45574
vn 0.02561 -0.99961 0.01101
vn 0.00065 -1.00000 0.00155
vn 0.02168 -0.99785 0.06182
vn 0.15790 -0.88242 0.44318
vn 0.02429 -0.99788 0.06043
vn 0.18604 -0.88075 0.43550
vn 0.00059 -1.00000 0.00157
vn 0.00063 -1.00000 0.00156
vn 0.02858 -0.99782 0.05950
vn 0.21589 -0.87864 0.42589
vn 0.03292 -0.99775 0.05841
vn 0.24560 -0.87617 0.41474
vn 0.00074 -1.00000 0.00154
vn 0.00085 -1.00000 0.00151
vn 0.03733 -0.99767 0.05714
vn 0.27508 -0.87334 0.40201
vn 0.04182 -0.99757 0.05568
vn 0.30435 -0.87011 0.38766
vn 0.00097 -1.00000 0.00148
vn 0.00108 -1.00000 0.00144
vn 0.04631 -0.99746 0.05405
vn 0.33327 -0.86634 0.37199
vn 0.05082 -0.99733 0.05239
vn 0.36239 -0.86152 0.35560
vn 0.00120 -1.00000 0.00140
vn 0.00132 -1.00000 0.00135
vn 0.05565 -0.99716 0.05081
vn 0.39241 -0.85520 0.33860
vn 0.06106 -0.99692 0.04930
vn 0.42363 -0.84721 0.32058
vn 0.00145 -1.00000 0.00130
vn 0.00158 -1.00000 0.00124
vn 0.06711 -0.99660 0.04783
vn 0.45620 -0.83722 0.30157
vn 0.07404 -0.99617 0.04654
vn 0.49097 -0.82437 0.28173
vn 0.00171 -1.00000 0.00117
vn 0.00185 -1.00000 0.00109
vn 0.08288 -0.99553 0.04528
vn 0.52852 -0.80826 0.25958
vn 0.09407 -0.99463 0.04323
vn 0.56625 -0.79074 0.23255
vn 0.00199 -1.00000 0.00101
vn 0.00213 -1.00000 0.00091
vn 0.10612 -0.99355 0.03998
vn 0.60118 -0.77334 0.20131
vn 0.11841 -0.99231 0.03598
vn 0.63470 -0.75437 0.16754
vn 0.00229 -1.00000 0.00080
vn 0.00245 -1.00000 0.00068
vn 0.13216 -0.99073 0.03154
vn 0.66921 -0.73128 0.13187
vn 0.14949 -0.98840 0.02683
vn 0.70774 -0.70015 0.09427
vn 0.00261 -1.00000 0.00055
vn 0.00279 -1.00000 0.00039
vn 0.17482 -0.98437 0.02126
vn 0.75334 -0.65549 0.05299
vn 0.21377 -0.97680 0.01294
vn 0.80606 -0.59181 0.00555
vn 0.00298 -1.00000 0.00023
vn 0.00317 -0.99999 0.00004
vn 0.27335 -0.96191 -0.00259
vn 0.85865 -0.50992 -0.05200
vn 0.34074 -0.93950 -0.03525
vn 0.87984 -0.45897 -0.12341
vn 0.00335 -0.99999 -0.00016
vn 0.00348 -0.99999 -0.00030
vn 0.39777 -0.91581 -0.05542
vn 0.84376 -0.50751 -0.17464
vn 0.47199 -0.88046 -0.04491
vn 0.81741 -0.53800 -0.20590
vn 0.11131 -0.99361 0.01857
vn 0.33146 -0.94255 0.04156
vn 0.01218 -0.76756 0.64086
vn 0.42578 -0.83255 0.35435
vn 0.01264 -0.54376 0.83915
vn 0.60869 -0.45930 0.64695
vn 0.17528 -0.76536 0.61928
vn 0.12765 -0.93887 0.31972
vn 0.21742 -0.95283 0.21177
vn 0.55066 -0.71250 0.43487
vn 0.18493 -0.72069 0.66814
vn 0.11158 -0.92327 0.36759
vn 0.18762 -0.58795 0.78684
vn 0.20053 -0.58951 0.78247
vn 0.71334 -0.45118 0.53626
vn 0.23139 -0.70205 0.67349
vn 0.13512 -0.91557 0.37878
vn 0.27532 -0.69727 0.66182
vn 0.15869 -0.91477 0.37150
vn 0.25128 -0.58956 0.76765
vn 0.30092 -0.58961 0.74954
vn 0.31842 -0.69630 0.64325
vn 0.18369 -0.91374 0.36240
vn 0.36035 -0.69517 0.62200
vn 0.20837 -0.91255 0.35190
vn 0.34929 -0.58968 0.72820
vn 0.39613 -0.58976 0.70376
vn 0.40093 -0.69389 0.59814
vn 0.23265 -0.91118 0.34002
vn 0.44002 -0.69246 0.57174
vn 0.25650 -0.90964 0.32674
vn 0.44129 -0.58984 0.67628
vn 0.48452 -0.58993 0.64593
vn 0.47488 -0.69140 0.54448
vn 0.27766 -0.90816 0.31330
vn 0.50230 -0.69274 0.51751
vn 0.29483 -0.90716 0.30022
vn 0.52426 -0.59002 0.61402
vn 0.55716 -0.59228 0.58205
vn 0.52565 -0.69741 0.48715
vn 0.31088 -0.90678 0.28478
vn 0.54876 -0.70400 0.45083
vn 0.32632 -0.90733 0.26507
vn 0.58436 -0.59968 0.54673
vn 0.60971 -0.61093 0.50499
vn 0.56714 -0.71235 0.41342
vn 0.33673 -0.90937 0.24426
vn 0.57597 -0.72435 0.37891
vn 0.34081 -0.91287 0.22477
vn 0.63160 -0.62308 0.46136
vn 0.64537 -0.63754 0.42076
vn 0.58102 -0.73948 0.33999
vn 0.34566 -0.91645 0.20160
vn 0.59042 -0.75255 0.29168
vn 0.35635 -0.91812 0.17341
vn 0.65277 -0.65694 0.37726
vn 0.66060 -0.67705 0.32436
vn 0.60091 -0.76122 0.24381
vn 0.36799 -0.91811 0.14714
vn 0.60649 -0.76868 0.20326
vn 0.37642 -0.91800 0.12485
vn 0.66894 -0.69249 0.27013
vn 0.67318 -0.70504 0.22305
vn 0.60548 -0.77759 0.16956
vn 0.38033 -0.91868 0.10665
vn 0.59623 -0.78999 0.14294
vn 0.37925 -0.92062 0.09287
vn 0.67180 -0.71799 0.18212
vn 0.66276 -0.73414 0.14761
vn 0.58030 -0.80578 0.11820
vn 0.37622 -0.92316 0.07902
vn 0.56144 -0.82250 0.09100
vn 0.37431 -0.92515 0.06313
vn 0.64555 -0.75487 0.11592
vn 0.62292 -0.77792 0.08247
vn 0.54033 -0.83892 0.06520
vn 0.36539 -0.92950 0.05016
vn 0.51255 -0.85751 0.04433
vn 0.59655 -0.80100 0.05032
vn 0.56648 -0.82375 0.02301
vn 0.48774 -0.87298 0.00394
vn 0.54357 -0.83417 -0.09322
vn 0.53692 -0.84351 -0.01455
vn 0.52119 -0.84937 -0.08329
vn 0.61856 -0.75939 -0.20175
vn 0.86168 -0.40590 -0.30457
vn 0.63676 -0.72494 -0.26268
vn 0.84558 -0.39306 -0.36124
vn 0.52040 -0.83912 -0.15832
vn 0.52339 -0.82571 -0.21040
vn 0.63239 -0.70957 -0.31078
vn 0.82520 -0.37956 -0.41831
vn 0.62430 -0.69362 -0.35935
vn 0.80073 -0.36608 -0.47415
vn 0.52453 -0.81328 -0.25189
vn 0.52264 -0.80008 -0.29448
vn 0.61230 -0.67720 -0.40803
vn 0.77226 -0.35274 -0.52839
vn 0.59627 -0.66042 -0.45641
vn 0.73985 -0.33961 -0.58077
vn 0.51745 -0.78615 -0.33796
vn 0.50872 -0.77158 -0.38193
vn 0.57609 -0.64345 -0.50408
vn 0.70366 -0.32681 -0.63091
vn 0.55175 -0.62645 -0.55057
vn 0.66381 -0.31443 -0.67859
vn 0.49623 -0.75647 -0.42604
vn 0.47982 -0.74099 -0.46980
vn 0.52326 -0.60963 -0.59544
vn 0.62053 -0.30260 -0.72345
vn 0.49070 -0.59321 -0.63821
vn 0.57396 -0.29141 -0.76528
vn 0.45936 -0.72530 -0.51278
vn 0.43482 -0.70964 -0.55439
vn 0.45423 -0.57740 -0.67844
vn 0.52441 -0.28097 -0.80377
vn 0.41406 -0.56244 -0.71569
vn 0.47206 -0.27136 -0.83876
vn 0.40620 -0.69422 -0.59418
vn 0.37366 -0.67935 -0.63155
vn 0.36770 -0.54718 -0.75193
vn 0.41182 -0.26149 -0.87294
vn 0.31351 -0.52955 -0.78822
vn 0.34364 -0.25066 -0.90503
vn 0.33582 -0.66476 -0.66732
vn 0.29146 -0.64828 -0.70341
vn 0.26079 -0.51254 -0.81810
vn 0.28327 -0.24151 -0.92813
vn 0.21557 -0.50162 -0.83780
vn 0.23276 -0.23614 -0.94343
vn 0.24614 -0.63019 -0.73640
vn 0.20499 -0.61634 -0.76033
vn 0.16831 -0.49637 -0.85164
vn 0.17793 -0.23334 -0.95598
vn 0.11422 -0.49345 -0.86224
vn 0.11991 -0.26049 -0.95800
vn 0.16173 -0.60914 -0.77640
vn 0.11245 -0.60565 -0.78774
vn 0.05875 -0.49200 -0.86861
vn 0.06546 -0.23074 -0.97081
vn 0.06138 -0.60368 -0.79486
vn 0.07796 -0.27546 0.95815
vn 0.12736 -0.27858 0.95193
vn 0.11969 0.00000 0.99281
vn 0.07627 0.00000 0.99709
vn 0.19180 -0.30365 0.93328
vn 0.24986 -0.33458 0.90864
vn 0.24825 -0.00000 0.96870
vn 0.18439 0.00000 0.98285
vn 0.30403 -0.34948 0.88624
vn 0.35981 -0.35014 0.86483
vn 0.37257 -0.00000 0.92800
vn 0.31110 -0.00000 0.95038
vn 0.41609 -0.34700 0.84051
vn 0.47083 -0.34335 0.81267
vn 0.50246 0.00144 0.86460
vn 0.43809 -0.00000 0.89893
vn 0.52378 -0.33919 0.78141
vn 0.57476 -0.33450 0.74683
vn 0.60460 0.00138 0.79653
vn 0.55012 0.00173 0.83508
vn 0.62356 -0.32929 0.70905
vn 0.66999 -0.32309 0.66837
vn 0.70656 0.00021 0.70765
vn 0.65748 0.00060 0.75347
vn 0.71409 -0.31516 0.62510
vn 0.75584 -0.30524 0.57926
vn 0.78666 -0.00000 0.61739
vn 0.74751 -0.00000 0.66425
vn 0.79505 -0.29330 0.53092
vn 0.83159 -0.27888 0.48030
vn 0.86051 0.00000 0.50943
vn 0.82537 -0.00000 0.56460
vn 0.86543 -0.26121 0.42755
vn 0.89615 -0.24177 0.37210
vn 0.91964 0.00000 0.39275
vn 0.89200 0.00000 0.45204
vn 0.92281 -0.22342 0.31386
vn 0.94504 -0.20611 0.25382
vn 0.96304 -0.00000 0.26936
vn 0.94337 0.00000 0.33174
vn 0.96313 -0.18806 0.19241
vn 0.97725 -0.16763 0.12994
vn 0.98996 -0.00000 0.14135
vn 0.97860 -0.00000 0.20577
vn 0.98743 -0.14328 0.06667
vn 0.99328 -0.11574 0.00243
vn 0.99994 0.00000 0.01092
vn 0.99709 -0.00000 0.07627
vn 0.99420 -0.08752 -0.06252
vn 0.98956 -0.06566 -0.12831
vn 0.99281 -0.00000 -0.11969
vn 0.99851 0.00000 -0.05452
vn 0.97872 -0.06398 -0.19497
vn 0.96244 -0.08004 -0.25943
vn 0.96870 -0.00000 -0.24825
vn 0.98285 -0.00000 -0.18439
vn 0.94362 -0.08458 -0.32004
vn 0.92089 -0.08000 -0.38153
vn 0.92800 -0.00000 -0.37257
vn 0.95038 -0.00000 -0.31110
vn 0.89422 -0.07645 -0.44106
vn 0.86368 -0.07301 -0.49872
vn 0.87144 -0.00000 -0.49051
vn 0.90164 -0.00000 -0.43249
vn 0.82942 -0.06968 -0.55427
vn 0.79156 -0.06649 -0.60746
vn 0.79996 -0.00000 -0.60006
vn 0.83748 -0.00000 -0.54647
vn 0.75029 -0.06344 -0.65806
vn 0.70578 -0.06055 -0.70584
vn 0.71479 -0.00000 -0.69934
vn 0.75898 -0.00000 -0.65111
vn 0.65821 -0.05784 -0.75061
vn 0.60780 -0.05532 -0.79216
vn 0.61739 -0.00000 -0.78666
vn 0.66750 -0.00000 -0.74461
vn 0.55476 -0.05299 -0.83032
vn 0.49933 -0.05088 -0.86492
vn 0.50943 -0.00000 -0.86051
vn 0.56460 -0.00000 -0.82537
vn 0.43746 -0.04904 -0.89790
vn 0.36691 -0.04764 -0.92904
vn 0.38076 -0.00048 -0.92468
vn 0.44936 0.00000 -0.89335
vn 0.30106 -0.04675 -0.95246
vn 0.24746 -0.04602 -0.96780
vn 0.24852 -0.00315 -0.96862
vn 0.30826 -0.00207 -0.95130
vn 0.19276 -0.04505 -0.98021
vn 0.13031 -0.05797 -0.98978
vn 0.13053 -0.00244 -0.99144
vn 0.19309 -0.00297 -0.98118
vn 0.06698 -0.04360 -0.99680
vn 0.06709 -0.00206 -0.99774
vn 0.17591 -0.94687 -0.26926
vn 0.28711 -0.94872 -0.13230
vn -0.00012 -0.99996 0.00903
vn -0.03215 -0.86649 -0.49815
vn -0.06517 -0.84133 -0.53657
vn 0.00027 -0.99996 0.00915
vn 0.20910 -0.94423 0.25436
vn -0.11812 -0.76984 -0.62721
vn 0.09249 -0.93224 0.34981
vn -0.15853 -0.76954 -0.61860
vn 0.09735 -0.93240 0.34808
vn -0.19867 -0.76954 -0.60691
vn 0.11990 -0.93240 0.34095
vn -0.23792 -0.76955 -0.59262
vn 0.14194 -0.93241 0.33235
vn -0.27618 -0.76955 -0.57578
vn 0.16335 -0.93242 0.32234
vn -0.31324 -0.76955 -0.55649
vn 0.18407 -0.93244 0.31093
vn -0.34897 -0.76954 -0.53481
vn 0.20399 -0.93245 0.29820
vn -0.38319 -0.76955 -0.51085
vn 0.22304 -0.93246 0.28419
vn -0.41580 -0.76954 -0.48468
vn 0.24065 -0.93265 0.26881
vn -0.44660 -0.76954 -0.45646
vn 0.25584 -0.93347 0.25134
vn -0.47550 -0.76954 -0.42626
vn 0.26837 -0.93505 0.23163
vn -0.50236 -0.76954 -0.39426
vn 0.27895 -0.93691 0.21069
vn -0.52708 -0.76954 -0.36055
vn 0.28739 -0.93892 0.18930
vn -0.54953 -0.76953 -0.32532
vn 0.29257 -0.94154 0.16707
vn -0.56965 -0.76952 -0.28868
vn 0.29493 -0.94462 0.14392
vn -0.58731 -0.76952 -0.25082
vn 0.29675 -0.94724 0.12112
vn -0.60247 -0.76951 -0.21186
vn 0.29853 -0.94920 0.09951
vn -0.61503 -0.76951 -0.17202
vn 0.29902 -0.95101 0.07855
vn -0.62497 -0.76951 -0.13141
vn 0.29711 -0.95307 0.05812
vn -0.63223 -0.76950 -0.09027
vn 0.29187 -0.95569 0.03828
vn -0.63679 -0.76950 -0.04871
vn 0.28338 -0.95882 0.01912
vn -0.63862 -0.76949 -0.00697
vn 0.27291 -0.96204 0.00101
vn -0.63772 -0.76948 0.03483
vn 0.26113 -0.96518 -0.01561
vn -0.63408 -0.76948 0.07645
vn 0.24819 -0.96823 -0.03065
vn -0.62772 -0.76948 0.11777
vn 0.23641 -0.97057 -0.04598
vn -0.61868 -0.76948 0.15855
vn 0.23052 -0.97102 -0.06309
vn -0.60697 -0.76949 0.19869
vn 0.23040 -0.96972 -0.08095
vn -0.59267 -0.76950 0.23794
vn 0.23139 -0.96782 -0.09893
vn -0.57581 -0.76952 0.27620
vn 0.23116 -0.96582 -0.11726
vn -0.55650 -0.76953 0.31324
vn 0.22962 -0.96372 -0.13606
vn -0.53480 -0.76955 0.34897
vn 0.22668 -0.96153 -0.15519
vn -0.51083 -0.76956 0.38318
vn 0.22222 -0.95925 -0.17454
vn -0.48466 -0.76957 0.41577
vn 0.21616 -0.95691 -0.19392
vn -0.45642 -0.76959 0.44656
vn 0.20842 -0.95453 -0.21317
vn -0.42622 -0.76960 0.47545
vn 0.19897 -0.95213 -0.23208
vn -0.39421 -0.76961 0.50229
vn 0.18774 -0.94975 -0.25044
vn -0.36050 -0.76962 0.52700
vn 0.17477 -0.94743 -0.26800
vn -0.32527 -0.76963 0.54943
vn 0.16007 -0.94520 -0.28454
vn -0.28861 -0.76964 0.56952
vn 0.14371 -0.94294 -0.30036
vn -0.25076 -0.76964 0.58717
vn 0.12611 -0.94029 -0.31616
vn -0.21181 -0.76963 0.60234
vn 0.10753 -0.93761 -0.33065
vn -0.17198 -0.76961 0.61491
vn 0.08726 -0.93586 -0.34141
vn -0.13138 -0.76961 0.62485
vn 0.06532 -0.93508 -0.34837
vn -0.09025 -0.76961 0.63210
vn 0.04254 -0.93466 -0.35300
vn -0.04823 -0.76962 0.63668
vn 0.01928 -0.93451 -0.35542
vn -0.02758 -0.17760 -0.98372
vn -0.06206 -0.17745 -0.98217
vn -0.12846 -0.17738 -0.97572
vn -0.19200 -0.17738 -0.96523
vn -0.25472 -0.17739 -0.95061
vn -0.31634 -0.17739 -0.93191
vn -0.37661 -0.17739 -0.90923
vn -0.43527 -0.17739 -0.88265
vn -0.49207 -0.17738 -0.85229
vn -0.54676 -0.17738 -0.81828
vn -0.59911 -0.17739 -0.78077
vn -0.64889 -0.17738 -0.73992
vn -0.69589 -0.17739 -0.69589
vn -0.73992 -0.17739 -0.64889
vn -0.78077 -0.17739 -0.59911
vn -0.81828 -0.17739 -0.54676
vn -0.85229 -0.17739 -0.49207
vn -0.88265 -0.17738 -0.43527
vn -0.90923 -0.17738 -0.37662
vn -0.93191 -0.17739 -0.31634
vn -0.95061 -0.17739 -0.25471
vn -0.96523 -0.17739 -0.19200
vn -0.97572 -0.17739 -0.12846
vn -0.98203 -0.17739 -0.06436
vn -0.98414 -0.17739 -0.00000
vn -0.98203 -0.17739 0.06436
vn -0.97572 -0.17739 0.12846
vn -0.96523 -0.17739 0.19200
vn -0.95061 -0.17739 0.25471
vn -0.93191 -0.17739 0.31634
vn -0.90923 -0.17738 0.37661
vn -0.88265 -0.17739 0.43528
vn -0.85229 -0.17739 0.49207
vn -0.81828 -0.17739 0.54676
vn -0.78077 -0.17739 0.59911
vn -0.73992 -0.17739 0.64889
vn -0.69589 -0.17739 0.69589
vn -0.64889 -0.17739 0.73992
vn -0.59911 -0.17739 0.78077
vn -0.54676 -0.17739 0.81828
vn -0.49207 -0.17739 0.85229
vn -0.43528 -0.17739 0.88265
vn -0.37662 -0.17738 0.90923
vn -0.31634 -0.17738 0.93191
vn -0.25471 -0.17739 0.95061
vn -0.19200 -0.17739 0.96523
vn -0.12846 -0.17739 0.97572
vn -0.05843 -0.17750 0.98239
vn -0.07458 0.00000 -0.99721
vn -0.14135 0.00001 -0.98996
vn -0.12992 -0.08904 -0.98752
vn -0.05754 -0.10181 -0.99314
vn -0.20577 0.00000 -0.97860
vn -0.26935 0.00001 -0.96304
vn -0.25771 -0.08904 -0.96211
vn -0.19423 -0.08905 -0.97691
vn -0.33174 -0.00000 -0.94337
vn -0.39275 0.00000 -0.91964
vn -0.38108 -0.08905 -0.92024
vn -0.32008 -0.08905 -0.94320
vn -0.45204 -0.00000 -0.89200
vn -0.50943 -0.00000 -0.86051
vn -0.49794 -0.08905 -0.86263
vn -0.44045 -0.08905 -0.89335
vn -0.56460 -0.00000 -0.82537
vn -0.61739 -0.00000 -0.78666
vn -0.60627 -0.08905 -0.79026
vn -0.55329 -0.08905 -0.82822
vn -0.66750 -0.00000 -0.74461
vn -0.71479 -0.00000 -0.69934
vn -0.70424 -0.08905 -0.70436
vn -0.65666 -0.08905 -0.74891
vn -0.75898 0.00000 -0.65111
vn -0.79996 0.00000 -0.60006
vn -0.79015 -0.08905 -0.60641
vn -0.74880 -0.08905 -0.65679
vn -0.83748 -0.00000 -0.54647
vn -0.87144 0.00000 -0.49051
vn -0.86254 -0.08905 -0.49809
vn -0.82812 -0.08905 -0.55344
vn -0.90164 -0.00000 -0.43249
vn -0.92801 -0.00000 -0.37257
vn -0.92018 -0.08905 -0.38124
vn -0.89327 -0.08905 -0.44061
vn -0.95038 0.00000 -0.31110
vn -0.96870 0.00000 -0.24825
vn -0.96207 -0.08905 -0.25787
vn -0.94314 -0.08905 -0.32024
vn -0.98285 0.00000 -0.18439
vn -0.99281 0.00000 -0.11969
vn -0.98749 -0.08905 -0.13010
vn -0.97687 -0.08905 -0.19440
vn -0.99851 0.00000 -0.05452
vn -0.99994 0.00000 0.01092
vn -0.99603 -0.08905 -0.00009
vn -0.99389 -0.08905 -0.06523
vn -0.99709 -0.00000 0.07627
vn -0.98996 -0.00001 0.14135
vn -0.98752 -0.08905 0.12992
vn -0.99390 -0.08905 0.06505
vn -0.97860 0.00000 0.20577
vn -0.96304 0.00000 0.26935
vn -0.96211 -0.08905 0.25771
vn -0.97691 -0.08905 0.19423
vn -0.94337 -0.00000 0.33174
vn -0.91964 -0.00000 0.39275
vn -0.92024 -0.08905 0.38108
vn -0.94320 -0.08905 0.32008
vn -0.89200 0.00000 0.45204
vn -0.86051 0.00000 0.50943
vn -0.86263 -0.08905 0.49794
vn -0.89335 -0.08905 0.44046
vn -0.82536 0.00000 0.56460
vn -0.78666 0.00000 0.61739
vn -0.79025 -0.08905 0.60627
vn -0.82822 -0.08905 0.55329
vn -0.74461 0.00000 0.66750
vn -0.69934 0.00000 0.71479
vn -0.70436 -0.08905 0.70424
vn -0.74891 -0.08905 0.65666
vn -0.65111 0.00000 0.75898
vn -0.60006 0.00001 0.79995
vn -0.60641 -0.08905 0.79015
vn -0.65679 -0.08905 0.74880
vn -0.54647 -0.00000 0.83748
vn -0.49051 -0.00000 0.87143
vn -0.49809 -0.08905 0.86254
vn -0.55344 -0.08904 0.82812
vn -0.43249 0.00000 0.90164
vn -0.37257 -0.00000 0.92800
vn -0.38124 -0.08905 0.92018
vn -0.44061 -0.08905 0.89327
vn -0.31110 -0.00001 0.95038
vn -0.24825 -0.00000 0.96870
vn -0.25787 -0.08905 0.96207
vn -0.32024 -0.08905 0.94314
vn -0.18439 0.00000 0.98285
vn -0.11969 0.00000 0.99281
vn -0.13009 -0.08905 0.98749
vn -0.19440 -0.08905 0.97687
vn -0.05274 0.00000 0.99861
vn -0.07072 -0.07123 0.99495
vn 0.05400 -0.99706 0.05441
vn 0.02230 -0.99762 0.06523
vn 0.29280 -0.95259 0.08273
vn 0.02742 -0.99658 0.07799
vn 0.03233 -0.99623 0.08045
vn 0.03797 -0.99615 0.07907
vn 0.04364 -0.99604 0.07745
vn 0.04937 -0.99592 0.07558
vn 0.05514 -0.99577 0.07344
vn 0.06073 -0.99562 0.07112
vn 0.06569 -0.99545 0.06898
vn 0.07053 -0.99526 0.06696
vn 0.07564 -0.99506 0.06423
vn 0.07979 -0.99498 0.06043
vn 0.08208 -0.99503 0.05634
vn 0.08400 -0.99512 0.05184
vn 0.08788 -0.99507 0.04602
vn 0.09332 -0.99484 0.03985
vn 0.09839 -0.99454 0.03469
vn 0.10267 -0.99425 0.03033
vn 0.10602 -0.99400 0.02697
vn 0.10916 -0.99373 0.02409
vn 0.11361 -0.99332 0.02042
vn 0.11871 -0.99277 0.01787
vn 0.13053 0.00000 0.99144
vn 0.08170 0.00000 0.99666
vn 0.25882 0.00000 0.96593
vn 0.19509 0.00000 0.98079
vn 0.38700 0.00000 0.92208
vn 0.32144 -0.00000 0.94693
vn 0.79335 -0.00000 0.60876
vn 0.74785 -0.00016 0.66387
vn 0.86603 -0.00000 0.50000
vn 0.83147 -0.00000 0.55557
vn 0.92388 -0.00000 0.38268
vn 0.89687 -0.00000 0.44229
vn 0.96593 -0.00000 0.25882
vn 0.94693 -0.00000 0.32144
vn 0.99144 -0.00000 0.13053
vn 0.98079 -0.00000 0.19509
vn 1.00000 -0.00000 -0.00000
vn 0.99786 -0.00000 0.06540
vn 0.99144 -0.00000 -0.13053
vn 0.99786 -0.00000 -0.06540
vn 0.96593 -0.00000 -0.25882
vn 0.98079 -0.00000 -0.19509
vn 0.92388 -0.00000 -0.38268
vn 0.94693 -0.00000 -0.32144
vn 0.86603 0.00000 -0.50000
vn 0.89687 0.00000 -0.44229
vn 0.79335 -0.00000 -0.60876
vn 0.83147 0.00000 -0.55557
vn 0.70711 -0.00000 -0.70711
vn 0.75184 -0.00000 -0.65935
vn 0.60876 -0.00000 -0.79335
vn 0.65935 0.00000 -0.75184
vn 0.50000 0.00000 -0.86603
vn 0.55557 -0.00000 -0.83147
vn 0.36738 -0.00120 -0.93007
vn 0.43910 -0.00013 -0.89844
vn 0.30299 -0.00278 -0.95299
vn 0.25097 -0.00326 -0.96799
vn 0.19357 -0.00303 -0.98108
vn 0.12588 -0.00241 -0.99204
vn 0.06110 -0.00206 -0.99813
vn 0.81141 -0.57923 0.07818
vn 0.99354 -0.10485 0.04347
vn 0.00161 -0.99997 0.00704
vn 0.00103 -0.99998 0.00623
vn 0.17797 -0.98392 0.01526
vn 0.13932 -0.98557 0.09618
vn 0.05857 -0.95914 0.27680
vn 0.27179 -0.95899 -0.08045
vn 0.00180 -0.99998 0.00580
vn 0.00119 -0.99998 0.00671
vn 0.02540 -0.58152 0.81314
vn 0.66303 -0.53991 0.51855
vn 0.00810 -0.59531 0.80345
vn 0.19035 -0.63303 0.75036
vn 0.19288 -0.66999 0.71688
vn 0.71719 -0.55306 0.42398
vn 0.23934 -0.67002 0.70270
vn 0.28477 -0.67007 0.68550
vn 0.32897 -0.67012 0.66537
vn 0.37176 -0.67018 0.64238
vn 0.41294 -0.67025 0.61664
vn 0.45235 -0.67032 0.58826
vn 0.48850 -0.67089 0.55791
vn 0.51976 -0.67407 0.52486
vn 0.54659 -0.68115 0.48710
vn 0.57002 -0.69026 0.44566
vn 0.58889 -0.70016 0.40373
vn 0.60130 -0.71263 0.36139
vn 0.60875 -0.72800 0.31533
vn 0.61471 -0.74218 0.26700
vn 0.61974 -0.75295 0.22133
vn 0.62203 -0.76240 0.17840
vn 0.61955 -0.77275 0.13791
vn 0.61039 -0.78579 0.09980
vn 0.59450 -0.80168 0.06232
vn 0.57385 -0.81855 0.02589
vn 0.54989 -0.83520 -0.00754
vn 0.52306 -0.85147 -0.03741
vn 0.49827 -0.86385 -0.07412
vn 0.48446 -0.86658 -0.11975
vn 0.48229 -0.86076 -0.16276
vn 0.48399 -0.85161 -0.20127
vn 0.48397 -0.84167 -0.23951
vn 0.48114 -0.83116 -0.27870
vn 0.47530 -0.82012 -0.31856
vn 0.46623 -0.80863 -0.35880
vn 0.45375 -0.79678 -0.39906
vn 0.43771 -0.78469 -0.43894
vn 0.41804 -0.77250 -0.47801
vn 0.39468 -0.76037 -0.51581
vn 0.36768 -0.74850 -0.55187
vn 0.33713 -0.73709 -0.58570
vn 0.30233 -0.72555 -0.61820
vn 0.26406 -0.71244 -0.65016
vn 0.22534 -0.69892 -0.67878
vn 0.18525 -0.68918 -0.70051
vn 0.14127 -0.68439 -0.71530
vn 0.09469 -0.68200 -0.72519
vn 0.04739 -0.68087 -0.73087
vn 0.93992 -0.34075 0.02112
vn 0.01230 -0.89802 0.43979
vn 0.41850 -0.89037 0.17914
vn 0.00391 -0.90026 0.43534
vn 0.41367 -0.91006 0.02566
vn 0.06540 0.00000 0.99786
vn 0.06540 0.00000 0.99786
vn 0.06540 0.00000 0.99786
vn 0.09798 0.00000 0.99519
vn 0.09799 0.00000 0.99519
vn 0.09798 0.00000 0.99519
vn 0.16293 0.00000 0.98664
vn 0.16293 0.00000 0.98664
vn 0.16293 0.00000 0.98664
vn 0.22704 0.00000 0.97388
vn 0.22704 0.00000 0.97388
vn 0.22704 0.00000 0.97388
vn 0.29032 0.00000 0.95693
vn 0.29032 0.00000 0.95693
vn 0.29032 -0.00000 0.95693
vn 0.35222 -0.00000 0.93592
vn 0.35222 -0.00000 0.93592
vn 0.35222 0.00000 0.93592
vn 0.41274 0.00000 0.91085
vn 0.41274 0.00000 0.91085
vn 0.41274 0.00000 0.91085
vn 0.47137 0.00000 0.88194
vn 0.47137 0.00000 0.88194
vn 0.47137 0.00000 0.88194
vn 0.52810 0.00000 0.84918
vn 0.52810 0.00000 0.84918
vn 0.52810 0.00000 0.84918
vn 0.58245 0.00000 0.81287
vn 0.58245 0.00000 0.81287
vn 0.58245 0.00000 0.81287
vn 0.63442 0.00000 0.77299
vn 0.63442 0.00000 0.77299
vn 0.63442 0.00000 0.77299
vn 0.68357 0.00000 0.72989
vn 0.68357 0.00000 0.72989
vn 0.68357 0.00000 0.72989
vn 0.72989 0.00000 0.68357
vn 0.72989 0.00000 0.68357
vn 0.72989 0.00000 0.68357
vn 0.77299 0.00000 0.63442
vn 0.77298 0.00000 0.63443
vn 0.77299 0.00000 0.63442
vn 0.81287 0.00000 0.58245
vn 0.81287 0.00000 0.58245
vn 0.81287 0.00000 0.58245
vn 0.84918 0.00000 0.52810
vn 0.84918 0.00000 0.52810
vn 0.84918 0.00000 0.52810
vn 0.88194 0.00000 0.47137
vn 0.88194 0.00000 0.47137
vn 0.88194 0.00000 0.47136
vn 0.91085 0.00000 0.41274
vn 0.91085 0.00000 0.41274
vn 0.91085 0.00000 0.41274
vn 0.93592 0.00000 0.35222
vn 0.93592 0.00000 0.35222
vn 0.93592 0.00000 0.35222
vn 0.95693 0.00000 0.29032
vn 0.97388 0.00000 0.22704
vn 0.97388 0.00000 0.22704
vn 0.97388 0.00000 0.22704
vn 0.98664 0.00000 0.16293
vn 0.98664 0.00000 0.16293
vn 0.98664 0.00000 0.16293
vn 0.99519 0.00000 0.09798
vn 0.99519 0.00000 0.09798
vn 0.99519 0.00000 0.09798
vn 0.99946 0.00000 0.03275
vn 0.99946 0.00000 0.03275
vn 0.99946 0.00000 0.03275
vn 0.99946 0.00000 -0.03275
vn 0.99946 0.00000 -0.03275
vn 0.99946 0.00000 -0.03275
vn 0.99519 0.00000 -0.09798
vn 0.99519 0.00000 -0.09798
vn 0.99519 0.00000 -0.09798
vn 0.98664 0.00000 -0.16293
vn 0.98664 0.00000 -0.16293
vn 0.98664 0.00000 -0.16293
vn 0.97388 0.00000 -0.22704
vn 0.97388 0.00000 -0.22704
vn 0.97388 0.00000 -0.22704
vn 0.95693 0.00000 -0.29032
vn 0.95693 0.00000 -0.29032
vn 0.95693 0.00000 -0.29032
vn 0.93592 0.00000 -0.35222
vn 0.93592 0.00000 -0.35222
vn 0.93592 0.00000 -0.35222
vn 0.91085 0.00000 -0.41274
vn 0.91085 0.00000 -0.41274
vn 0.91085 0.00000 -0.41274
vn 0.88194 0.00000 -0.47137
vn 0.88194 0.00000 -0.47137
vn 0.88194 0.00000 -0.47137
vn 0.84918 0.00000 -0.52810
vn 0.84919 0.00000 -0.52810
vn 0.84918 0.00000 -0.52810
vn 0.81287 0.00000 -0.58245
vn 0.81287 0.00000 -0.58245
vn 0.81287 0.00000 -0.58245
vn 0.77299 0.00000 -0.63442
vn 0.77299 0.00000 -0.63442
vn 0.77299 0.00000 -0.63442
vn 0.72989 0.00000 -0.68357
vn 0.72989 0.00000 -0.68357
vn 0.72989 0.00000 -0.68357
vn 0.68357 0.00000 -0.72989
vn 0.68357 0.00000 -0.72989
vn 0.68357 0.00000 -0.72989
vn 0.63442 0.00000 -0.77299
vn 0.63442 0.00000 -0.77299
vn 0.63442 -0.00000 -0.77299
vn 0.58245 -0.00000 -0.81287
vn 0.58245 -0.00000 -0.81287
vn 0.58245 0.00000 -0.81287
vn 0.52810 0.00000 -0.84918
vn 0.52809 0.00000 -0.84919
vn 0.52810 0.00000 -0.84918
vn 0.47137 0.00000 -0.88194
vn 0.47137 0.00000 -0.88194
vn 0.47137 0.00000 -0.88194
vn 0.41035 -0.00000 -0.91193
vn 0.41035 0.00000 -0.91193
vn 0.41035 -0.00000 -0.91193
vn 0.34601 0.00000 -0.93823
vn 0.34600 -0.00000 -0.93823
vn 0.34601 0.00000 -0.93823
vn 0.28539 0.00000 -0.95841
vn 0.28539 0.00000 -0.95841
vn 0.28538 -0.00000 -0.95841
vn 0.22594 0.00000 -0.97414
vn 0.22594 -0.00000 -0.97414
vn 0.22595 0.00000 -0.97414
vn 0.16293 0.00000 -0.98664
vn 0.16293 0.00000 -0.98664
vn 0.16293 0.00000 -0.98664
vn 0.09798 0.00000 -0.99519
vn 0.03714 -0.00000 -0.99931
vn 0.03714 0.00000 -0.99931
vn 0.03714 -0.00000 -0.99931
vn -0.00004 -0.99997 0.00729
vn -0.00083 -0.99995 0.01019
vn -0.02493 -0.46225 -0.88640
vn -0.99251 -0.12214 0.00298
vn -0.99251 -0.12214 0.00298
vn -0.99251 -0.12214 0.00298
vn -0.84200 -0.07773 0.53385
vn -0.84200 -0.07773 0.53385
vn -0.84200 -0.07773 0.53385
vn -0.82346 -0.07754 0.56205
vn -0.82346 -0.07754 0.56205
vn -0.82346 -0.07753 0.56205
vn 0.02797 -0.11442 0.99304
vn 0.02798 -0.11443 0.99304
vn 0.02796 -0.11442 0.99304
vn -0.01695 -0.10442 -0.99439
vn -0.01695 -0.10442 -0.99439
vn -0.01695 -0.10442 -0.99439
vn 0.00003 -0.99998 0.00564
vn 0.00018 -0.99998 0.00562
vn -0.00012 -0.99998 0.00567
vn -0.00071 -0.99998 0.00658
vn -0.00001 -0.99998 0.00604
vn -0.00141 -0.99997 0.00712
vn 0.00083 -0.99993 0.01201
vn 0.00145 -0.99993 0.01148
vn 0.00020 -0.99992 0.01254
vn 0.00038 -0.99992 0.01260
vn 0.00042 -0.99992 0.01265
vn 0.00035 -0.99992 0.01255
vn -0.00002 -0.99998 0.00579
vn -0.00003 -0.99998 0.00576
vn -0.00001 -0.99998 0.00581
vn -0.00001 -0.99998 0.00577
vn -0.00001 -0.99998 0.00576
vn -0.00001 -0.99998 0.00579
vn -0.01695 -0.10441 -0.99439
vn -0.01695 -0.10441 -0.99439
vn -0.01695 -0.10442 -0.99439
vn 0.72824 0.00002 0.68533
vn 0.70278 0.00062 0.71140
vn 0.63932 0.00397 0.76893
vn 0.56615 0.00424 0.82429
vn 0.49545 0.00000 0.86864
vn 0.43249 0.00000 0.90164
vn 0.41274 0.00000 0.91085
vn 0.42461 -0.00000 0.90538
vn 0.45204 -0.00000 0.89200
vn 0.49558 -0.00000 0.86856
vn 0.51442 -0.00906 0.85749
vn 0.56570 -0.01252 0.82452
vn 0.55552 -0.01360 0.83139
vn 0.65091 -0.00815 0.75911
vn 0.60845 -0.00762 0.79356
vn 0.65934 -0.00506 0.75183
vn 0.71008 0.00018 0.70412
vn 0.70439 -0.00301 0.70981
vn 0.08713 -0.00000 0.99620
vn 0.14135 -0.00000 0.98996
vn 0.20577 0.00000 0.97860
vn 0.26935 0.00000 0.96304
vn 0.33174 0.00000 0.94337
vn 0.39275 -0.00000 0.91964
vn 0.75898 0.00000 0.65111
vn 0.79996 0.00000 0.60006
vn 0.83748 -0.00000 0.54647
vn 0.87144 -0.00000 0.49051
vn 0.90164 0.00000 0.43249
vn 0.92800 -0.00000 0.37257
vn 0.95038 -0.00000 0.31110
vn 0.96869 -0.00000 0.24825
vn 0.98285 0.00000 0.18439
vn 0.99281 0.00000 0.11969
vn 0.99851 -0.00000 0.05452
vn 0.99994 -0.00000 -0.01092
vn 0.99709 0.00000 -0.07627
vn 0.98996 0.00000 -0.14135
vn 0.97860 0.00000 -0.20577
vn 0.96304 0.00000 -0.26935
vn 0.94337 0.00000 -0.33174
vn 0.91964 -0.00000 -0.39275
vn 0.89200 -0.00000 -0.45204
vn 0.86051 0.00000 -0.50943
vn 0.82537 0.00000 -0.56460
vn 0.78666 0.00000 -0.61739
vn 0.74461 0.00000 -0.66750
vn 0.69934 0.00000 -0.71479
vn 0.65111 -0.00000 -0.75898
vn 0.60006 -0.00000 -0.79996
vn 0.54647 -0.00000 -0.83748
vn 0.49051 -0.00000 -0.87144
vn 0.43044 -0.00026 -0.90262
vn 0.36645 -0.00137 -0.93044
vn 0.26471 -0.00296 -0.96432
vn 0.31586 -0.00242 -0.94880
vn 0.13053 -0.00236 -0.99144
vn 0.20481 -0.00297 -0.97880
vn 0.05736 -0.00199 -0.99835
vn -0.96280 0.27023 0.00000
vn -0.96280 0.27023 0.00000
vn -0.96280 0.27023 0.00000
vn -0.70276 0.71143 0.00000
vn -0.70275 0.71143 0.00000
vn -0.70276 0.71143 0.00000
vn -0.26899 0.96314 0.00000
vn 0.27362 0.96184 0.00000
vn 0.69913 0.71499 0.00000
vn 0.97406 0.22629 0.00000
vn 0.97536 -0.22063 -0.00000
vn 0.97536 -0.22063 0.00000
vn 0.97536 -0.22063 -0.00000
vn 0.68883 -0.72492 -0.00000
vn 0.68883 -0.72492 -0.00000
vn 0.68883 -0.72492 0.00000
vn 0.25842 -0.96603 -0.00000
vn 0.25842 -0.96603 0.00000
vn 0.25842 -0.96603 -0.00000
vn -0.27472 -0.96152 0.00000
vn -0.27472 -0.96152 0.00000
vn -0.27472 -0.96152 0.00000
vn -0.71148 -0.70270 0.00000
vn -0.96152 -0.27475 0.00000
vn -0.96280 0.27023 -0.00000
vn -0.96280 0.27023 -0.00000
vn -0.96280 0.27023 0.00000
vn -0.70276 0.71143 -0.00000
vn -0.70276 0.71143 0.00000
vn -0.70276 0.71143 -0.00000
vn -0.26899 0.96314 0.00000
vn -0.26899 0.96314 0.00000
vn 0.27362 0.96184 -0.00000
vn 0.27362 0.96184 -0.00000
vn 0.27362 0.96184 0.00000
vn 0.69913 0.71499 -0.00000
vn 0.69913 0.71499 -0.00000
vn 0.69913 0.71499 -0.00000
vn 0.97406 0.22629 -0.00000
vn 0.97406 0.22629 0.00000
vn 0.97406 0.22629 -0.00000
vn 0.97536 -0.22063 -0.00000
vn 0.97536 -0.22063 -0.00000
vn 0.97536 -0.22063 -0.00000
vn 0.68883 -0.72492 -0.00000
vn 0.68883 -0.72492 -0.00000
vn 0.68883 -0.72492 -0.00000
vn 0.25842 -0.96603 -0.00000
vn 0.25842 -0.96603 -0.00000
vn 0.25842 -0.96603 -0.00000
vn -0.27472 -0.96152 -0.00000
vn -0.27472 -0.96152 -0.00000
vn -0.27472 -0.96152 -0.00000
vn -0.71148 -0.70270 -0.00000
vn -0.71148 -0.70270 -0.00000
vn -0.71148 -0.70270 -0.00000
vn -0.96152 -0.27475 -0.00000
vn -0.96152 -0.27475 -0.00000
vn -0.96152 -0.27475 -0.00000
vn 0.00000 -0.17775 -0.98408
vn 0.00000 1.00000 -0.00001
vn 0.00000 1.00000 -0.00001
vn 0.00000 1.00000 -0.00001
vn -0.00000 1.00000 -0.00001
vn -0.00000 1.00000 -0.00001
vn -0.00000 1.00000 -0.00001
vn -0.00000 1.00000 -0.00001
vn -0.00000 1.00000 -0.00001
vn -0.00000 1.00000 -0.00001
vn -0.00000 1.00000 -0.00001
vn -0.00000 1.00000 -0.00001
vn -0.00000 1.00000 -0.00001
vn -0.00000 1.00000 -0.00001
vn -0.00000 1.00000 -0.00001
vn -0.00000 1.00000 -0.00001
vn -0.00000 1.00000 -0.00001
vn -0.00000 1.00000 -0.00001
vn -0.00000 1.00000 -0.00001
vn -0.00000 1.00000 -0.00001
vn -0.00000 1.00000 -0.00001
vn -0.00000 1.00000 -0.00001
vn -0.00000 1.00000 -0.00001
vn -0.00000 1.00000 -0.00000
vn -0.00000 1.00000 -0.00001
vn -0.00000 1.00000 -0.00000
vn -0.00000 1.00000 -0.00000
vn -0.00000 1.00000 -0.00000
vn -0.00000 1.00000 -0.00000
vn -0.00000 1.00000 -0.00000
vn -0.00000 1.00000 -0.00000
vn -0.00000 1.00000 -0.00000
vn -0.00000 1.00000 -0.00000
vn -0.00000 1.00000 -0.00000
vn -0.00000 1.00000 -0.00000
vn -0.00000 1.00000 -0.00000
vn -0.00000 1.00000 -0.00000
vn -0.00000 1.00000 -0.00000
vn -0.00000 1.00000 -0.00000
vn -0.00000 1.00000 -0.00000
vn -0.00000 1.00000 -0.00000
vn -0.00000 1.00000 -0.00000
vn -0.00000 1.00000 -0.00000
vn -0.00000 1.00000 -0.00000
vn -0.00000 1.00000 -0.00000
vn -0.00000 1.00000 -0.00000
vn -0.00000 1.00000 -0.00000
vn -0.00000 1.00000 -0.00000
vn -0.00000 1.00000 -0.00000
vn -0.00000 1.00000 -0.00000
vn -0.00000 1.00000 -0.00000
vn -0.00000 1.00000 -0.00000
vn -0.00000 1.00000 -0.00000
vn -0.00000 1.00000 -0.00000
vn -0.00000 1.00000 -0.00000
vn -0.00000 1.00000 -0.00000
vn -0.00000 1.00000 -0.00000
vn -0.00000 1.00000 -0.00000
vn -0.00000 1.00000 -0.00000
vn -0.00000 1.00000 -0.00000
vn -0.00000 1.00000 -0.00000
vn -0.00000 1.00000 -0.00000
vn -0.00000 1.00000 -0.00000
vn -0.00000 1.00000 -0.00000
vn -0.00000 1.00000 -0.00000
vn -0.00000 1.00000 -0.00000
vn -0.00000 1.00000 -0.00000
vn -0.00000 1.00000 -0.00000
vn -0.00000 1.00000 -0.00000
vn -0.00000 1.00000 -0.00000
vn -0.00000 1.00000 -0.00000
vn -0.00000 1.00000 -0.00000
vn -0.00000 1.00000 -0.00000
vn -0.00000 1.00000 0.00000
vn -0.00000 1.00000 0.00000
vn -0.00000 1.00000 -0.00000
vn -0.00000 1.00000 0.00000
vn -0.00000 1.00000 0.00000
vn -0.00000 1.00000 0.00000
vn -0.00000 1.00000 0.00000
vn -0.00000 1.00000 0.00000
vn -0.00000 1.00000 0.00000
vn -0.00000 1.00000 0.00000
vn -0.00000 1.00000 0.00000
vn -0.00000 1.00000 0.00000
vn -0.00000 1.00000 0.00000
vn -0.00000 1.00000 0.00000
vn -0.00000 1.00000 0.00000
vn -0.00000 1.00000 0.00000
vn -0.00000 1.00000 0.00000
vn -0.00000 1.00000 0.00000
vn -0.00000 1.00000 0.00000
vn -0.00000 1.00000 0.00000
vn -0.00000 1.00000 0.00000
vn -0.00000 1.00000 0.00000
vn -0.00000 1.00000 0.00000
vn -0.00000 1.00000 0.00000
vn -0.00000 1.00000 0.00000
vn -0.00000 1.00000 0.00000
vn -0.00000 1.00000 0.00000
vn -0.00000 1.00000 0.00000
vn -0.00000 1.00000 0.00000
vn -0.00000 1.00000 0.00000
vn -0.00000 1.00000 0.00000
vn -0.00000 1.00000 0.00000
vn -0.00000 1.00000 0.00000
vn -0.00000 1.00000 0.00000
vn -0.00000 1.00000 0.00000
vn -0.00000 1.00000 0.00000
vn -0.00000 1.00000 0.00000
vn -0.00000 1.00000 0.00000
vn -0.00000 1.00000 0.00000
vn -0.00000 1.00000 0.00000
vn -0.00000 1.00000 0.00000
vn -0.00000 1.00000 0.00000
vn -0.00000 1.00000 0.00000
vn 0.00000 1.00000 0.00000
vn -0.00000 1.00000 0.00000
vn -0.00000 1.00000 0.00000
vn -0.00000 1.00000 0.00000
vn -0.00000 1.00000 0.00000
vn 0.00000 1.00000 0.00000
vn 0.00000 1.00000 0.00000
vn -0.00000 1.00000 0.00000
vn 0.00000 1.00000 -0.00000
vn 0.00000 1.00000 -0.00000
vn -0.00000 1.00000 -0.00000
vn -0.00007 1.00000 -0.00003
vn -0.00007 1.00000 -0.00003
vn -0.00007 1.00000 -0.00003
vn -0.00022 1.00000 -0.00009
vn -0.00022 1.00000 -0.00009
vn -0.00022 1.00000 -0.00009
vn -0.00022 1.00000 -0.00008
vn -0.00022 1.00000 -0.00008
vn -0.00022 1.00000 -0.00009
vn -0.00007 1.00000 -0.00004
vn -0.00007 1.00000 -0.00004
vn -0.00007 1.00000 -0.00004
vn 0.00000 1.00000 -0.00003
vn 0.00000 1.00000 -0.00003
vn 0.00000 1.00000 -0.00003
vn 0.00000 1.00000 -0.00003
vn 0.00000 1.00000 -0.00003
vn 0.00000 1.00000 -0.00003
vn 0.00000 1.00000 -0.00003
vn 0.00000 1.00000 -0.00003
vn 0.00000 1.00000 -0.00003
vn -0.00000 1.00000 -0.00003
vn -0.00000 1.00000 -0.00003
vn -0.00000 1.00000 -0.00003
vn -0.00000 1.00000 -0.00003
vn -0.00000 1.00000 -0.00003
vn -0.00000 1.00000 -0.00003
vn -0.00000 1.00000 -0.00003
vn -0.00000 1.00000 -0.00003
vn -0.00000 1.00000 -0.00003
vn 0.00007 1.00000 -0.00004
vn 0.00007 1.00000 -0.00004
vn 0.00007 1.00000 -0.00004
vn 0.00022 1.00000 -0.00008
vn 0.00022 1.00000 -0.00009
vn 0.00022 1.00000 -0.00008
vn 0.00022 1.00000 -0.00009
vn 0.00022 1.00000 -0.00009
vn 0.00022 1.00000 -0.00009
vn 0.00007 1.00000 -0.00003
vn 0.00007 1.00000 -0.00004
vn 0.00007 1.00000 -0.00003
vn -0.00000 1.00000 -0.00000
vn -0.00000 1.00000 0.00000
vn -0.00000 1.00000 -0.00000
vn -0.00000 1.00000 0.00000
vn -0.00000 1.00000 0.00000
vn -0.00000 1.00000 -0.00000
vn 0.00000 1.00000 0.00000
vn 0.00000 1.00000 0.00000
vn 0.00000 1.00000 0.00000
vn 0.00000 1.00000 0.00000
vn 0.00000 1.00000 0.00000
vn 0.00000 1.00000 0.00000
vn 0.00000 1.00000 0.00000
vn 0.00000 1.00000 0.00000
vn 0.00000 1.00000 0.00000
vn 0.00000 1.00000 0.00000
vn 0.00000 1.00000 0.00000
vn 0.00000 1.00000 0.00000
vn 0.00000 1.00000 0.00000
vn 0.00000 1.00000 0.00000
vn 0.00000 1.00000 0.00000
vn 0.00000 1.00000 0.00000
vn 0.00000 1.00000 0.00000
vn 0.00000 1.00000 0.00000
vn 0.00000 1.00000 0.00000
vn 0.00000 1.00000 0.00000
vn 0.00000 1.00000 0.00000
vn 0.00000 1.00000 0.00000
vn 0.00000 1.00000 0.00000
vn 0.00000 1.00000 0.00000
vn 0.00000 1.00000 0.00000
vn 0.00000 1.00000 0.00000
vn 0.00000 1.00000 0.00000
vn 0.00000 1.00000 0.00000
vn 0.00000 1.00000 0.00000
vn 0.00000 1.00000 0.00000
vn 0.00000 1.00000 0.00000
vn 0.00000 1.00000 0.00000
vn 0.00000 1.00000 0.00000
vn 0.00000 1.00000 0.00000
vn 0.00000 1.00000 0.00000
vn 0.00000 1.00000 0.00000
vn 0.00000 1.00000 0.00000
vn 0.00000 1.00000 0.00000
vn 0.00000 1.00000 0.00000
vn 0.00000 1.00000 0.00000
vn 0.00000 1.00000 0.00000
vn 0.00000 1.00000 0.00000
vn 0.00000 1.00000 0.00000
vn 0.00000 1.00000 0.00000
vn 0.00000 1.00000 0.00000
vn 0.00000 1.00000 0.00000
vn 0.00000 1.00000 0.00000
vn 0.00000 1.00000 -0.00000
vn 0.00000 1.00000 -0.00000
vn 0.00000 1.00000 -0.00000
vn 0.00000 1.00000 -0.00000
vn 0.00000 1.00000 -0.00000
vn 0.00000 1.00000 -0.00000
vn 0.00000 1.00000 -0.00000
vn 0.00000 1.00000 -0.00000
vn 0.00000 1.00000 -0.00000
vn 0.00000 1.00000 -0.00000
vn 0.00000 1.00000 -0.00000
vn 0.00000 1.00000 -0.00000
vn 0.00000 1.00000 -0.00000
vn 0.00000 1.00000 -0.00000
vn 0.00000 1.00000 -0.00000
vn 0.00000 1.00000 -0.00000
vn 0.00000 1.00000 -0.00000
vn 0.00000 1.00000 -0.00000
vn 0.00000 1.00000 -0.00000
vn 0.00000 1.00000 -0.00000
vn 0.00000 1.00000 -0.00000
vn 0.00000 1.00000 -0.00000
vn 0.00000 1.00000 -0.00000
vn 0.00000 1.00000 -0.00000
vn 0.00000 1.00000 -0.00000
vn 0.00000 1.00000 -0.00000
vn 0.00000 1.00000 -0.00000
vn 0.00000 1.00000 -0.00000
vn 0.00000 1.00000 -0.00000
vn 0.00000 1.00000 -0.00000
vn 0.00000 1.00000 -0.00000
vn 0.00000 1.00000 -0.00000
vn 0.00000 1.00000 -0.00000
vn 0.00000 1.00000 -0.00000
vn 0.00000 1.00000 -0.00000
vn 0.00000 1.00000 -0.00000
vn 0.00000 1.00000 -0.00000
vn 0.00000 1.00000 -0.00000
vn 0.00000 1.00000 -0.00000
vn 0.00000 1.00000 -0.00000
vn 0.00000 1.00000 -0.00000
vn 0.00000 1.00000 -0.00000
vn 0.00000 1.00000 -0.00000
vn 0.00000 1.00000 -0.00000
vn 0.00000 1.00000 -0.00000
vn 0.00000 1.00000 -0.00000
vn 0.00000 1.00000 -0.00000
vn 0.00000 1.00000 -0.00000
vn 0.00000 1.00000 -0.00000
vn 0.00000 1.00000 -0.00001
vn 0.00000 1.00000 -0.00001
vn 0.00000 1.00000 -0.00001
vn 0.00000 1.00000 -0.00001
vn 0.00000 1.00000 -0.00001
vn 0.00000 1.00000 -0.00001
vn 0.00000 1.00000 -0.00001
vn 0.00000 1.00000 -0.00001
vn 0.00000 1.00000 -0.00001
vn 0.00000 1.00000 -0.00001
vn 0.00000 1.00000 -0.00001
vn 0.00000 1.00000 -0.00001
vn 0.00000 1.00000 -0.00001
vn 0.00000 1.00000 -0.00001
vn 0.00000 1.00000 -0.00001
vn 0.00000 1.00000 -0.00001
vn 0.00000 1.00000 -0.00001
vn 0.00000 1.00000 -0.00001
vn -0.05941 0.41827 0.90638
vn -0.05941 0.41827 0.90638
vn -0.05941 0.41827 0.90638
vn -0.08901 0.41808 0.90404
vn -0.08901 0.41808 0.90404
vn -0.08901 0.41809 0.90404
vn -0.14801 0.41808 0.89627
vn -0.14801 0.41809 0.89627
vn -0.14801 0.41808 0.89627
vn -0.20625 0.41809 0.88468
vn -0.20624 0.41808 0.88469
vn -0.20625 0.41809 0.88468
vn -0.26373 0.41808 0.86928
vn -0.26373 0.41809 0.86928
vn -0.26373 0.41808 0.86928
vn -0.31996 0.41809 0.85019
vn -0.31996 0.41809 0.85019
vn -0.31996 0.41809 0.85020
vn -0.37494 0.41808 0.82743
vn -0.37493 0.41807 0.82743
vn -0.37494 0.41809 0.82742
vn -0.42820 0.41807 0.80116
vn -0.42820 0.41807 0.80116
vn -0.42820 0.41807 0.80116
vn -0.47973 0.41808 0.77141
vn -0.47973 0.41808 0.77140
vn -0.47973 0.41807 0.77141
vn -0.52910 0.41809 0.73841
vn -0.52910 0.41809 0.73841
vn -0.52910 0.41809 0.73842
vn -0.57631 0.41809 0.70219
vn -0.57631 0.41809 0.70219
vn -0.57631 0.41809 0.70219
vn -0.62096 0.41809 0.66304
vn -0.62096 0.41808 0.66304
vn -0.62096 0.41809 0.66304
vn -0.66304 0.41808 0.62096
vn -0.66304 0.41808 0.62096
vn -0.66304 0.41808 0.62096
vn -0.70219 0.41809 0.57631
vn -0.70218 0.41809 0.57631
vn -0.70219 0.41809 0.57632
vn -0.73841 0.41809 0.52910
vn -0.73841 0.41809 0.52910
vn -0.73841 0.41809 0.52910
vn -0.77140 0.41809 0.47973
vn -0.77141 0.41808 0.47973
vn -0.77140 0.41809 0.47972
vn -0.80116 0.41809 0.42819
vn -0.80116 0.41809 0.42819
vn -0.80116 0.41808 0.42819
vn -0.82742 0.41809 0.37494
vn -0.82742 0.41809 0.37493
vn -0.82742 0.41809 0.37494
vn -0.85019 0.41809 0.31996
vn -0.85019 0.41809 0.31996
vn -0.85019 0.41809 0.31996
vn -0.86928 0.41809 0.26373
vn -0.86928 0.41810 0.26373
vn -0.86928 0.41809 0.26373
vn -0.88468 0.41810 0.20625
vn -0.88468 0.41810 0.20625
vn -0.88468 0.41810 0.20625
vn -0.89626 0.41810 0.14800
vn -0.89626 0.41810 0.14801
vn -0.89626 0.41810 0.14800
vn -0.90403 0.41810 0.08901
vn -0.90403 0.41810 0.08901
vn -0.90403 0.41810 0.08901
vn -0.90792 0.41809 0.02975
vn -0.90792 0.41809 0.02975
vn -0.90792 0.41810 0.02975
vn -0.90792 0.41810 -0.02975
vn -0.90791 0.41810 -0.02975
vn -0.90792 0.41809 -0.02975
vn -0.90403 0.41810 -0.08901
vn -0.90403 0.41810 -0.08901
vn -0.90403 0.41810 -0.08901
vn -0.89626 0.41810 -0.14801
vn -0.89626 0.41810 -0.14801
vn -0.89626 0.41810 -0.14801
vn -0.88468 0.41810 -0.20624
vn -0.88468 0.41810 -0.20624
vn -0.88468 0.41810 -0.20624
vn -0.86928 0.41810 -0.26372
vn -0.86927 0.41810 -0.26373
vn -0.86928 0.41810 -0.26372
vn -0.85019 0.41810 -0.31995
vn -0.85019 0.41810 -0.31995
vn -0.85019 0.41810 -0.31995
vn -0.82742 0.41810 -0.37493
vn -0.82742 0.41810 -0.37493
vn -0.82741 0.41810 -0.37493
vn -0.80115 0.41810 -0.42819
vn -0.80115 0.41810 -0.42819
vn -0.80115 0.41810 -0.42819
vn -0.77140 0.41810 -0.47972
vn -0.77140 0.41811 -0.47972
vn -0.77140 0.41810 -0.47972
vn -0.73841 0.41811 -0.52910
vn -0.73841 0.41811 -0.52910
vn -0.73841 0.41811 -0.52910
vn -0.70218 0.41811 -0.57631
vn -0.70218 0.41811 -0.57631
vn -0.70218 0.41811 -0.57631
vn -0.66303 0.41811 -0.62095
vn -0.66303 0.41811 -0.62095
vn -0.66303 0.41811 -0.62095
vn -0.62095 0.41811 -0.66303
vn -0.62095 0.41811 -0.66303
vn -0.62095 0.41811 -0.66303
vn -0.57631 0.41811 -0.70218
vn -0.57631 0.41811 -0.70218
vn -0.57631 0.41811 -0.70218
vn -0.52909 0.41811 -0.73841
vn -0.52909 0.41811 -0.73841
vn -0.52909 0.41811 -0.73841
vn -0.47972 0.41810 -0.77140
vn -0.47972 0.41810 -0.77140
vn -0.47972 0.41811 -0.77140
vn -0.42819 0.41811 -0.80115
vn -0.42819 0.41811 -0.80115
vn -0.42819 0.41810 -0.80115
vn -0.37274 0.41809 -0.82842
vn -0.37273 0.41809 -0.82841
vn -0.37274 0.41808 -0.82842
vn -0.31424 0.41798 -0.85238
vn -0.31424 0.41798 -0.85238
vn -0.31424 0.41799 -0.85237
vn -0.25918 0.41788 -0.87075
vn -0.25918 0.41788 -0.87075
vn -0.25918 0.41788 -0.87075
vn -0.20524 0.41787 -0.88502
vn -0.20524 0.41787 -0.88502
vn -0.20524 0.41787 -0.88502
vn -0.14802 0.41791 -0.89635
vn -0.14802 0.41791 -0.89635
vn -0.14802 0.41791 -0.89635
vn -0.08901 0.41795 -0.90410
vn -0.08901 0.41795 -0.90410
vn -0.08901 0.41795 -0.90410
vn -0.03373 0.41801 -0.90781
vn -0.03373 0.41802 -0.90781
vn -0.03374 0.41801 -0.90782
vn 0.05941 0.41827 0.90638
vn 0.05941 0.41827 0.90638
vn 0.05941 0.41827 0.90638
vn 0.08901 0.41808 0.90404
vn 0.08901 0.41809 0.90404
vn 0.08901 0.41808 0.90404
vn 0.14801 0.41808 0.89627
vn 0.14801 0.41808 0.89627
vn 0.14800 0.41809 0.89627
vn 0.20625 0.41809 0.88468
vn 0.20624 0.41809 0.88468
vn 0.20625 0.41808 0.88469
vn 0.26373 0.41808 0.86928
vn 0.26373 0.41808 0.86928
vn 0.26373 0.41808 0.86928
vn 0.31996 0.41808 0.85020
vn 0.31996 0.41808 0.85020
vn 0.31995 0.41809 0.85020
vn 0.37494 0.41808 0.82743
vn 0.37493 0.41809 0.82742
vn 0.37494 0.41807 0.82743
vn 0.42820 0.41807 0.80116
vn 0.42820 0.41807 0.80116
vn 0.42820 0.41807 0.80116
vn 0.47973 0.41808 0.77141
vn 0.47973 0.41807 0.77141
vn 0.47973 0.41809 0.77141
vn 0.52910 0.41809 0.73841
vn 0.52910 0.41809 0.73841
vn 0.52910 0.41809 0.73841
vn 0.57631 0.41809 0.70219
vn 0.57631 0.41809 0.70219
vn 0.57632 0.41808 0.70219
vn 0.62096 0.41808 0.66304
vn 0.62096 0.41808 0.66304
vn 0.62096 0.41808 0.66304
vn 0.66304 0.41808 0.62096
vn 0.66304 0.41809 0.62096
vn 0.66304 0.41808 0.62096
vn 0.70218 0.41809 0.57632
vn 0.70219 0.41809 0.57631
vn 0.70218 0.41809 0.57632
vn 0.73841 0.41809 0.52910
vn 0.73841 0.41810 0.52910
vn 0.73841 0.41809 0.52910
vn 0.77140 0.41809 0.47973
vn 0.77140 0.41809 0.47973
vn 0.77141 0.41808 0.47973
vn 0.80116 0.41808 0.42819
vn 0.80116 0.41808 0.42819
vn 0.80116 0.41808 0.42819
vn 0.82742 0.41809 0.37494
vn 0.82742 0.41808 0.37494
vn 0.82742 0.41809 0.37494
vn 0.85019 0.41809 0.31996
vn 0.85019 0.41809 0.31995
vn 0.85019 0.41810 0.31996
vn 0.86928 0.41810 0.26373
vn 0.86928 0.41810 0.26373
vn 0.86928 0.41810 0.26373
vn 0.88468 0.41810 0.20625
vn 0.88468 0.41810 0.20625
vn 0.88468 0.41810 0.20625
vn 0.89626 0.41810 0.14800
vn 0.89626 0.41810 0.14800
vn 0.89627 0.41810 0.14800
vn 0.90403 0.41810 0.08901
vn 0.90403 0.41810 0.08901
vn 0.90403 0.41810 0.08901
vn 0.90792 0.41809 0.02975
vn 0.90791 0.41810 0.02976
vn 0.90792 0.41809 0.02975
vn 0.90792 0.41809 -0.02975
vn 0.90792 0.41809 -0.02976
vn 0.90791 0.41810 -0.02975
vn 0.90403 0.41810 -0.08901
vn 0.90403 0.41810 -0.08901
vn 0.90403 0.41810 -0.08901
vn 0.89626 0.41810 -0.14801
vn 0.89626 0.41810 -0.14801
vn 0.89626 0.41811 -0.14800
vn 0.88468 0.41811 -0.20624
vn 0.88467 0.41811 -0.20624
vn 0.88468 0.41810 -0.20625
vn 0.86927 0.41810 -0.26372
vn 0.86928 0.41810 -0.26372
vn 0.86927 0.41811 -0.26372
vn 0.85019 0.41810 -0.31995
vn 0.85019 0.41811 -0.31995
vn 0.85019 0.41810 -0.31995
vn 0.82742 0.41810 -0.37493
vn 0.82742 0.41810 -0.37493
vn 0.82742 0.41810 -0.37494
vn 0.80115 0.41810 -0.42819
vn 0.80115 0.41810 -0.42819
vn 0.80115 0.41810 -0.42819
vn 0.77140 0.41810 -0.47972
vn 0.77140 0.41810 -0.47973
vn 0.77140 0.41811 -0.47972
vn 0.73841 0.41811 -0.52910
vn 0.73841 0.41811 -0.52910
vn 0.73841 0.41811 -0.52909
vn 0.70218 0.41811 -0.57631
vn 0.70218 0.41811 -0.57630
vn 0.70218 0.41811 -0.57631
vn 0.66303 0.41811 -0.62095
vn 0.66303 0.41811 -0.62095
vn 0.66303 0.41811 -0.62095
vn 0.62095 0.41811 -0.66303
vn 0.62095 0.41811 -0.66302
vn 0.62095 0.41810 -0.66303
vn 0.57631 0.41811 -0.70218
vn 0.57631 0.41810 -0.70218
vn 0.57631 0.41811 -0.70218
vn 0.52909 0.41811 -0.73841
vn 0.52909 0.41811 -0.73841
vn 0.52909 0.41810 -0.73841
vn 0.47972 0.41810 -0.77140
vn 0.47972 0.41811 -0.77140
vn 0.47972 0.41810 -0.77140
vn 0.42819 0.41811 -0.80115
vn 0.42819 0.41810 -0.80115
vn 0.42819 0.41811 -0.80115
vn 0.37274 0.41809 -0.82842
vn 0.37273 0.41808 -0.82842
vn 0.37274 0.41809 -0.82841
vn 0.31424 0.41798 -0.85238
vn 0.31424 0.41799 -0.85237
vn 0.31424 0.41798 -0.85238
vn 0.25918 0.41788 -0.87075
vn 0.25918 0.41788 -0.87075
vn 0.25918 0.41788 -0.87075
vn 0.20524 0.41787 -0.88502
vn 0.20524 0.41787 -0.88502
vn 0.20524 0.41786 -0.88503
vn 0.14802 0.41791 -0.89635
vn 0.14802 0.41790 -0.89635
vn 0.14802 0.41791 -0.89635
vn 0.08901 0.41795 -0.90410
vn 0.08901 0.41795 -0.90410
vn 0.08901 0.41795 -0.90410
vn 0.03373 0.41801 -0.90781
vn 0.03373 0.41801 -0.90782
vn 0.03374 0.41802 -0.90781
vn -0.02952 0.89235 0.45037
vn -0.02952 0.89235 0.45037
vn -0.02952 0.89235 0.45037
vn 0.02952 0.89235 0.45037
vn 0.02952 0.89235 0.45037
vn 0.02952 0.89235 0.45037
vn 0.04424 0.89228 0.44931
vn 0.04424 0.89228 0.44931
vn 0.04424 0.89228 0.44930
vn 0.07356 0.89228 0.44544
vn 0.07356 0.89228 0.44544
vn 0.07356 0.89228 0.44545
vn 0.10250 0.89228 0.43969
vn 0.10250 0.89228 0.43969
vn 0.10250 0.89228 0.43969
vn 0.13107 0.89228 0.43203
vn 0.13107 0.89228 0.43203
vn 0.13107 0.89228 0.43203
vn 0.15902 0.89228 0.42255
vn 0.15901 0.89228 0.42255
vn 0.15902 0.89228 0.42255
vn 0.18634 0.89228 0.41123
vn 0.18634 0.89228 0.41123
vn 0.18634 0.89228 0.41123
vn 0.21281 0.89228 0.39817
vn 0.21281 0.89228 0.39817
vn 0.21281 0.89228 0.39817
vn 0.23842 0.89228 0.38339
vn 0.23842 0.89228 0.38339
vn 0.23842 0.89228 0.38339
vn 0.26296 0.89228 0.36699
vn 0.26296 0.89228 0.36699
vn 0.26296 0.89228 0.36699
vn 0.28642 0.89228 0.34898
vn 0.28642 0.89228 0.34898
vn 0.28642 0.89228 0.34898
vn 0.30861 0.89229 0.32952
vn 0.30861 0.89229 0.32952
vn 0.30861 0.89228 0.32952
vn 0.32952 0.89229 0.30861
vn 0.32952 0.89229 0.30861
vn 0.32952 0.89229 0.30861
vn 0.34898 0.89229 0.28642
vn 0.34898 0.89229 0.28642
vn 0.34898 0.89229 0.28642
vn 0.36698 0.89229 0.26296
vn 0.36698 0.89229 0.26296
vn 0.36699 0.89229 0.26296
vn 0.38338 0.89229 0.23842
vn 0.38338 0.89229 0.23842
vn 0.38338 0.89229 0.23842
vn 0.39817 0.89229 0.21281
vn 0.39817 0.89229 0.21281
vn 0.39817 0.89229 0.21281
vn 0.41122 0.89229 0.18634
vn 0.41122 0.89229 0.18634
vn 0.41122 0.89229 0.18634
vn 0.42254 0.89229 0.15901
vn 0.42254 0.89229 0.15901
vn 0.42254 0.89229 0.15902
vn 0.43202 0.89229 0.13107
vn 0.43202 0.89229 0.13107
vn 0.43202 0.89229 0.13107
vn 0.43967 0.89229 0.10250
vn 0.43967 0.89229 0.10250
vn 0.43967 0.89229 0.10250
vn 0.44543 0.89229 0.07356
vn 0.44543 0.89229 0.07356
vn 0.44543 0.89229 0.07356
vn 0.44929 0.89229 0.04424
vn 0.44929 0.89229 0.04424
vn 0.44929 0.89229 0.04423
vn 0.45122 0.89229 0.01479
vn 0.45122 0.89229 0.01478
vn 0.45122 0.89229 0.01479
vn 0.45122 0.89229 -0.01479
vn 0.45122 0.89229 -0.01478
vn 0.45122 0.89229 -0.01479
vn 0.44929 0.89229 -0.04424
vn 0.44929 0.89229 -0.04424
vn 0.44928 0.89229 -0.04423
vn 0.44542 0.89229 -0.07356
vn 0.44542 0.89229 -0.07355
vn 0.44542 0.89229 -0.07356
vn 0.43967 0.89229 -0.10250
vn 0.43967 0.89229 -0.10250
vn 0.43967 0.89229 -0.10250
vn 0.43201 0.89229 -0.13107
vn 0.43201 0.89229 -0.13107
vn 0.43201 0.89229 -0.13107
vn 0.42252 0.89229 -0.15901
vn 0.42252 0.89229 -0.15901
vn 0.42252 0.89229 -0.15901
vn 0.41121 0.89229 -0.18633
vn 0.41121 0.89229 -0.18633
vn 0.41121 0.89229 -0.18633
vn 0.39815 0.89230 -0.21280
vn 0.39815 0.89230 -0.21280
vn 0.39815 0.89230 -0.21280
vn 0.38337 0.89230 -0.23841
vn 0.38337 0.89230 -0.23841
vn 0.38337 0.89230 -0.23841
vn 0.36697 0.89230 -0.26295
vn 0.36697 0.89230 -0.26295
vn 0.36697 0.89230 -0.26294
vn 0.34896 0.89230 -0.28641
vn 0.34896 0.89230 -0.28641
vn 0.34896 0.89230 -0.28641
vn 0.32951 0.89230 -0.30859
vn 0.32951 0.89230 -0.30859
vn 0.32951 0.89230 -0.30859
vn 0.30859 0.89230 -0.32951
vn 0.30859 0.89230 -0.32951
vn 0.30859 0.89230 -0.32951
vn 0.28641 0.89230 -0.34896
vn 0.28641 0.89230 -0.34896
vn 0.28641 0.89230 -0.34896
vn 0.26294 0.89230 -0.36697
vn 0.26294 0.89230 -0.36697
vn 0.26294 0.89230 -0.36696
vn 0.23841 0.89230 -0.38336
vn 0.23841 0.89230 -0.38336
vn 0.23841 0.89230 -0.38336
vn 0.21280 0.89230 -0.39815
vn 0.21280 0.89230 -0.39815
vn 0.21280 0.89230 -0.39815
vn 0.18519 0.89229 -0.41174
vn 0.18519 0.89229 -0.41174
vn 0.18520 0.89229 -0.41174
vn 0.15604 0.89224 -0.42373
vn 0.15604 0.89224 -0.42374
vn 0.15604 0.89225 -0.42373
vn 0.12868 0.89220 -0.43291
vn 0.12868 0.89220 -0.43291
vn 0.12869 0.89221 -0.43291
vn 0.10198 0.89220 -0.43998
vn 0.10198 0.89220 -0.43998
vn 0.10197 0.89220 -0.43998
vn 0.07358 0.89221 -0.44558
vn 0.07358 0.89221 -0.44558
vn 0.07358 0.89221 -0.44558
vn 0.04425 0.89223 -0.44941
vn 0.04424 0.89223 -0.44941
vn 0.04425 0.89223 -0.44941
vn 0.01707 0.89217 -0.45137
vn 0.01716 0.89222 -0.45128
vn 0.01697 0.89213 -0.45146
vn -0.01707 0.89217 -0.45138
vn -0.01717 0.89213 -0.45146
vn -0.01696 0.89221 -0.45129
vn -0.04425 0.89223 -0.44941
vn -0.04424 0.89223 -0.44941
vn -0.04425 0.89223 -0.44941
vn -0.07358 0.89221 -0.44558
vn -0.07358 0.89221 -0.44558
vn -0.07358 0.89221 -0.44558
vn -0.10198 0.89220 -0.43998
vn -0.10198 0.89220 -0.43998
vn -0.10197 0.89220 -0.43998
vn -0.12868 0.89220 -0.43291
vn -0.12868 0.89221 -0.43291
vn -0.12869 0.89220 -0.43291
vn -0.15604 0.89224 -0.42373
vn -0.15604 0.89225 -0.42373
vn -0.15604 0.89224 -0.42374
vn -0.18519 0.89229 -0.41174
vn -0.18519 0.89229 -0.41174
vn -0.18520 0.89229 -0.41174
vn -0.21280 0.89230 -0.39815
vn -0.21280 0.89230 -0.39815
vn -0.21280 0.89230 -0.39815
vn -0.23841 0.89230 -0.38336
vn -0.23841 0.89230 -0.38336
vn -0.23841 0.89230 -0.38336
vn -0.26294 0.89230 -0.36697
vn -0.26294 0.89230 -0.36697
vn -0.26294 0.89230 -0.36697
vn -0.28641 0.89230 -0.34896
vn -0.28641 0.89230 -0.34896
vn -0.28641 0.89230 -0.34896
vn -0.30859 0.89230 -0.32951
vn -0.30859 0.89230 -0.32951
vn -0.32951 0.89230 -0.30859
vn -0.32951 0.89230 -0.30859
vn -0.32951 0.89230 -0.30859
vn -0.34896 0.89230 -0.28641
vn -0.34896 0.89230 -0.28641
vn -0.34896 0.89230 -0.28641
vn -0.36697 0.89230 -0.26295
vn -0.36697 0.89230 -0.26295
vn -0.36697 0.89230 -0.26295
vn -0.38336 0.89230 -0.23841
vn -0.38336 0.89230 -0.23841
vn -0.39815 0.89230 -0.21280
vn -0.39815 0.89230 -0.21280
vn -0.39815 0.89230 -0.21280
vn -0.41121 0.89230 -0.18633
vn -0.41121 0.89230 -0.18633
vn -0.41121 0.89230 -0.18633
vn -0.42252 0.89229 -0.15901
vn -0.42252 0.89229 -0.15901
vn -0.42252 0.89229 -0.15901
vn -0.43201 0.89229 -0.13107
vn -0.43201 0.89229 -0.13106
vn -0.43201 0.89229 -0.13107
vn -0.43967 0.89229 -0.10250
vn -0.43967 0.89229 -0.10250
vn -0.43967 0.89229 -0.10250
vn -0.44542 0.89229 -0.07356
vn -0.44542 0.89229 -0.07356
vn -0.44542 0.89229 -0.07356
vn -0.44929 0.89229 -0.04424
vn -0.44928 0.89229 -0.04424
vn -0.44929 0.89229 -0.04423
vn -0.45122 0.89229 -0.01479
vn -0.45122 0.89229 -0.01478
vn -0.45122 0.89229 -0.01479
vn -0.45122 0.89229 0.01479
vn -0.45122 0.89229 0.01479
vn -0.45122 0.89229 0.01479
vn -0.44929 0.89229 0.04424
vn -0.44929 0.89229 0.04424
vn -0.44929 0.89229 0.04424
vn -0.44543 0.89229 0.07356
vn -0.44543 0.89229 0.07355
vn -0.44543 0.89229 0.07356
vn -0.43967 0.89229 0.10250
vn -0.43967 0.89229 0.10250
vn -0.43967 0.89229 0.10250
vn -0.43202 0.89229 0.13107
vn -0.43202 0.89229 0.13107
vn -0.43202 0.89229 0.13107
vn -0.42254 0.89229 0.15901
vn -0.42254 0.89229 0.15901
vn -0.42254 0.89229 0.15901
vn -0.41122 0.89229 0.18634
vn -0.41122 0.89229 0.18634
vn -0.41122 0.89229 0.18634
vn -0.39817 0.89229 0.21281
vn -0.39817 0.89229 0.21281
vn -0.39817 0.89229 0.21281
vn -0.38338 0.89229 0.23842
vn -0.38338 0.89229 0.23842
vn -0.38338 0.89229 0.23842
vn -0.36699 0.89229 0.26296
vn -0.36699 0.89229 0.26296
vn -0.36699 0.89229 0.26296
vn -0.34898 0.89229 0.28642
vn -0.34898 0.89229 0.28642
vn -0.34898 0.89229 0.28642
vn -0.32952 0.89229 0.30861
vn -0.32952 0.89229 0.30861
vn -0.32952 0.89229 0.30861
vn -0.30861 0.89229 0.32952
vn -0.30861 0.89228 0.32952
vn -0.30861 0.89229 0.32952
vn -0.28642 0.89228 0.34898
vn -0.28642 0.89228 0.34898
vn -0.28642 0.89228 0.34898
vn -0.26296 0.89228 0.36699
vn -0.26296 0.89228 0.36699
vn -0.26296 0.89228 0.36699
vn -0.23842 0.89228 0.38339
vn -0.23842 0.89228 0.38339
vn -0.23842 0.89228 0.38339
vn -0.21281 0.89228 0.39817
vn -0.21281 0.89228 0.39817
vn -0.21281 0.89228 0.39817
vn -0.18634 0.89228 0.41123
vn -0.18634 0.89228 0.41123
vn -0.18634 0.89228 0.41123
vn -0.15902 0.89228 0.42255
vn -0.15902 0.89228 0.42255
vn -0.15902 0.89228 0.42254
vn -0.13107 0.89228 0.43203
vn -0.13107 0.89228 0.43203
vn -0.13107 0.89228 0.43203
vn -0.10250 0.89228 0.43969
vn -0.10250 0.89228 0.43969
vn -0.10250 0.89228 0.43969
vn -0.07356 0.89228 0.44544
vn -0.07356 0.89228 0.44545
vn -0.07356 0.89228 0.44544
vn -0.04424 0.89228 0.44930
vn -0.04424 0.89228 0.44930
vn -0.04424 0.89228 0.44931
vn 0.00000 1.00000 -0.00001
vn 0.00000 1.00000 -0.00001
vn 0.00000 1.00000 -0.00001
vn -0.00000 1.00000 -0.00001
vn -0.00000 1.00000 -0.00001
vn -0.00000 1.00000 -0.00001
vn -0.00000 1.00000 -0.00001
vn -0.00000 1.00000 -0.00001
vn -0.00000 1.00000 -0.00001
vn -0.00000 1.00000 -0.00001
vn -0.00000 1.00000 -0.00001
vn -0.00000 1.00000 -0.00001
vn -0.00000 1.00000 -0.00001
vn -0.00000 1.00000 -0.00001
vn -0.00000 1.00000 -0.00001
vn -0.00000 1.00000 -0.00000
vn -0.00000 1.00000 -0.00000
vn -0.00000 1.00000 -0.00000
vn -0.00000 1.00000 -0.00000
vn -0.00000 1.00000 -0.00000
vn -0.00000 1.00000 -0.00000
vn -0.00000 1.00000 -0.00000
vn -0.00000 1.00000 -0.00000
vn -0.00000 1.00000 -0.00000
vn -0.00000 1.00000 -0.00000
vn -0.00000 1.00000 -0.00000
vn -0.00000 1.00000 -0.00000
vn -0.00000 1.00000 -0.00000
vn -0.00000 1.00000 -0.00000
vn -0.00000 1.00000 -0.00000
vn -0.00000 1.00000 -0.00000
vn -0.00000 1.00000 -0.00000
vn -0.00000 1.00000 -0.00000
vn -0.00000 1.00000 -0.00000
vn -0.00000 1.00000 -0.00000
vn -0.00000 1.00000 -0.00000
vn -0.00000 1.00000 -0.00000
vn -0.00000 1.00000 -0.00000
vn -0.00000 1.00000 -0.00000
vn -0.00000 1.00000 -0.00000
vn -0.00000 1.00000 -0.00000
vn -0.00000 1.00000 -0.00000
vn -0.00000 1.00000 -0.00000
vn -0.00000 1.00000 -0.00000
vn -0.00000 1.00000 -0.00000
vn -0.00000 1.00000 -0.00000
vn -0.00000 1.00000 -0.00000
vn -0.00000 1.00000 -0.00000
vn -0.00000 1.00000 -0.00000
vn -0.00000 1.00000 -0.00000
vn -0.00000 1.00000 -0.00000
vn -0.00000 1.00000 -0.00000
vn -0.00000 1.00000 -0.00000
vn -0.00000 1.00000 -0.00000
vn -0.00000 1.00000 -0.00000
vn -0.00000 1.00000 -0.00000
vn -0.00000 1.00000 -0.00000
vn -0.00000 1.00000 -0.00000
vn -0.00000 1.00000 -0.00000
vn -0.00000 1.00000 -0.00000
vn -0.00000 1.00000 -0.00000
vn -0.00000 1.00000 -0.00000
vn -0.00000 1.00000 -0.00000
vn -0.00000 1.00000 -0.00000
vn -0.00000 1.00000 -0.00000
vn -0.00000 1.00000 -0.00000
vn -0.00000 1.00000 -0.00000
vn -0.00000 1.00000 0.00000
vn -0.00000 1.00000 -0.00000
vn -0.00000 1.00000 0.00000
vn -0.00000 1.00000 0.00000
vn -0.00000 1.00000 0.00000
vn -0.00000 1.00000 0.00000
vn -0.00000 1.00000 0.00000
vn -0.00000 1.00000 0.00000
vn -0.00000 1.00000 0.00000
vn -0.00000 1.00000 0.00000
vn -0.00000 1.00000 0.00000
vn -0.00000 1.00000 0.00000
vn -0.00000 1.00000 0.00000
vn -0.00000 1.00000 0.00000
vn -0.00000 1.00000 0.00000
vn -0.00000 1.00000 0.00000
vn -0.00000 1.00000 0.00000
vn -0.00000 1.00000 0.00000
vn -0.00000 1.00000 0.00000
vn -0.00000 1.00000 0.00000
vn -0.00000 1.00000 0.00000
vn -0.00000 1.00000 0.00000
vn -0.00000 1.00000 0.00000
vn -0.00000 1.00000 0.00000
vn -0.00000 1.00000 0.00000
vn -0.00000 1.00000 0.00000
vn -0.00000 1.00000 0.00000
vn -0.00000 1.00000 0.00000
vn -0.00000 1.00000 0.00000
vn -0.00000 1.00000 0.00000
vn -0.00000 1.00000 0.00000
vn -0.00000 1.00000 0.00000
vn -0.00000 1.00000 0.00000
vn -0.00000 1.00000 0.00000
vn -0.00000 1.00000 0.00000
vn -0.00000 1.00000 0.00000
vn -0.00000 1.00000 0.00000
vn -0.00000 1.00000 0.00000
vn -0.00000 1.00000 0.00000
vn -0.00000 1.00000 0.00000
vn -0.00000 1.00000 0.00000
vn -0.00000 1.00000 0.00000
vn -0.00000 1.00000 0.00000
vn -0.00000 1.00000 0.00000
vn -0.00000 1.00000 0.00000
vn -0.00000 1.00000 0.00000
vn -0.00000 1.00000 0.00000
vn -0.00000 1.00000 0.00000
vn -0.00000 1.00000 0.00000
vn -0.00000 1.00000 0.00000
vn -0.00000 1.00000 0.00000
vn -0.00000 1.00000 0.00000
vn -0.00000 1.00000 0.00000
vn -0.00000 1.00000 0.00000
vn -0.00000 1.00000 0.00000
vn -0.00000 1.00000 0.00000
vn -0.00000 1.00000 0.00000
vn -0.00000 1.00000 0.00000
vn -0.00000 1.00000 0.00000
vn -0.00008 1.00000 -0.00003
vn -0.00008 1.00000 -0.00004
vn -0.00008 1.00000 -0.00003
vn -0.00023 1.00000 -0.00009
vn -0.00023 1.00000 -0.00010
vn -0.00023 1.00000 -0.00009
vn -0.00023 1.00000 -0.00009
vn -0.00023 1.00000 -0.00009
vn -0.00023 1.00000 -0.00009
vn -0.00008 1.00000 -0.00005
vn -0.00008 1.00000 -0.00005
vn -0.00008 1.00000 -0.00004
vn 0.00000 1.00000 -0.00003
vn 0.00000 1.00000 -0.00003
vn 0.00000 1.00000 -0.00003
vn 0.00000 1.00000 -0.00003
vn 0.00000 1.00000 -0.00003
vn 0.00000 1.00000 -0.00003
vn 0.00000 1.00000 -0.00003
vn 0.00000 1.00000 -0.00003
vn 0.00000 1.00000 -0.00003
vn -0.00000 1.00000 -0.00003
vn -0.00000 1.00000 -0.00003
vn -0.00000 1.00000 -0.00003
vn -0.00000 1.00000 -0.00003
vn -0.00000 1.00000 -0.00003
vn -0.00000 1.00000 -0.00003
vn -0.00000 1.00000 -0.00003
vn -0.00000 1.00000 -0.00003
vn -0.00000 1.00000 -0.00003
vn 0.00008 1.00000 -0.00005
vn 0.00008 1.00000 -0.00005
vn 0.00008 1.00000 -0.00005
vn 0.00023 1.00000 -0.00009
vn 0.00023 1.00000 -0.00009
vn 0.00023 1.00000 -0.00009
vn 0.00023 1.00000 -0.00009
vn 0.00023 1.00000 -0.00009
vn 0.00023 1.00000 -0.00010
vn 0.00008 1.00000 -0.00003
vn 0.00008 1.00000 -0.00003
vn 0.00007 1.00000 -0.00004
vn 0.00000 1.00000 0.00000
vn 0.00000 1.00000 0.00000
vn 0.00000 1.00000 0.00000
vn 0.00000 1.00000 0.00000
vn 0.00000 1.00000 0.00000
vn 0.00000 1.00000 0.00000
vn 0.00000 1.00000 0.00000
vn 0.00000 1.00000 0.00000
vn 0.00000 1.00000 0.00000
vn 0.00000 1.00000 0.00000
vn 0.00000 1.00000 0.00000
vn 0.00000 1.00000 0.00000
vn 0.00000 1.00000 0.00000
vn 0.00000 1.00000 0.00000
vn 0.00000 1.00000 0.00000
vn 0.00000 1.00000 0.00000
vn 0.00000 1.00000 0.00000
vn 0.00000 1.00000 0.00000
vn 0.00000 1.00000 0.00000
vn 0.00000 1.00000 0.00000
vn 0.00000 1.00000 0.00000
vn 0.00000 1.00000 0.00000
vn 0.00000 1.00000 0.00000
vn 0.00000 1.00000 0.00000
vn 0.00000 1.00000 0.00000
vn 0.00000 1.00000 0.00000
vn 0.00000 1.00000 0.00000
vn 0.00000 1.00000 0.00000
vn 0.00000 1.00000 0.00000
vn 0.00000 1.00000 0.00000
vn 0.00000 1.00000 0.00000
vn 0.00000 1.00000 0.00000
vn 0.00000 1.00000 0.00000
vn 0.00000 1.00000 0.00000
vn 0.00000 1.00000 0.00000
vn 0.00000 1.00000 0.00000
vn 0.00000 1.00000 0.00000
vn 0.00000 1.00000 0.00000
vn 0.00000 1.00000 0.00000
vn 0.00000 1.00000 0.00000
vn 0.00000 1.00000 0.00000
vn 0.00000 1.00000 0.00000
vn 0.00000 1.00000 0.00000
vn 0.00000 1.00000 0.00000
vn 0.00000 1.00000 0.00000
vn 0.00000 1.00000 0.00000
vn 0.00000 1.00000 0.00000
vn 0.00000 1.00000 0.00000
vn 0.00000 1.00000 0.00000
vn 0.00000 1.00000 0.00000
vn 0.00000 1.00000 0.00000
vn 0.00000 1.00000 0.00000
vn 0.00000 1.00000 0.00000
vn 0.00000 1.00000 0.00000
vn 0.00000 1.00000 0.00000
vn 0.00000 1.00000 0.00000
vn 0.00000 1.00000 0.00000
vn 0.00000 1.00000 -0.00000
vn 0.00000 1.00000 0.00000
vn 0.00000 1.00000 -0.00000
vn 0.00000 1.00000 -0.00000
vn 0.00000 1.00000 -0.00000
vn 0.00000 1.00000 -0.00000
vn 0.00000 1.00000 -0.00000
vn 0.00000 1.00000 -0.00000
vn 0.00000 1.00000 -0.00000
vn 0.00000 1.00000 -0.00000
vn 0.00000 1.00000 -0.00000
vn 0.00000 1.00000 -0.00000
vn 0.00000 1.00000 -0.00000
vn 0.00000 1.00000 -0.00000
vn 0.00000 1.00000 -0.00000
vn 0.00000 1.00000 -0.00000
vn 0.00000 1.00000 -0.00000
vn 0.00000 1.00000 -0.00000
vn 0.00000 1.00000 -0.00000
vn 0.00000 1.00000 -0.00000
vn 0.00000 1.00000 -0.00000
vn 0.00000 1.00000 -0.00000
vn 0.00000 1.00000 -0.00000
vn 0.00000 1.00000 -0.00000
vn 0.00000 1.00000 -0.00000
vn 0.00000 1.00000 -0.00000
vn 0.00000 1.00000 -0.00000
vn 0.00000 1.00000 -0.00000
vn 0.00000 1.00000 -0.00000
vn 0.00000 1.00000 -0.00000
vn 0.00000 1.00000 -0.00000
vn 0.00000 1.00000 -0.00000
vn 0.00000 1.00000 -0.00000
vn 0.00000 1.00000 -0.00000
vn 0.00000 1.00000 -0.00000
vn 0.00000 1.00000 -0.00000
vn 0.00000 1.00000 -0.00000
vn 0.00000 1.00000 -0.00000
vn 0.00000 1.00000 -0.00000
vn 0.00000 1.00000 -0.00000
vn 0.00000 1.00000 -0.00000
vn 0.00000 1.00000 -0.00000
vn 0.00000 1.00000 -0.00000
vn 0.00000 1.00000 -0.00000
vn 0.00000 1.00000 -0.00000
vn 0.00000 1.00000 -0.00000
vn 0.00000 1.00000 -0.00000
vn 0.00000 1.00000 -0.00000
vn 0.00000 1.00000 -0.00000
vn 0.00000 1.00000 -0.00000
vn 0.00000 1.00000 -0.00000
vn 0.00000 1.00000 -0.00000
vn 0.00000 1.00000 -0.00000
vn 0.00000 1.00000 -0.00000
vn 0.00000 1.00000 -0.00001
vn 0.00000 1.00000 -0.00001
vn 0.00000 1.00000 -0.00001
vn 0.00000 1.00000 -0.00001
vn 0.00000 1.00000 -0.00001
vn 0.00000 1.00000 -0.00001
vn 0.00000 1.00000 -0.00001
vn 0.00000 1.00000 -0.00001
vn 0.00000 1.00000 -0.00001
vn 0.02952 0.89235 -0.45038
vn 0.02952 0.89235 -0.45038
vn 0.02952 0.89235 -0.45038
vn -0.02952 0.89235 -0.45038
vn -0.02952 0.89235 -0.45038
vn -0.02952 0.89235 -0.45038
vn -0.04424 0.89228 -0.44931
vn -0.04424 0.89228 -0.44931
vn -0.04424 0.89228 -0.44931
vn -0.07356 0.89228 -0.44545
vn -0.07356 0.89228 -0.44545
vn -0.07356 0.89228 -0.44545
vn -0.10251 0.89228 -0.43969
vn -0.10251 0.89228 -0.43969
vn -0.10251 0.89228 -0.43969
vn -0.13107 0.89228 -0.43204
vn -0.13107 0.89228 -0.43204
vn -0.13108 0.89228 -0.43204
vn -0.15902 0.89228 -0.42255
vn -0.15902 0.89228 -0.42255
vn -0.15902 0.89228 -0.42255
vn -0.18635 0.89228 -0.41123
vn -0.18634 0.89228 -0.41123
vn -0.18635 0.89228 -0.41123
vn -0.21282 0.89228 -0.39818
vn -0.21282 0.89228 -0.39818
vn -0.21281 0.89228 -0.39818
vn -0.23843 0.89228 -0.38339
vn -0.23843 0.89228 -0.38339
vn -0.23843 0.89228 -0.38339
vn -0.26296 0.89228 -0.36699
vn -0.26296 0.89228 -0.36699
vn -0.28643 0.89228 -0.34899
vn -0.28643 0.89228 -0.34899
vn -0.28643 0.89228 -0.34899
vn -0.30862 0.89228 -0.32953
vn -0.30862 0.89228 -0.32953
vn -0.30862 0.89228 -0.32953
vn -0.32953 0.89228 -0.30862
vn -0.32953 0.89228 -0.30862
vn -0.32953 0.89228 -0.30862
vn -0.34899 0.89228 -0.28643
vn -0.34899 0.89228 -0.28643
vn -0.34899 0.89228 -0.28643
vn -0.36699 0.89228 -0.26296
vn -0.36699 0.89228 -0.26296
vn -0.36699 0.89228 -0.26296
vn -0.38338 0.89228 -0.23842
vn -0.38339 0.89228 -0.23842
vn -0.38338 0.89228 -0.23842
vn -0.39817 0.89228 -0.21281
vn -0.39817 0.89228 -0.21281
vn -0.39817 0.89228 -0.21281
vn -0.41122 0.89228 -0.18634
vn -0.41122 0.89228 -0.18634
vn -0.41122 0.89229 -0.18634
vn -0.42254 0.89229 -0.15901
vn -0.42254 0.89229 -0.15901
vn -0.42254 0.89229 -0.15901
vn -0.43202 0.89229 -0.13107
vn -0.43202 0.89229 -0.13107
vn -0.43202 0.89229 -0.13107
vn -0.43968 0.89229 -0.10250
vn -0.43968 0.89229 -0.10250
vn -0.43968 0.89229 -0.10250
vn -0.44543 0.89229 -0.07356
vn -0.44543 0.89229 -0.07356
vn -0.44543 0.89229 -0.07356
vn -0.44929 0.89229 -0.04424
vn -0.44929 0.89229 -0.04424
vn -0.44929 0.89229 -0.04424
vn -0.45122 0.89229 -0.01479
vn -0.45122 0.89229 -0.01479
vn -0.45122 0.89229 -0.01478
vn -0.45122 0.89229 0.01479
vn -0.45122 0.89229 0.01479
vn -0.45122 0.89229 0.01478
vn -0.44929 0.89229 0.04424
vn -0.44929 0.89229 0.04424
vn -0.44929 0.89229 0.04424
vn -0.44543 0.89229 0.07356
vn -0.44543 0.89229 0.07356
vn -0.44543 0.89229 0.07356
vn -0.43967 0.89229 0.10250
vn -0.43967 0.89229 0.10250
vn -0.43967 0.89229 0.10250
vn -0.43201 0.89229 0.13107
vn -0.43201 0.89229 0.13107
vn -0.43201 0.89229 0.13107
vn -0.42253 0.89229 0.15901
vn -0.42253 0.89229 0.15901
vn -0.42253 0.89229 0.15901
vn -0.41121 0.89229 0.18633
vn -0.41121 0.89229 0.18633
vn -0.41121 0.89229 0.18633
vn -0.39815 0.89229 0.21280
vn -0.39815 0.89229 0.21280
vn -0.39815 0.89229 0.21280
vn -0.38337 0.89230 0.23841
vn -0.38337 0.89230 0.23841
vn -0.38337 0.89229 0.23841
vn -0.36697 0.89230 0.26295
vn -0.36697 0.89230 0.26295
vn -0.36697 0.89230 0.26295
vn -0.34897 0.89230 0.28641
vn -0.34897 0.89230 0.28641
vn -0.34897 0.89230 0.28641
vn -0.32951 0.89230 0.30860
vn -0.32951 0.89230 0.30860
vn -0.32951 0.89230 0.30860
vn -0.30860 0.89230 0.32951
vn -0.30860 0.89230 0.32951
vn -0.30860 0.89230 0.32951
vn -0.28641 0.89230 0.34896
vn -0.28641 0.89230 0.34896
vn -0.28641 0.89230 0.34896
vn -0.26294 0.89230 0.36697
vn -0.26294 0.89230 0.36697
vn -0.26294 0.89230 0.36697
vn -0.23841 0.89230 0.38336
vn -0.23841 0.89230 0.38336
vn -0.23841 0.89230 0.38336
vn -0.21280 0.89230 0.39815
vn -0.21280 0.89230 0.39815
vn -0.21280 0.89230 0.39815
vn -0.18533 0.89229 0.41168
vn -0.18533 0.89229 0.41167
vn -0.18533 0.89229 0.41168
vn -0.15644 0.89225 0.42357
vn -0.15644 0.89225 0.42357
vn -0.15644 0.89225 0.42357
vn -0.12909 0.89222 0.43276
vn -0.12909 0.89222 0.43276
vn -0.12909 0.89222 0.43276
vn -0.10211 0.89222 0.43991
vn -0.10211 0.89222 0.43991
vn -0.10211 0.89222 0.43991
vn -0.07358 0.89224 0.44554
vn -0.07358 0.89224 0.44553
vn -0.07357 0.89223 0.44554
vn -0.04424 0.89225 0.44937
vn -0.04424 0.89225 0.44937
vn -0.04424 0.89225 0.44937
vn -0.01727 0.89219 0.45132
vn -0.01738 0.89224 0.45123
vn -0.01717 0.89215 0.45142
vn 0.01727 0.89219 0.45133
vn 0.01739 0.89214 0.45142
vn 0.01716 0.89224 0.45124
vn 0.04424 0.89225 0.44937
vn 0.04424 0.89225 0.44937
vn 0.04424 0.89225 0.44937
vn 0.07358 0.89224 0.44554
vn 0.07358 0.89223 0.44554
vn 0.07357 0.89224 0.44554
vn 0.10211 0.89222 0.43991
vn 0.10211 0.89222 0.43991
vn 0.10211 0.89222 0.43991
vn 0.12909 0.89222 0.43276
vn 0.12909 0.89222 0.43276
vn 0.12909 0.89222 0.43276
vn 0.15644 0.89225 0.42357
vn 0.15644 0.89225 0.42357
vn 0.15644 0.89225 0.42357
vn 0.18533 0.89229 0.41168
vn 0.18533 0.89229 0.41168
vn 0.18533 0.89229 0.41167
vn 0.21280 0.89230 0.39815
vn 0.21280 0.89230 0.39815
vn 0.21280 0.89230 0.39815
vn 0.23841 0.89230 0.38336
vn 0.23841 0.89230 0.38336
vn 0.23841 0.89230 0.38336
vn 0.26294 0.89230 0.36697
vn 0.26294 0.89230 0.36697
vn 0.26294 0.89230 0.36697
vn 0.28641 0.89230 0.34896
vn 0.28641 0.89230 0.34896
vn 0.28641 0.89230 0.34896
vn 0.30860 0.89230 0.32951
vn 0.30860 0.89230 0.32951
vn 0.30860 0.89230 0.32951
vn 0.32951 0.89230 0.30860
vn 0.32951 0.89230 0.30860
vn 0.32951 0.89230 0.30860
vn 0.34897 0.89230 0.28641
vn 0.34897 0.89230 0.28641
vn 0.34897 0.89230 0.28641
vn 0.36697 0.89230 0.26295
vn 0.36697 0.89230 0.26295
vn 0.36697 0.89229 0.26295
vn 0.38337 0.89229 0.23841
vn 0.38337 0.89229 0.23841
vn 0.38337 0.89229 0.23841
vn 0.39816 0.89229 0.21280
vn 0.39815 0.89229 0.21280
vn 0.39816 0.89229 0.21280
vn 0.41121 0.89229 0.18633
vn 0.41121 0.89229 0.18633
vn 0.41121 0.89229 0.18633
vn 0.42253 0.89229 0.15901
vn 0.42253 0.89229 0.15901
vn 0.42253 0.89229 0.15901
vn 0.43201 0.89229 0.13107
vn 0.43201 0.89229 0.13107
vn 0.43201 0.89229 0.13107
vn 0.43967 0.89229 0.10250
vn 0.43967 0.89229 0.10250
vn 0.43967 0.89229 0.10250
vn 0.44543 0.89229 0.07356
vn 0.44543 0.89229 0.07356
vn 0.44543 0.89229 0.07356
vn 0.44929 0.89229 0.04424
vn 0.44929 0.89229 0.04424
vn 0.44929 0.89229 0.04424
vn 0.45122 0.89229 0.01479
vn 0.45122 0.89229 0.01479
vn 0.45122 0.89229 0.01479
vn 0.45122 0.89229 -0.01479
vn 0.45122 0.89229 -0.01479
vn 0.45122 0.89229 -0.01479
vn 0.44929 0.89229 -0.04424
vn 0.44929 0.89229 -0.04424
vn 0.44929 0.89229 -0.04424
vn 0.44544 0.89229 -0.07356
vn 0.44544 0.89229 -0.07356
vn 0.44544 0.89229 -0.07356
vn 0.43968 0.89229 -0.10250
vn 0.43968 0.89229 -0.10250
vn 0.43968 0.89229 -0.10250
vn 0.43202 0.89229 -0.13107
vn 0.43202 0.89229 -0.13107
vn 0.43202 0.89229 -0.13107
vn 0.42254 0.89229 -0.15902
vn 0.42254 0.89229 -0.15901
vn 0.42254 0.89229 -0.15902
vn 0.41122 0.89229 -0.18634
vn 0.41122 0.89229 -0.18634
vn 0.41122 0.89229 -0.18634
vn 0.39817 0.89228 -0.21281
vn 0.39817 0.89228 -0.21281
vn 0.39817 0.89228 -0.21281
vn 0.38339 0.89228 -0.23842
vn 0.38339 0.89228 -0.23842
vn 0.38339 0.89228 -0.23842
vn 0.36699 0.89228 -0.26296
vn 0.36699 0.89228 -0.26296
vn 0.36699 0.89228 -0.26296
vn 0.34899 0.89228 -0.28643
vn 0.34899 0.89228 -0.28643
vn 0.34899 0.89228 -0.28643
vn 0.32953 0.89228 -0.30862
vn 0.32953 0.89228 -0.30862
vn 0.32953 0.89228 -0.30862
vn 0.30862 0.89228 -0.32953
vn 0.30862 0.89228 -0.32953
vn 0.30862 0.89228 -0.32953
vn 0.28643 0.89228 -0.34899
vn 0.28643 0.89228 -0.34899
vn 0.28643 0.89228 -0.34899
vn 0.26296 0.89228 -0.36699
vn 0.26296 0.89228 -0.36699
vn 0.26296 0.89228 -0.36699
vn 0.23843 0.89228 -0.38339
vn 0.23843 0.89228 -0.38339
vn 0.23843 0.89228 -0.38339
vn 0.21282 0.89228 -0.39818
vn 0.21282 0.89228 -0.39818
vn 0.21282 0.89228 -0.39818
vn 0.18635 0.89228 -0.41123
vn 0.18634 0.89228 -0.41124
vn 0.18635 0.89228 -0.41123
vn 0.15902 0.89228 -0.42255
vn 0.15902 0.89228 -0.42255
vn 0.15902 0.89228 -0.42255
vn 0.13107 0.89228 -0.43204
vn 0.13107 0.89228 -0.43204
vn 0.13108 0.89228 -0.43204
vn 0.10251 0.89228 -0.43969
vn 0.10251 0.89228 -0.43969
vn 0.10251 0.89228 -0.43969
vn 0.07356 0.89228 -0.44545
vn 0.07356 0.89228 -0.44545
vn 0.07356 0.89228 -0.44545
vn 0.04424 0.89228 -0.44931
vn 0.04424 0.89228 -0.44931
vn 0.04424 0.89228 -0.44931
vn 0.00000 1.00000 -0.00001
vn 0.00000 1.00000 -0.00001
vn 0.00000 1.00000 -0.00001
vn -0.00000 1.00000 -0.00001
vn -0.00000 1.00000 -0.00001
vn -0.00000 1.00000 -0.00001
vn -0.00000 1.00000 -0.00001
vn -0.00000 1.00000 -0.00001
vn -0.00000 1.00000 -0.00001
vn -0.00000 1.00000 -0.00001
vn -0.00000 1.00000 -0.00001
vn -0.00000 1.00000 -0.00001
vn -0.00000 1.00000 -0.00001
vn -0.00000 1.00000 -0.00001
vn -0.00000 1.00000 -0.00001
vn -0.00000 1.00000 -0.00001
vn -0.00000 1.00000 -0.00000
vn -0.00000 1.00000 -0.00001
vn -0.00000 1.00000 -0.00000
vn -0.00000 1.00000 -0.00000
vn -0.00000 1.00000 -0.00001
vn -0.00000 1.00000 -0.00000
vn -0.00000 1.00000 -0.00000
vn -0.00000 1.00000 -0.00000
vn -0.00000 1.00000 -0.00000
vn -0.00000 1.00000 -0.00000
vn -0.00000 1.00000 -0.00000
vn -0.00000 1.00000 -0.00000
vn -0.00000 1.00000 -0.00000
vn -0.00000 1.00000 -0.00000
vn -0.00000 1.00000 -0.00000
vn -0.00000 1.00000 -0.00000
vn -0.00000 1.00000 -0.00000
vn -0.00000 1.00000 -0.00000
vn -0.00000 1.00000 -0.00000
vn -0.00000 1.00000 -0.00000
vn -0.00000 1.00000 -0.00000
vn -0.00000 1.00000 -0.00000
vn -0.00000 1.00000 -0.00000
vn -0.00000 1.00000 -0.00000
vn -0.00000 1.00000 -0.00000
vn -0.00000 1.00000 -0.00000
vn -0.00000 1.00000 -0.00000
vn -0.00000 1.00000 -0.00000
vn -0.00000 1.00000 -0.00000
vn -0.00000 1.00000 -0.00000
vn -0.00000 1.00000 -0.00000
vn -0.00000 1.00000 -0.00000
vn -0.00000 1.00000 -0.00000
vn -0.00000 1.00000 -0.00000
vn -0.00000 1.00000 -0.00000
vn -0.00000 1.00000 -0.00000
vn -0.00000 1.00000 -0.00000
vn -0.00000 1.00000 -0.00000
vn -0.00000 1.00000 -0.00000
vn -0.00000 1.00000 -0.00000
vn -0.00000 1.00000 -0.00000
vn -0.00000 1.00000 -0.00000
vn -0.00000 1.00000 -0.00000
vn -0.00000 1.00000 -0.00000
vn -0.00000 1.00000 -0.00000
vn -0.00000 1.00000 -0.00000
vn -0.00000 1.00000 -0.00000
vn -0.00000 1.00000 -0.00000
vn -0.00000 1.00000 -0.00000
vn -0.00000 1.00000 -0.00000
vn -0.00000 1.00000 -0.00000
vn -0.00000 1.00000 -0.00000
vn -0.00000 1.00000 -0.00000
vn -0.00000 1.00000 -0.00000
vn -0.00000 1.00000 -0.00000
vn -0.00000 1.00000 -0.00000
vn -0.00000 1.00000 0.00000
vn -0.00000 1.00000 0.00000
vn -0.00000 1.00000 0.00000
vn -0.00000 1.00000 0.00000
vn -0.00000 1.00000 0.00000
vn -0.00000 1.00000 0.00000
vn -0.00000 1.00000 0.00000
vn -0.00000 1.00000 0.00000
vn -0.00000 1.00000 0.00000
vn -0.00000 1.00000 0.00000
vn -0.00000 1.00000 0.00000
vn -0.00000 1.00000 0.00000
vn -0.00000 1.00000 0.00000
vn -0.00000 1.00000 0.00000
vn -0.00000 1.00000 0.00000
vn -0.00000 1.00000 0.00000
vn -0.00000 1.00000 0.00000
vn -0.00000 1.00000 0.00000
vn -0.00000 1.00000 0.00000
vn -0.00000 1.00000 0.00000
vn -0.00000 1.00000 0.00000
vn -0.00000 1.00000 0.00000
vn -0.00000 1.00000 0.00000
vn -0.00000 1.00000 0.00000
vn -0.00000 1.00000 0.00000
vn -0.00000 1.00000 0.00000
vn -0.00000 1.00000 0.00000
vn -0.00000 1.00000 0.00000
vn -0.00000 1.00000 0.00000
vn -0.00000 1.00000 0.00000
vn -0.00000 1.00000 0.00000
vn -0.00000 1.00000 0.00000
vn -0.00000 1.00000 0.00000
vn -0.00000 1.00000 0.00000
vn -0.00000 1.00000 0.00000
vn -0.00000 1.00000 0.00000
vn -0.00000 1.00000 0.00000
vn -0.00000 1.00000 0.00000
vn -0.00000 1.00000 0.00000
vn -0.00000 1.00000 0.00000
vn -0.00000 1.00000 0.00000
vn -0.00000 1.00000 0.00000
vn -0.00000 1.00000 0.00000
vn -0.00000 1.00000 0.00000
vn -0.00000 1.00000 0.00000
vn -0.00000 1.00000 0.00000
vn -0.00000 1.00000 0.00000
vn -0.00000 1.00000 0.00000
vn -0.00000 1.00000 0.00000
vn -0.00000 1.00000 0.00000
vn -0.00000 1.00000 0.00000
vn -0.00000 1.00000 0.00000
vn -0.00000 1.00000 0.00000
vn -0.00000 1.00000 0.00000
vn -0.00007 1.00000 -0.00003
vn -0.00007 1.00000 -0.00003
vn -0.00007 1.00000 -0.00003
vn -0.00022 1.00000 -0.00009
vn -0.00022 1.00000 -0.00009
vn -0.00022 1.00000 -0.00009
vn -0.00022 1.00000 -0.00009
vn -0.00022 1.00000 -0.00009
vn -0.00022 1.00000 -0.00009
vn -0.00007 1.00000 -0.00005
vn -0.00007 1.00000 -0.00005
vn -0.00007 1.00000 -0.00004
vn 0.00000 1.00000 -0.00003
vn 0.00000 1.00000 -0.00003
vn 0.00000 1.00000 -0.00003
vn 0.00000 1.00000 -0.00003
vn 0.00000 1.00000 -0.00003
vn 0.00000 1.00000 -0.00003
vn 0.00000 1.00000 -0.00003
vn 0.00000 1.00000 -0.00003
vn 0.00000 1.00000 -0.00003
vn -0.00000 1.00000 -0.00003
vn -0.00000 1.00000 -0.00003
vn -0.00000 1.00000 -0.00003
vn -0.00000 1.00000 -0.00003
vn -0.00000 1.00000 -0.00003
vn -0.00000 1.00000 -0.00003
vn -0.00000 1.00000 -0.00003
vn -0.00000 1.00000 -0.00003
vn -0.00000 1.00000 -0.00003
vn 0.00007 1.00000 -0.00005
vn 0.00007 1.00000 -0.00004
vn 0.00007 1.00000 -0.00005
vn 0.00022 1.00000 -0.00009
vn 0.00022 1.00000 -0.00009
vn 0.00022 1.00000 -0.00009
vn 0.00022 1.00000 -0.00009
vn 0.00022 1.00000 -0.00009
vn 0.00022 1.00000 -0.00009
vn 0.00007 1.00000 -0.00003
vn 0.00007 1.00000 -0.00003
vn 0.00007 1.00000 -0.00003
vn 0.00000 1.00000 0.00000
vn 0.00000 1.00000 0.00000
vn 0.00000 1.00000 0.00000
vn 0.00000 1.00000 0.00000
vn 0.00000 1.00000 0.00000
vn 0.00000 1.00000 0.00000
vn 0.00000 1.00000 0.00000
vn 0.00000 1.00000 0.00000
vn 0.00000 1.00000 0.00000
vn 0.00000 1.00000 0.00000
vn 0.00000 1.00000 0.00000
vn 0.00000 1.00000 0.00000
vn 0.00000 1.00000 0.00000
vn 0.00000 1.00000 0.00000
vn 0.00000 1.00000 0.00000
vn 0.00000 1.00000 0.00000
vn 0.00000 1.00000 0.00000
vn 0.00000 1.00000 0.00000
vn 0.00000 1.00000 0.00000
vn 0.00000 1.00000 0.00000
vn 0.00000 1.00000 0.00000
vn 0.00000 1.00000 0.00000
vn 0.00000 1.00000 0.00000
vn 0.00000 1.00000 0.00000
vn 0.00000 1.00000 0.00000
vn 0.00000 1.00000 0.00000
vn 0.00000 1.00000 0.00000
vn 0.00000 1.00000 0.00000
vn 0.00000 1.00000 0.00000
vn 0.00000 1.00000 0.00000
vn 0.00000 1.00000 0.00000
vn 0.00000 1.00000 0.00000
vn 0.00000 1.00000 0.00000
vn 0.00000 1.00000 0.00000
vn 0.00000 1.00000 0.00000
vn 0.00000 1.00000 0.00000
vn 0.00000 1.00000 0.00000
vn 0.00000 1.00000 0.00000
vn 0.00000 1.00000 0.00000
vn 0.00000 1.00000 0.00000
vn 0.00000 1.00000 0.00000
vn 0.00000 1.00000 0.00000
vn 0.00000 1.00000 0.00000
vn 0.00000 1.00000 0.00000
vn 0.00000 1.00000 0.00000
vn 0.00000 1.00000 0.00000
vn 0.00000 1.00000 0.00000
vn 0.00000 1.00000 0.00000
vn 0.00000 1.00000 0.00000
vn 0.00000 1.00000 0.00000
vn 0.00000 1.00000 0.00000
vn 0.00000 1.00000 0.00000
vn 0.00000 1.00000 0.00000
vn 0.00000 1.00000 0.00000
vn 0.00000 1.00000 -0.00000
vn 0.00000 1.00000 -0.00000
vn 0.00000 1.00000 -0.00000
vn 0.00000 1.00000 -0.00000
vn 0.00000 1.00000 -0.00000
vn 0.00000 1.00000 -0.00000
vn 0.00000 1.00000 -0.00000
vn 0.00000 1.00000 -0.00000
vn 0.00000 1.00000 -0.00000
vn 0.00000 1.00000 -0.00000
vn 0.00000 1.00000 -0.00000
vn 0.00000 1.00000 -0.00000
vn 0.00000 1.00000 -0.00000
vn 0.00000 1.00000 -0.00000
vn 0.00000 1.00000 -0.00000
vn 0.00000 1.00000 -0.00000
vn 0.00000 1.00000 -0.00000
vn 0.00000 1.00000 -0.00000
vn 0.00000 1.00000 -0.00000
vn 0.00000 1.00000 -0.00000
vn 0.00000 1.00000 -0.00000
vn 0.00000 1.00000 -0.00000
vn 0.00000 1.00000 -0.00000
vn 0.00000 1.00000 -0.00000
vn 0.00000 1.00000 -0.00000
vn 0.00000 1.00000 -0.00000
vn 0.00000 1.00000 -0.00000
vn 0.00000 1.00000 -0.00000
vn 0.00000 1.00000 -0.00000
vn 0.00000 1.00000 -0.00000
vn 0.00000 1.00000 -0.00000
vn 0.00000 1.00000 -0.00000
vn 0.00000 1.00000 -0.00000
vn 0.00000 1.00000 -0.00000
vn 0.00000 1.00000 -0.00000
vn 0.00000 1.00000 -0.00000
vn 0.00000 1.00000 -0.00000
vn 0.00000 1.00000 -0.00000
vn 0.00000 1.00000 -0.00000
vn 0.00000 1.00000 -0.00000
vn 0.00000 1.00000 -0.00000
vn 0.00000 1.00000 -0.00000
vn 0.00000 1.00000 -0.00000
vn 0.00000 1.00000 -0.00000
vn 0.00000 1.00000 -0.00000
vn 0.00000 1.00000 -0.00000
vn 0.00000 1.00000 -0.00000
vn 0.00000 1.00000 -0.00000
vn 0.00000 1.00000 -0.00000
vn 0.00000 1.00000 -0.00000
vn 0.00000 1.00000 -0.00000
vn 0.00000 1.00000 -0.00000
vn 0.00000 1.00000 -0.00001
vn 0.00000 1.00000 -0.00000
vn 0.00000 1.00000 -0.00001
vn 0.00000 1.00000 -0.00001
vn 0.00000 1.00000 -0.00000
vn 0.00000 1.00000 -0.00001
vn 0.00000 1.00000 -0.00001
vn 0.00000 1.00000 -0.00001
vn 0.00000 1.00000 -0.00001
vn 0.00000 1.00000 -0.00001
vn 0.00000 1.00000 -0.00001
vn 0.00000 1.00000 -0.00001
vn 0.00000 1.00000 -0.00001
vn 0.00000 1.00000 -0.00001
vn 0.00000 1.00000 -0.00001
vn 0.00000 1.00000 -0.00001
vn 0.00000 1.00000 -0.00001
vn -0.00000 1.00000 -0.00001
vn -0.00000 1.00000 -0.00001
vn -0.00000 1.00000 -0.00001
vn -0.00000 1.00000 -0.00001
vn -0.00000 1.00000 -0.00001
vn -0.00000 1.00000 -0.00001
vn -0.00000 1.00000 -0.00000
vn -0.00000 1.00000 -0.00000
vn -0.00000 1.00000 -0.00000
vn -0.00000 1.00000 -0.00000
vn -0.00000 1.00000 -0.00000
vn -0.00000 1.00000 -0.00000
vn -0.00000 1.00000 -0.00000
vn -0.00000 1.00000 -0.00000
vn -0.00000 1.00000 -0.00000
vn -0.00000 1.00000 -0.00000
vn -0.00000 1.00000 -0.00000
vn -0.00000 1.00000 -0.00000
vn -0.00000 1.00000 -0.00000
vn -0.00000 1.00000 -0.00000
vn -0.00000 1.00000 -0.00000
vn -0.00000 1.00000 -0.00000
vn -0.00000 1.00000 -0.00000
vn -0.00000 1.00000 -0.00000
vn -0.00000 1.00000 -0.00000
vn -0.00000 1.00000 -0.00000
vn -0.00000 1.00000 -0.00000
vn -0.00000 1.00000 -0.00000
vn -0.00000 1.00000 -0.00000
vn -0.00000 1.00000 -0.00000
vn -0.00000 1.00000 -0.00000
vn -0.00000 1.00000 -0.00000
vn -0.00000 1.00000 -0.00000
vn -0.00000 1.00000 -0.00000
vn -0.00000 1.00000 -0.00000
vn -0.00000 1.00000 -0.00000
vn -0.00000 1.00000 -0.00000
vn -0.00000 1.00000 -0.00000
vn -0.00000 1.00000 -0.00000
vn -0.00000 1.00000 -0.00000
vn -0.00000 1.00000 -0.00000
vn -0.00000 1.00000 -0.00000
vn -0.00000 1.00000 -0.00000
vn -0.00000 1.00000 -0.00000
vn -0.00000 1.00000 -0.00000
vn -0.00000 1.00000 -0.00000
vn -0.00000 1.00000 -0.00000
vn -0.00000 1.00000 -0.00000
vn -0.00000 1.00000 -0.00000
vn -0.00000 1.00000 -0.00000
vn -0.00000 1.00000 -0.00000
vn -0.00000 1.00000 -0.00000
vn -0.00000 1.00000 -0.00000
vn -0.00000 1.00000 -0.00000
vn -0.00000 1.00000 -0.00000
vn -0.00000 1.00000 -0.00000
vn -0.00000 1.00000 -0.00000
vn -0.00000 1.00000 -0.00000
vn -0.00000 1.00000 -0.00000
vn -0.00000 1.00000 -0.00000
vn -0.00000 1.00000 -0.00000
vn -0.00000 1.00000 0.00000
vn -0.00000 1.00000 -0.00000
vn -0.00000 1.00000 0.00000
vn -0.00000 1.00000 0.00000
vn -0.00000 1.00000 0.00000
vn -0.00000 1.00000 0.00000
vn -0.00000 1.00000 0.00000
vn -0.00000 1.00000 0.00000
vn -0.00000 1.00000 0.00000
vn -0.00000 1.00000 0.00000
vn -0.00000 1.00000 0.00000
vn -0.00000 1.00000 0.00000
vn -0.00000 1.00000 0.00000
vn -0.00000 1.00000 0.00000
vn -0.00000 1.00000 0.00000
vn -0.00000 1.00000 0.00000
vn -0.00000 1.00000 0.00000
vn -0.00000 1.00000 0.00000
vn -0.00000 1.00000 0.00000
vn -0.00000 1.00000 0.00000
vn -0.00000 1.00000 0.00000
vn -0.00000 1.00000 0.00000
vn -0.00000 1.00000 0.00000
vn -0.00000 1.00000 0.00000
vn -0.00000 1.00000 0.00000
vn -0.00000 1.00000 0.00000
vn -0.00000 1.00000 0.00000
vn -0.00000 1.00000 0.00000
vn -0.00000 1.00000 0.00000
vn -0.00000 1.00000 0.00000
vn -0.00000 1.00000 0.00000
vn -0.00000 1.00000 0.00000
vn -0.00000 1.00000 0.00000
vn -0.00000 1.00000 0.00000
vn -0.00000 1.00000 0.00000
vn -0.00000 1.00000 0.00000
vn -0.00000 1.00000 0.00000
vn -0.00000 1.00000 0.00000
vn -0.00000 1.00000 0.00000
vn -0.00000 1.00000 0.00000
vn -0.00000 1.00000 0.00000
vn -0.00000 1.00000 0.00000
vn -0.00000 1.00000 0.00000
vn -0.00000 1.00000 0.00000
vn -0.00000 1.00000 0.00000
vn -0.00000 1.00000 0.00000
vn -0.00000 1.00000 0.00000
vn -0.00000 1.00000 0.00000
vn -0.00000 1.00000 0.00000
vn -0.00000 1.00000 0.00000
vn -0.00000 1.00000 0.00000
vn -0.00000 1.00000 0.00000
vn -0.00000 1.00000 0.00000
vn -0.00000 1.00000 0.00000
vn -0.00000 1.00000 0.00000
vn -0.00000 1.00000 0.00000
vn -0.00000 1.00000 0.00000
vn -0.00000 1.00000 0.00000
vn -0.00000 1.00000 0.00000
vn -0.00000 1.00000 0.00000
vn -0.00000 1.00000 0.00000
vn -0.00000 1.00000 0.00000
vn -0.00008 1.00000 -0.00004
vn -0.00008 1.00000 -0.00004
vn -0.00008 1.00000 -0.00003
vn -0.00024 1.00000 -0.00010
vn -0.00024 1.00000 -0.00010
vn -0.00023 1.00000 -0.00009
vn -0.00024 1.00000 -0.00009
vn -0.00024 1.00000 -0.00010
vn -0.00023 1.00000 -0.00009
vn -0.00008 1.00000 -0.00005
vn -0.00008 1.00000 -0.00005
vn -0.00008 1.00000 -0.00005
vn 0.00001 1.00000 -0.00003
vn 0.00001 1.00000 -0.00003
vn 0.00001 1.00000 -0.00003
vn 0.00000 1.00000 -0.00003
vn 0.00000 1.00000 -0.00003
vn 0.00000 1.00000 -0.00003
vn 0.00000 1.00000 -0.00003
vn 0.00000 1.00000 -0.00003
vn 0.00000 1.00000 -0.00003
vn -0.00000 1.00000 -0.00003
vn -0.00000 1.00000 -0.00003
vn -0.00000 1.00000 -0.00003
vn -0.00000 1.00000 -0.00003
vn -0.00000 1.00000 -0.00003
vn -0.00000 1.00000 -0.00003
vn -0.00001 1.00000 -0.00003
vn -0.00001 1.00000 -0.00003
vn -0.00001 1.00000 -0.00003
vn 0.00008 1.00000 -0.00005
vn 0.00008 1.00000 -0.00005
vn 0.00008 1.00000 -0.00005
vn 0.00024 1.00000 -0.00009
vn 0.00024 1.00000 -0.00009
vn 0.00023 1.00000 -0.00009
vn 0.00024 1.00000 -0.00010
vn 0.00024 1.00000 -0.00010
vn 0.00023 1.00000 -0.00010
vn 0.00008 1.00000 -0.00004
vn 0.00008 1.00000 -0.00004
vn 0.00008 1.00000 -0.00004
vn 0.00000 1.00000 0.00000
vn 0.00000 1.00000 0.00000
vn 0.00000 1.00000 0.00000
vn 0.00000 1.00000 0.00000
vn 0.00000 1.00000 0.00000
vn 0.00000 1.00000 0.00000
vn 0.00000 1.00000 0.00000
vn 0.00000 1.00000 0.00000
vn 0.00000 1.00000 0.00000
vn 0.00000 1.00000 0.00000
vn 0.00000 1.00000 0.00000
vn 0.00000 1.00000 0.00000
vn 0.00000 1.00000 0.00000
vn 0.00000 1.00000 0.00000
vn 0.00000 1.00000 0.00000
vn 0.00000 1.00000 0.00000
vn 0.00000 1.00000 0.00000
vn 0.00000 1.00000 0.00000
vn 0.00000 1.00000 0.00000
vn 0.00000 1.00000 0.00000
vn 0.00000 1.00000 0.00000
vn 0.00000 1.00000 0.00000
vn 0.00000 1.00000 0.00000
vn 0.00000 1.00000 0.00000
vn 0.00000 1.00000 0.00000
vn 0.00000 1.00000 0.00000
vn 0.00000 1.00000 0.00000
vn 0.00000 1.00000 0.00000
vn 0.00000 1.00000 0.00000
vn 0.00000 1.00000 0.00000
vn 0.00000 1.00000 0.00000
vn 0.00000 1.00000 0.00000
vn 0.00000 1.00000 0.00000
vn 0.00000 1.00000 0.00000
vn 0.00000 1.00000 0.00000
vn 0.00000 1.00000 0.00000
vn 0.00000 1.00000 0.00000
vn 0.00000 1.00000 0.00000
vn 0.00000 1.00000 0.00000
vn 0.00000 1.00000 0.00000
vn 0.00000 1.00000 0.00000
vn 0.00000 1.00000 0.00000
vn 0.00000 1.00000 0.00000
vn 0.00000 1.00000 0.00000
vn 0.00000 1.00000 0.00000
vn 0.00000 1.00000 0.00000
vn 0.00000 1.00000 -0.00000
vn 0.00000 1.00000 -0.00000
vn 0.00000 1.00000 0.00000
vn 0.00000 1.00000 -0.00000
vn 0.00000 1.00000 -0.00000
vn 0.00000 1.00000 -0.00000
vn 0.00000 1.00000 -0.00000
vn 0.00000 1.00000 -0.00000
vn 0.00000 1.00000 -0.00000
vn 0.00000 1.00000 -0.00000
vn 0.00000 1.00000 -0.00000
vn 0.00000 1.00000 -0.00000
vn 0.00000 1.00000 -0.00000
vn 0.00000 1.00000 -0.00000
vn 0.00000 1.00000 -0.00000
vn 0.00000 1.00000 -0.00000
vn 0.00000 1.00000 -0.00000
vn 0.00000 1.00000 -0.00000
vn 0.00000 1.00000 -0.00000
vn 0.00000 1.00000 -0.00000
vn 0.00000 1.00000 -0.00000
vn 0.00000 1.00000 -0.00000
vn 0.00000 1.00000 -0.00000
vn 0.00000 1.00000 -0.00000
vn 0.00000 1.00000 -0.00000
vn 0.00000 1.00000 -0.00000
vn 0.00000 1.00000 -0.00000
vn 0.00000 1.00000 -0.00000
vn 0.00000 1.00000 -0.00000
vn 0.00000 1.00000 -0.00000
vn 0.00000 1.00000 -0.00000
vn 0.00000 1.00000 -0.00000
vn 0.00000 1.00000 -0.00000
vn 0.00000 1.00000 -0.00000
vn 0.00000 1.00000 -0.00000
vn 0.00000 1.00000 -0.00000
vn 0.00000 1.00000 -0.00000
vn 0.00000 1.00000 -0.00000
vn 0.00000 1.00000 -0.00000
vn 0.00000 1.00000 -0.00000
vn 0.00000 1.00000 -0.00000
vn 0.00000 1.00000 -0.00000
vn 0.00000 1.00000 -0.00000
vn 0.00000 1.00000 -0.00000
vn 0.00000 1.00000 -0.00000
vn 0.00000 1.00000 -0.00000
vn 0.00000 1.00000 -0.00000
vn 0.00000 1.00000 -0.00000
vn 0.00000 1.00000 -0.00000
vn 0.00000 1.00000 -0.00000
vn 0.00000 1.00000 -0.00000
vn 0.00000 1.00000 -0.00000
vn 0.00000 1.00000 -0.00000
vn 0.00000 1.00000 -0.00000
vn 0.00000 1.00000 -0.00000
vn 0.00000 1.00000 -0.00000
vn 0.00000 1.00000 -0.00000
vn 0.00000 1.00000 -0.00000
vn 0.00000 1.00000 -0.00001
vn 0.00000 1.00000 -0.00001
vn 0.00000 1.00000 -0.00001
vn -0.06540 0.00000 0.99786
vn -0.06540 0.00000 0.99786
vn -0.09798 0.00000 0.99519
vn -0.09798 0.00000 0.99519
vn -0.09799 0.00000 0.99519
vn -0.16293 0.00000 0.98664
vn -0.16293 0.00000 0.98664
vn -0.16293 0.00000 0.98664
vn -0.22704 0.00000 0.97388
vn -0.29032 0.00000 0.95693
vn -0.29032 0.00000 0.95693
vn -0.29032 0.00000 0.95693
vn -0.35222 0.00000 0.93592
vn -0.35222 0.00000 0.93592
vn -0.41274 0.00000 0.91085
vn -0.41274 0.00000 0.91085
vn -0.41274 0.00000 0.91085
vn -0.47137 0.00000 0.88194
vn -0.47137 0.00000 0.88194
vn -0.47137 0.00000 0.88194
vn -0.52810 0.00000 0.84918
vn -0.52810 0.00000 0.84919
vn -0.52810 0.00000 0.84918
vn -0.58245 0.00000 0.81287
vn -0.58245 0.00000 0.81287
vn -0.58245 0.00000 0.81287
vn -0.63442 0.00000 0.77299
vn -0.63442 0.00000 0.77299
vn -0.63442 0.00000 0.77299
vn -0.68357 0.00000 0.72989
vn -0.68357 0.00000 0.72989
vn -0.72989 0.00000 0.68357
vn -0.72989 0.00000 0.68357
vn -0.72989 0.00000 0.68357
vn -0.77298 0.00000 0.63442
vn -0.77298 0.00000 0.63442
vn -0.77299 0.00000 0.63442
vn -0.81287 0.00000 0.58245
vn -0.81287 0.00000 0.58245
vn -0.81287 0.00000 0.58245
vn -0.84919 0.00000 0.52809
vn -0.84919 0.00000 0.52809
vn -0.88194 0.00000 0.47137
vn -0.88194 0.00000 0.47137
vn -0.88194 0.00000 0.47137
vn -0.91085 0.00000 0.41274
vn -0.97388 0.00000 0.22704
vn -0.97388 0.00000 0.22704
vn -0.98664 0.00000 0.16293
vn -0.99519 -0.00000 0.09798
vn -0.99519 -0.00000 0.09798
vn -0.99519 0.00000 0.09798
vn -0.99946 -0.00000 0.03275
vn -0.99946 -0.00000 0.03275
vn -0.99946 -0.00000 0.03275
vn -0.99946 0.00000 -0.03275
vn -0.99946 0.00000 -0.03275
vn -0.99946 0.00000 -0.03275
vn -0.99519 0.00000 -0.09798
vn -0.99519 0.00000 -0.09798
vn -0.99519 0.00000 -0.09798
vn -0.98664 0.00000 -0.16293
vn -0.97388 0.00000 -0.22704
vn -0.95693 0.00000 -0.29032
vn -0.95693 0.00000 -0.29032
vn -0.93592 0.00000 -0.35222
vn -0.91085 0.00000 -0.41274
vn -0.91085 0.00000 -0.41274
vn -0.91085 0.00000 -0.41274
vn -0.88194 0.00000 -0.47137
vn -0.88194 0.00000 -0.47137
vn -0.88194 0.00000 -0.47136
vn -0.84918 0.00000 -0.52810
vn -0.84919 0.00000 -0.52809
vn -0.84918 0.00000 -0.52810
vn -0.81287 0.00000 -0.58245
vn -0.81287 0.00000 -0.58245
vn -0.81287 0.00000 -0.58245
vn -0.77299 0.00000 -0.63442
vn -0.77299 0.00000 -0.63442
vn -0.77299 0.00000 -0.63442
vn -0.72989 0.00000 -0.68357
vn -0.68357 0.00000 -0.72989
vn -0.68357 0.00000 -0.72989
vn -0.63442 0.00000 -0.77299
vn -0.63442 0.00000 -0.77299
vn -0.63442 0.00000 -0.77299
vn -0.58245 0.00000 -0.81287
vn -0.58245 0.00000 -0.81287
vn -0.58245 0.00000 -0.81287
vn -0.52810 0.00000 -0.84919
vn -0.52810 0.00000 -0.84918
vn -0.52809 0.00000 -0.84919
vn -0.47137 0.00000 -0.88194
vn -0.41035 -0.00000 -0.91193
vn -0.41035 -0.00000 -0.91193
vn -0.41035 0.00000 -0.91193
vn -0.34600 -0.00000 -0.93823
vn -0.34600 0.00000 -0.93823
vn -0.34600 -0.00000 -0.93823
vn -0.28539 -0.00000 -0.95841
vn -0.28539 -0.00000 -0.95841
vn -0.28539 0.00000 -0.95841
vn -0.22594 -0.00000 -0.97414
vn -0.22594 0.00000 -0.97414
vn -0.22594 -0.00000 -0.97414
vn -0.16293 -0.00000 -0.98664
vn -0.16293 -0.00000 -0.98664
vn -0.16293 0.00000 -0.98664
vn -0.09798 -0.00000 -0.99519
vn -0.09798 0.00000 -0.99519
vn -0.09798 -0.00000 -0.99519
vn 0.06540 0.00000 0.99786
vn 0.09798 0.00000 0.99519
vn 0.09798 0.00000 0.99519
vn 0.09799 0.00000 0.99519
vn 0.16293 0.00000 0.98664
vn 0.16293 0.00000 0.98664
vn 0.16293 0.00000 0.98664
vn 0.22704 0.00000 0.97388
vn 0.29032 0.00000 0.95693
vn 0.29032 0.00000 0.95693
vn 0.29032 0.00000 0.95693
vn 0.35222 0.00000 0.93592
vn 0.35222 0.00000 0.93592
vn 0.35222 0.00000 0.93592
vn 0.41274 0.00000 0.91085
vn 0.41274 0.00000 0.91085
vn 0.47137 0.00000 0.88194
vn 0.47137 0.00000 0.88194
vn 0.47137 0.00000 0.88194
vn 0.52810 0.00000 0.84918
vn 0.52809 0.00000 0.84919
vn 0.52810 0.00000 0.84918
vn 0.58245 0.00000 0.81287
vn 0.58245 0.00000 0.81287
vn 0.58245 0.00000 0.81287
vn 0.63442 0.00000 0.77299
vn 0.63442 0.00000 0.77299
vn 0.63442 0.00000 0.77299
vn 0.68357 0.00000 0.72989
vn 0.68357 0.00000 0.72989
vn 0.68357 0.00000 0.72989
vn 0.72989 0.00000 0.68357
vn 0.72989 0.00000 0.68357
vn 0.72989 0.00000 0.68357
vn 0.77298 0.00000 0.63443
vn 0.77298 0.00000 0.63443
vn 0.77298 0.00000 0.63443
vn 0.81287 0.00000 0.58245
vn 0.81287 0.00000 0.58245
vn 0.84919 0.00000 0.52810
vn 0.88194 0.00000 0.47137
vn 0.91085 0.00000 0.41274
vn 0.91085 0.00000 0.41274
vn 0.93592 0.00000 0.35222
vn 0.93592 0.00000 0.35222
vn 0.97388 0.00000 0.22704
vn 0.98664 0.00000 0.16293
vn 0.99519 -0.00000 0.09798
vn 0.99519 0.00000 0.09798
vn 0.99519 -0.00000 0.09798
vn 0.99946 -0.00000 0.03275
vn 0.99946 -0.00000 0.03275
vn 0.99946 -0.00000 0.03275
vn 0.99946 0.00000 -0.03275
vn 0.99946 0.00000 -0.03275
vn 0.99946 0.00000 -0.03275
vn 0.99519 0.00000 -0.09798
vn 0.99519 0.00000 -0.09798
vn 0.99519 0.00000 -0.09798
vn 0.98664 0.00000 -0.16293
vn 0.97388 0.00000 -0.22704
vn 0.97388 0.00000 -0.22704
vn 0.97388 0.00000 -0.22704
vn 0.95693 0.00000 -0.29032
vn 0.95693 0.00000 -0.29032
vn 0.95693 0.00000 -0.29032
vn 0.93592 0.00000 -0.35222
vn 0.91085 0.00000 -0.41274
vn 0.91085 0.00000 -0.41274
vn 0.91085 0.00000 -0.41274
vn 0.88194 0.00000 -0.47137
vn 0.88194 0.00000 -0.47137
vn 0.88194 0.00000 -0.47137
vn 0.84919 0.00000 -0.52810
vn 0.84919 0.00000 -0.52809
vn 0.84918 0.00000 -0.52810
vn 0.81287 0.00000 -0.58245
vn 0.81287 0.00000 -0.58245
vn 0.81287 0.00000 -0.58245
vn 0.77299 0.00000 -0.63442
vn 0.77299 0.00000 -0.63442
vn 0.77299 0.00000 -0.63442
vn 0.72989 0.00000 -0.68357
vn 0.72989 0.00000 -0.68357
vn 0.72989 0.00000 -0.68357
vn 0.68357 0.00000 -0.72989
vn 0.68357 0.00000 -0.72989
vn 0.68357 0.00000 -0.72989
vn 0.63442 0.00000 -0.77298
vn 0.63443 0.00000 -0.77298
vn 0.63442 0.00000 -0.77299
vn 0.58245 0.00000 -0.81287
vn 0.58245 0.00000 -0.81287
vn 0.58245 0.00000 -0.81287
vn 0.52810 0.00000 -0.84918
vn 0.52810 0.00000 -0.84918
vn 0.47137 0.00000 -0.88194
vn 0.41035 -0.00000 -0.91193
vn 0.41035 0.00000 -0.91193
vn 0.41035 -0.00000 -0.91193
vn 0.34600 -0.00000 -0.93823
vn 0.34600 -0.00000 -0.93823
vn 0.34600 0.00000 -0.93823
vn 0.28539 -0.00000 -0.95841
vn 0.28539 0.00000 -0.95841
vn 0.28539 -0.00000 -0.95841
vn 0.22594 -0.00000 -0.97414
vn 0.22594 -0.00000 -0.97414
vn 0.22594 0.00000 -0.97414
vn 0.16293 0.00000 -0.98664
vn 0.03714 0.00000 -0.99931
vn -0.02238 0.93966 0.34138
vn -0.02238 0.93966 0.34137
vn -0.02238 0.93966 0.34138
vn 0.02238 0.93966 0.34138
vn 0.02238 0.93966 0.34137
vn 0.02238 0.93966 0.34138
vn 0.03353 0.93961 0.34060
vn 0.03352 0.93961 0.34059
vn 0.03353 0.93961 0.34060
vn 0.05576 0.93961 0.33767
vn 0.05576 0.93961 0.33767
vn 0.05576 0.93961 0.33767
vn 0.07770 0.93961 0.33331
vn 0.07770 0.93961 0.33331
vn 0.07770 0.93961 0.33331
vn 0.09936 0.93961 0.32751
vn 0.09936 0.93961 0.32751
vn 0.09936 0.93961 0.32751
vn 0.12054 0.93961 0.32032
vn 0.12054 0.93961 0.32032
vn 0.12055 0.93961 0.32032
vn 0.14126 0.93961 0.31174
vn 0.14126 0.93961 0.31174
vn 0.14126 0.93961 0.31174
vn 0.16132 0.93961 0.30184
vn 0.16132 0.93961 0.30184
vn 0.16132 0.93961 0.30184
vn 0.18074 0.93961 0.29063
vn 0.18074 0.93961 0.29063
vn 0.18074 0.93961 0.29063
vn 0.19934 0.93961 0.27820
vn 0.19934 0.93961 0.27820
vn 0.21713 0.93961 0.26455
vn 0.21713 0.93961 0.26455
vn 0.21713 0.93961 0.26455
vn 0.23395 0.93961 0.24980
vn 0.23395 0.93961 0.24980
vn 0.23394 0.93961 0.24980
vn 0.24980 0.93961 0.23395
vn 0.24980 0.93961 0.23395
vn 0.24980 0.93961 0.23395
vn 0.26455 0.93961 0.21713
vn 0.26455 0.93961 0.21713
vn 0.27819 0.93961 0.19934
vn 0.27819 0.93961 0.19934
vn 0.27820 0.93961 0.19934
vn 0.29062 0.93961 0.18074
vn 0.29062 0.93961 0.18074
vn 0.29062 0.93961 0.18074
vn 0.30183 0.93961 0.16132
vn 0.30183 0.93961 0.16132
vn 0.30183 0.93961 0.16132
vn 0.31173 0.93961 0.14126
vn 0.31173 0.93961 0.14126
vn 0.31173 0.93961 0.14126
vn 0.32030 0.93961 0.12054
vn 0.32030 0.93961 0.12054
vn 0.32030 0.93961 0.12054
vn 0.32749 0.93961 0.09936
vn 0.32749 0.93961 0.09936
vn 0.32749 0.93961 0.09936
vn 0.33330 0.93961 0.07771
vn 0.33330 0.93961 0.07771
vn 0.33330 0.93961 0.07771
vn 0.33766 0.93961 0.05576
vn 0.33766 0.93961 0.05576
vn 0.33766 0.93961 0.05576
vn 0.34059 0.93962 0.03354
vn 0.34059 0.93962 0.03354
vn 0.34059 0.93962 0.03354
vn 0.34205 0.93962 0.01121
vn 0.34205 0.93962 0.01121
vn 0.34205 0.93962 0.01121
vn 0.34205 0.93962 -0.01121
vn 0.34205 0.93962 -0.01121
vn 0.34205 0.93962 -0.01121
vn 0.34058 0.93962 -0.03353
vn 0.34058 0.93962 -0.03353
vn 0.34058 0.93962 -0.03353
vn 0.33766 0.93962 -0.05576
vn 0.33766 0.93962 -0.05576
vn 0.33329 0.93962 -0.07770
vn 0.33329 0.93962 -0.07770
vn 0.33329 0.93962 -0.07770
vn 0.32749 0.93962 -0.09935
vn 0.32749 0.93962 -0.09935
vn 0.32749 0.93962 -0.09935
vn 0.32030 0.93962 -0.12054
vn 0.32030 0.93962 -0.12054
vn 0.32030 0.93962 -0.12054
vn 0.31172 0.93962 -0.14125
vn 0.31172 0.93962 -0.14125
vn 0.31172 0.93962 -0.14125
vn 0.30182 0.93962 -0.16131
vn 0.30182 0.93962 -0.16131
vn 0.30182 0.93962 -0.16131
vn 0.29061 0.93962 -0.18072
vn 0.29061 0.93962 -0.18073
vn 0.29061 0.93962 -0.18072
vn 0.27818 0.93962 -0.19932
vn 0.27818 0.93962 -0.19932
vn 0.27818 0.93962 -0.19932
vn 0.26453 0.93962 -0.21711
vn 0.26453 0.93962 -0.21711
vn 0.26453 0.93962 -0.21711
vn 0.24978 0.93962 -0.23393
vn 0.24978 0.93962 -0.23393
vn 0.24978 0.93962 -0.23393
vn 0.23393 0.93962 -0.24978
vn 0.23393 0.93962 -0.24978
vn 0.23393 0.93962 -0.24978
vn 0.21711 0.93962 -0.26453
vn 0.21711 0.93962 -0.26453
vn 0.21711 0.93962 -0.26453
vn 0.19932 0.93962 -0.27818
vn 0.19932 0.93962 -0.27818
vn 0.19932 0.93962 -0.27818
vn 0.18072 0.93962 -0.29060
vn 0.18072 0.93962 -0.29060
vn 0.18073 0.93962 -0.29060
vn 0.16131 0.93962 -0.30181
vn 0.16131 0.93962 -0.30181
vn 0.16131 0.93962 -0.30181
vn 0.14035 0.93961 -0.31214
vn 0.14035 0.93961 -0.31214
vn 0.14035 0.93961 -0.31214
vn 0.11817 0.93958 -0.32128
vn 0.11817 0.93958 -0.32128
vn 0.11817 0.93958 -0.32128
vn 0.09744 0.93955 -0.32825
vn 0.09744 0.93955 -0.32825
vn 0.09744 0.93955 -0.32825
vn 0.07727 0.93955 -0.33359
vn 0.07727 0.93955 -0.33359
vn 0.07727 0.93955 -0.33359
vn 0.05578 0.93956 -0.33781
vn 0.05578 0.93956 -0.33782
vn 0.05579 0.93956 -0.33781
vn 0.03354 0.93957 -0.34071
vn 0.03354 0.93957 -0.34072
vn 0.03354 0.93957 -0.34070
vn 0.01606 0.93955 -0.34203
vn 0.01618 0.93960 -0.34189
vn 0.01595 0.93950 -0.34216
vn -0.01606 0.93955 -0.34203
vn -0.01618 0.93960 -0.34189
vn -0.01595 0.93950 -0.34216
vn -0.03354 0.93957 -0.34071
vn -0.03354 0.93957 -0.34070
vn -0.03355 0.93957 -0.34072
vn -0.05578 0.93956 -0.33781
vn -0.05578 0.93956 -0.33781
vn -0.05579 0.93956 -0.33782
vn -0.07727 0.93955 -0.33359
vn -0.07727 0.93955 -0.33359
vn -0.07727 0.93955 -0.33359
vn -0.09744 0.93955 -0.32825
vn -0.09744 0.93955 -0.32825
vn -0.09744 0.93955 -0.32825
vn -0.11817 0.93958 -0.32128
vn -0.11817 0.93958 -0.32128
vn -0.11817 0.93958 -0.32128
vn -0.14035 0.93961 -0.31214
vn -0.14035 0.93961 -0.31214
vn -0.14035 0.93961 -0.31214
vn -0.16131 0.93962 -0.30181
vn -0.16131 0.93962 -0.30181
vn -0.16131 0.93962 -0.30181
vn -0.18072 0.93962 -0.29060
vn -0.18072 0.93962 -0.29060
vn -0.18073 0.93962 -0.29060
vn -0.19932 0.93962 -0.27818
vn -0.21711 0.93962 -0.26453
vn -0.21711 0.93962 -0.26453
vn -0.21711 0.93962 -0.26453
vn -0.23393 0.93962 -0.24978
vn -0.23393 0.93962 -0.24978
vn -0.23393 0.93962 -0.24978
vn -0.24978 0.93962 -0.23393
vn -0.24978 0.93962 -0.23393
vn -0.24978 0.93962 -0.23393
vn -0.26453 0.93962 -0.21711
vn -0.26453 0.93962 -0.21711
vn -0.26453 0.93962 -0.21711
vn -0.27818 0.93962 -0.19932
vn -0.27818 0.93962 -0.19932
vn -0.27818 0.93962 -0.19932
vn -0.29061 0.93962 -0.18072
vn -0.29061 0.93962 -0.18072
vn -0.29061 0.93962 -0.18072
vn -0.30182 0.93962 -0.16131
vn -0.30182 0.93962 -0.16131
vn -0.30182 0.93962 -0.16131
vn -0.31172 0.93962 -0.14125
vn -0.31172 0.93962 -0.14125
vn -0.31172 0.93962 -0.14125
vn -0.32030 0.93962 -0.12054
vn -0.32030 0.93962 -0.12053
vn -0.32029 0.93962 -0.12054
vn -0.32749 0.93962 -0.09935
vn -0.32749 0.93962 -0.09935
vn -0.32749 0.93962 -0.09935
vn -0.33329 0.93962 -0.07770
vn -0.33329 0.93962 -0.07770
vn -0.33329 0.93962 -0.07770
vn -0.33765 0.93962 -0.05576
vn -0.33766 0.93962 -0.05576
vn -0.33765 0.93962 -0.05576
vn -0.34058 0.93962 -0.03353
vn -0.34058 0.93962 -0.03353
vn -0.34058 0.93962 -0.03353
vn -0.34205 0.93962 -0.01121
vn -0.34205 0.93962 -0.01121
vn -0.34205 0.93962 -0.01121
vn -0.34205 0.93962 0.01121
vn -0.34205 0.93961 0.01121
vn -0.34205 0.93962 0.01121
vn -0.34059 0.93962 0.03354
vn -0.34059 0.93961 0.03354
vn -0.34058 0.93962 0.03353
vn -0.33766 0.93962 0.05576
vn -0.33766 0.93962 0.05576
vn -0.33766 0.93961 0.05576
vn -0.33330 0.93961 0.07771
vn -0.33330 0.93961 0.07771
vn -0.33330 0.93961 0.07770
vn -0.32749 0.93961 0.09936
vn -0.32749 0.93961 0.09936
vn -0.32749 0.93961 0.09936
vn -0.32031 0.93961 0.12054
vn -0.32031 0.93961 0.12054
vn -0.32031 0.93961 0.12054
vn -0.31173 0.93961 0.14126
vn -0.31173 0.93961 0.14126
vn -0.31173 0.93961 0.14126
vn -0.30183 0.93961 0.16132
vn -0.30183 0.93961 0.16132
vn -0.30183 0.93961 0.16132
vn -0.29062 0.93961 0.18074
vn -0.29062 0.93961 0.18074
vn -0.29062 0.93961 0.18074
vn -0.27819 0.93961 0.19934
vn -0.27819 0.93961 0.19934
vn -0.27820 0.93961 0.19934
vn -0.26455 0.93961 0.21713
vn -0.26455 0.93961 0.21713
vn -0.26455 0.93961 0.21713
vn -0.24980 0.93961 0.23395
vn -0.24980 0.93961 0.23395
vn -0.24980 0.93961 0.23395
vn -0.23395 0.93961 0.24980
vn -0.23395 0.93961 0.24980
vn -0.23395 0.93961 0.24980
vn -0.21713 0.93961 0.26455
vn -0.21713 0.93961 0.26455
vn -0.21713 0.93961 0.26455
vn -0.19934 0.93961 0.27820
vn -0.19934 0.93961 0.27820
vn -0.18074 0.93961 0.29063
vn -0.18074 0.93961 0.29063
vn -0.18074 0.93961 0.29063
vn -0.16132 0.93961 0.30184
vn -0.16132 0.93961 0.30184
vn -0.16132 0.93961 0.30184
vn -0.14126 0.93961 0.31174
vn -0.14126 0.93961 0.31174
vn -0.14126 0.93961 0.31174
vn -0.12054 0.93961 0.32032
vn -0.12054 0.93961 0.32032
vn -0.12054 0.93961 0.32032
vn -0.09936 0.93961 0.32751
vn -0.09936 0.93961 0.32751
vn -0.09936 0.93961 0.32751
vn -0.07770 0.93961 0.33331
vn -0.07770 0.93961 0.33331
vn -0.07770 0.93961 0.33331
vn -0.05576 0.93961 0.33767
vn -0.05576 0.93961 0.33767
vn -0.05576 0.93961 0.33767
vn -0.03353 0.93961 0.34060
vn -0.03352 0.93961 0.34060
vn -0.03353 0.93961 0.34059
vn 0.00000 1.00000 -0.00001
vn 0.00000 1.00000 -0.00000
vn 0.00000 1.00000 -0.00001
vn -0.00000 1.00000 -0.00001
vn -0.00000 1.00000 -0.00000
vn -0.00000 1.00000 -0.00001
vn -0.00000 1.00000 -0.00000
vn -0.00000 1.00000 -0.00000
vn -0.00000 1.00000 -0.00000
vn -0.00000 1.00000 -0.00000
vn -0.00000 1.00000 -0.00000
vn -0.00000 1.00000 -0.00000
vn -0.00000 1.00000 -0.00000
vn -0.00000 1.00000 -0.00000
vn -0.00000 1.00000 -0.00000
vn -0.00000 1.00000 -0.00000
vn -0.00000 1.00000 -0.00000
vn -0.00000 1.00000 -0.00000
vn -0.00000 1.00000 -0.00000
vn -0.00000 1.00000 -0.00000
vn -0.00000 1.00000 -0.00000
vn -0.00000 1.00000 -0.00000
vn -0.00000 1.00000 -0.00000
vn -0.00000 1.00000 -0.00000
vn -0.00000 1.00000 -0.00000
vn -0.00000 1.00000 -0.00000
vn -0.00000 1.00000 -0.00000
vn -0.00001 1.00000 -0.00000
vn -0.00001 1.00000 -0.00000
vn -0.00000 1.00000 -0.00000
vn -0.00001 1.00000 -0.00000
vn -0.00001 1.00000 -0.00000
vn -0.00001 1.00000 -0.00000
vn -0.00001 1.00000 -0.00000
vn -0.00001 1.00000 -0.00000
vn -0.00001 1.00000 -0.00000
vn -0.00001 1.00000 -0.00000
vn -0.00001 1.00000 -0.00000
vn -0.00001 1.00000 -0.00000
vn -0.00001 1.00000 0.00000
vn -0.00001 1.00000 0.00000
vn -0.00001 1.00000 -0.00000
vn -0.00001 1.00000 0.00000
vn -0.00001 1.00000 0.00000
vn -0.00001 1.00000 0.00000
vn -0.00001 1.00000 0.00000
vn -0.00001 1.00000 0.00000
vn -0.00001 1.00000 0.00000
vn -0.00001 1.00000 0.00000
vn -0.00001 1.00000 0.00000
vn -0.00001 1.00000 0.00000
vn -0.00001 1.00000 0.00000
vn -0.00001 1.00000 0.00000
vn -0.00001 1.00000 0.00000
vn -0.00001 1.00000 0.00000
vn -0.00001 1.00000 0.00000
vn -0.00001 1.00000 0.00000
vn -0.00001 1.00000 0.00000
vn -0.00001 1.00000 0.00000
vn -0.00001 1.00000 0.00000
vn -0.00001 1.00000 0.00000
vn -0.00001 1.00000 0.00000
vn -0.00001 1.00000 0.00000
vn -0.00001 1.00000 0.00000
vn -0.00001 1.00000 0.00001
vn -0.00000 1.00000 0.00000
vn -0.00000 1.00000 0.00001
vn -0.00000 1.00000 0.00001
vn -0.00000 1.00000 0.00000
vn -0.00000 1.00000 0.00001
vn -0.00000 1.00000 0.00001
vn -0.00000 1.00000 0.00001
vn -0.00000 1.00000 0.00001
vn -0.00000 1.00000 0.00001
vn -0.00000 1.00000 0.00001
vn -0.00000 1.00000 0.00001
vn -0.00000 1.00000 0.00001
vn -0.00000 1.00000 0.00001
vn -0.00000 1.00000 0.00001
vn -0.00000 1.00000 0.00001
vn -0.00000 1.00000 0.00001
vn -0.00000 1.00000 0.00001
vn -0.00000 1.00000 0.00001
vn -0.00000 1.00000 0.00001
vn -0.00000 1.00000 0.00001
vn -0.00000 1.00000 0.00001
vn -0.00000 1.00000 0.00001
vn -0.00000 1.00000 0.00001
vn -0.00000 1.00000 0.00001
vn -0.00000 1.00000 0.00001
vn -0.00000 1.00000 0.00001
vn -0.00000 1.00000 0.00001
vn -0.00000 1.00000 0.00001
vn -0.00000 1.00000 0.00001
vn -0.00000 1.00000 0.00001
vn -0.00000 1.00000 0.00001
vn -0.00000 1.00000 0.00001
vn -0.00000 1.00000 0.00001
vn 0.00000 1.00000 0.00001
vn 0.00000 1.00000 0.00001
vn 0.00000 1.00000 0.00001
vn 0.00000 1.00000 0.00001
vn 0.00000 1.00000 0.00001
vn 0.00000 1.00000 0.00001
vn 0.00000 1.00000 0.00001
vn 0.00000 1.00000 0.00001
vn 0.00000 1.00000 0.00001
vn 0.00000 1.00000 0.00001
vn 0.00000 1.00000 0.00000
vn 0.00000 1.00000 0.00001
vn 0.00000 1.00000 0.00000
vn 0.00000 1.00000 0.00000
vn 0.00000 1.00000 0.00000
vn 0.00000 1.00000 0.00000
vn 0.00000 1.00000 0.00000
vn 0.00000 1.00000 0.00000
vn 0.00000 1.00000 0.00000
vn 0.00000 1.00000 0.00000
vn 0.00000 1.00000 0.00000
vn 0.00000 1.00000 0.00000
vn 0.00000 1.00000 0.00000
vn 0.00000 1.00000 0.00000
vn 0.00000 1.00000 0.00000
vn 0.00000 1.00000 0.00000
vn 0.00000 1.00000 0.00000
vn 0.00000 1.00000 0.00000
vn -0.00012 1.00000 -0.00006
vn -0.00013 1.00000 -0.00006
vn -0.00012 1.00000 -0.00005
vn -0.00037 1.00000 -0.00015
vn -0.00038 1.00000 -0.00016
vn -0.00036 1.00000 -0.00014
vn -0.00036 1.00000 -0.00013
vn -0.00037 1.00000 -0.00014
vn -0.00035 1.00000 -0.00012
vn -0.00012 1.00000 -0.00006
vn -0.00012 1.00000 -0.00006
vn -0.00012 1.00000 -0.00006
vn 0.00001 1.00000 -0.00003
vn 0.00001 1.00000 -0.00003
vn 0.00001 1.00000 -0.00003
vn 0.00000 1.00000 -0.00003
vn 0.00000 1.00000 -0.00003
vn 0.00000 1.00000 -0.00003
vn 0.00000 1.00000 -0.00003
vn 0.00000 1.00000 -0.00003
vn 0.00000 1.00000 -0.00003
vn -0.00000 1.00000 -0.00003
vn -0.00000 1.00000 -0.00003
vn -0.00000 1.00000 -0.00003
vn -0.00000 1.00000 -0.00003
vn -0.00000 1.00000 -0.00003
vn -0.00000 1.00000 -0.00003
vn -0.00001 1.00000 -0.00003
vn -0.00001 1.00000 -0.00003
vn -0.00001 1.00000 -0.00003
vn 0.00012 1.00000 -0.00006
vn 0.00013 1.00000 -0.00006
vn 0.00012 1.00000 -0.00006
vn 0.00036 1.00000 -0.00013
vn 0.00037 1.00000 -0.00013
vn 0.00035 1.00000 -0.00013
vn 0.00037 1.00000 -0.00015
vn 0.00038 1.00000 -0.00014
vn 0.00036 1.00000 -0.00015
vn 0.00012 1.00000 -0.00006
vn 0.00013 1.00000 -0.00005
vn 0.00012 1.00000 -0.00006
vn -0.00000 1.00000 0.00000
vn -0.00000 1.00000 0.00000
vn -0.00000 1.00000 0.00000
vn -0.00000 1.00000 0.00000
vn -0.00000 1.00000 0.00000
vn -0.00000 1.00000 0.00000
vn -0.00000 1.00000 0.00000
vn -0.00000 1.00000 0.00000
vn -0.00000 1.00000 0.00000
vn -0.00000 1.00000 0.00000
vn -0.00000 1.00000 0.00000
vn -0.00000 1.00000 0.00000
vn -0.00000 1.00000 0.00000
vn -0.00000 1.00000 0.00000
vn -0.00000 1.00000 0.00000
vn -0.00000 1.00000 0.00000
vn -0.00000 1.00000 0.00001
vn -0.00000 1.00000 0.00000
vn -0.00000 1.00000 0.00001
vn -0.00000 1.00000 0.00001
vn -0.00000 1.00000 0.00001
vn -0.00000 1.00000 0.00001
vn -0.00000 1.00000 0.00001
vn -0.00000 1.00000 0.00001
vn -0.00000 1.00000 0.00001
vn -0.00000 1.00000 0.00001
vn -0.00000 1.00000 0.00001
vn -0.00000 1.00000 0.00001
vn -0.00000 1.00000 0.00001
vn 0.00000 1.00000 0.00001
vn 0.00000 1.00000 0.00001
vn -0.00000 1.00000 0.00001
vn 0.00000 1.00000 0.00001
vn 0.00000 1.00000 0.00001
vn 0.00000 1.00000 0.00001
vn 0.00000 1.00000 0.00001
vn 0.00000 1.00000 0.00001
vn 0.00000 1.00000 0.00001
vn 0.00000 1.00000 0.00001
vn 0.00000 1.00000 0.00001
vn 0.00000 1.00000 0.00001
vn 0.00000 1.00000 0.00001
vn 0.00000 1.00000 0.00001
vn 0.00000 1.00000 0.00001
vn 0.00000 1.00000 0.00001
vn 0.00000 1.00000 0.00001
vn 0.00000 1.00000 0.00001
vn 0.00000 1.00000 0.00001
vn 0.00000 1.00000 0.00001
vn 0.00000 1.00000 0.00001
vn 0.00000 1.00000 0.00001
vn 0.00000 1.00000 0.00001
vn 0.00000 1.00000 0.00001
vn 0.00000 1.00000 0.00001
vn 0.00000 1.00000 0.00001
vn 0.00000 1.00000 0.00001
vn 0.00000 1.00000 0.00001
vn 0.00000 1.00000 0.00001
vn 0.00000 1.00000 0.00001
vn 0.00000 1.00000 0.00000
vn 0.00001 1.00000 0.00000
vn 0.00000 1.00000 0.00001
vn 0.00001 1.00000 0.00000
vn 0.00001 1.00000 0.00000
vn 0.00001 1.00000 0.00000
vn 0.00001 1.00000 0.00000
vn 0.00001 1.00000 0.00000
vn 0.00001 1.00000 0.00000
vn 0.00001 1.00000 0.00000
vn 0.00001 1.00000 0.00000
vn 0.00001 1.00000 0.00000
vn 0.00001 1.00000 0.00000
vn 0.00001 1.00000 0.00000
vn 0.00001 1.00000 0.00000
vn 0.00001 1.00000 0.00000
vn 0.00001 1.00000 0.00000
vn 0.00001 1.00000 0.00000
vn 0.00001 1.00000 0.00000
vn 0.00001 1.00000 0.00000
vn 0.00001 1.00000 0.00000
vn 0.00001 1.00000 0.00000
vn 0.00001 1.00000 0.00000
vn 0.00001 1.00000 0.00000
vn 0.00001 1.00000 0.00000
vn 0.00001 1.00000 0.00000
vn 0.00001 1.00000 0.00000
vn 0.00001 1.00000 -0.00000
vn 0.00001 1.00000 -0.00000
vn 0.00001 1.00000 -0.00000
vn 0.00001 1.00000 -0.00000
vn 0.00001 1.00000 -0.00000
vn 0.00001 1.00000 -0.00000
vn 0.00001 1.00000 -0.00000
vn 0.00001 1.00000 -0.00000
vn 0.00001 1.00000 -0.00000
vn 0.00001 1.00000 -0.00000
vn 0.00001 1.00000 -0.00000
vn 0.00001 1.00000 -0.00000
vn 0.00000 1.00000 -0.00000
vn 0.00000 1.00000 -0.00000
vn 0.00000 1.00000 -0.00000
vn 0.00000 1.00000 -0.00000
vn 0.00000 1.00000 -0.00000
vn 0.00000 1.00000 -0.00000
vn 0.00000 1.00000 -0.00000
vn 0.00000 1.00000 -0.00000
vn 0.00000 1.00000 -0.00000
vn 0.00000 1.00000 -0.00000
vn 0.00000 1.00000 -0.00000
vn 0.00000 1.00000 -0.00000
vn 0.00000 1.00000 -0.00000
vn 0.00000 1.00000 -0.00000
vn 0.00000 1.00000 -0.00000
vn 0.00000 1.00000 -0.00000
vn 0.00000 1.00000 -0.00000
vn 0.00000 1.00000 -0.00000
vn 0.00000 1.00000 -0.00000
vn 0.00000 1.00000 -0.00000
vn 0.00000 1.00000 -0.00000
vn 0.00000 1.00000 -0.00000
vn 0.02239 0.93966 -0.34138
vn 0.02240 0.93966 -0.34138
vn 0.02239 0.93966 -0.34139
vn -0.02239 0.93966 -0.34138
vn -0.02240 0.93966 -0.34138
vn -0.02239 0.93966 -0.34139
vn -0.03347 0.93961 -0.34061
vn -0.03344 0.93961 -0.34061
vn -0.03350 0.93961 -0.34061
vn -0.05577 0.93961 -0.33768
vn -0.05577 0.93961 -0.33768
vn -0.05577 0.93961 -0.33768
vn -0.07771 0.93961 -0.33332
vn -0.07771 0.93961 -0.33332
vn -0.07771 0.93961 -0.33332
vn -0.09936 0.93961 -0.32752
vn -0.09936 0.93961 -0.32752
vn -0.09936 0.93961 -0.32752
vn -0.12055 0.93961 -0.32032
vn -0.12055 0.93961 -0.32032
vn -0.12055 0.93961 -0.32032
vn -0.14126 0.93961 -0.31174
vn -0.14126 0.93961 -0.31174
vn -0.14126 0.93961 -0.31174
vn -0.16133 0.93961 -0.30185
vn -0.16133 0.93961 -0.30185
vn -0.16133 0.93961 -0.30185
vn -0.18074 0.93961 -0.29064
vn -0.18074 0.93961 -0.29064
vn -0.18074 0.93961 -0.29064
vn -0.19935 0.93961 -0.27820
vn -0.19935 0.93961 -0.27820
vn -0.19935 0.93961 -0.27820
vn -0.21713 0.93961 -0.26456
vn -0.21714 0.93961 -0.26455
vn -0.21713 0.93961 -0.26456
vn -0.23395 0.93961 -0.24980
vn -0.23395 0.93961 -0.24980
vn -0.23395 0.93961 -0.24980
vn -0.24981 0.93961 -0.23395
vn -0.24981 0.93961 -0.23395
vn -0.24981 0.93961 -0.23395
vn -0.26456 0.93961 -0.21713
vn -0.26456 0.93961 -0.21713
vn -0.26456 0.93961 -0.21713
vn -0.27821 0.93961 -0.19934
vn -0.27821 0.93961 -0.19934
vn -0.27821 0.93961 -0.19934
vn -0.29063 0.93961 -0.18074
vn -0.29063 0.93961 -0.18074
vn -0.29063 0.93961 -0.18074
vn -0.30184 0.93961 -0.16132
vn -0.30184 0.93961 -0.16132
vn -0.30184 0.93961 -0.16132
vn -0.31174 0.93961 -0.14125
vn -0.31174 0.93961 -0.14125
vn -0.31174 0.93961 -0.14125
vn -0.32031 0.93961 -0.12054
vn -0.32031 0.93961 -0.12054
vn -0.32031 0.93961 -0.12054
vn -0.32750 0.93961 -0.09936
vn -0.32750 0.93961 -0.09935
vn -0.32750 0.93961 -0.09936
vn -0.33330 0.93961 -0.07770
vn -0.33331 0.93961 -0.07770
vn -0.33330 0.93961 -0.07770
vn -0.33767 0.93961 -0.05576
vn -0.33767 0.93961 -0.05576
vn -0.33767 0.93961 -0.05576
vn -0.34059 0.93961 -0.03353
vn -0.34059 0.93961 -0.03353
vn -0.34059 0.93961 -0.03353
vn -0.34205 0.93961 -0.01120
vn -0.34205 0.93961 -0.01120
vn -0.34205 0.93961 -0.01121
vn -0.34205 0.93961 0.01121
vn -0.34205 0.93961 0.01121
vn -0.34205 0.93961 0.01121
vn -0.34059 0.93961 0.03354
vn -0.34059 0.93961 0.03354
vn -0.34059 0.93961 0.03354
vn -0.33766 0.93961 0.05577
vn -0.33766 0.93961 0.05577
vn -0.33766 0.93961 0.05576
vn -0.33329 0.93962 0.07770
vn -0.33329 0.93962 0.07771
vn -0.33329 0.93962 0.07770
vn -0.32749 0.93962 0.09936
vn -0.32749 0.93962 0.09936
vn -0.32749 0.93962 0.09936
vn -0.32030 0.93962 0.12054
vn -0.32030 0.93962 0.12055
vn -0.32030 0.93962 0.12054
vn -0.31172 0.93962 0.14125
vn -0.31172 0.93962 0.14125
vn -0.31172 0.93962 0.14125
vn -0.30182 0.93962 0.16132
vn -0.30182 0.93962 0.16132
vn -0.30182 0.93962 0.16132
vn -0.29061 0.93962 0.18073
vn -0.29061 0.93962 0.18073
vn -0.29061 0.93962 0.18073
vn -0.27818 0.93962 0.19933
vn -0.27818 0.93962 0.19933
vn -0.27818 0.93962 0.19933
vn -0.26453 0.93962 0.21712
vn -0.26453 0.93962 0.21712
vn -0.26453 0.93962 0.21712
vn -0.24978 0.93962 0.23394
vn -0.24978 0.93962 0.23394
vn -0.24978 0.93962 0.23393
vn -0.23393 0.93962 0.24979
vn -0.23393 0.93962 0.24979
vn -0.23393 0.93962 0.24979
vn -0.21711 0.93962 0.26453
vn -0.21711 0.93962 0.26454
vn -0.21711 0.93962 0.26453
vn -0.19932 0.93962 0.27818
vn -0.19932 0.93962 0.27818
vn -0.19932 0.93962 0.27818
vn -0.18072 0.93962 0.29061
vn -0.18072 0.93962 0.29061
vn -0.18072 0.93962 0.29061
vn -0.16131 0.93962 0.30182
vn -0.16131 0.93962 0.30181
vn -0.16131 0.93962 0.30182
vn -0.14056 0.93961 0.31204
vn -0.14057 0.93961 0.31203
vn -0.14055 0.93961 0.31205
vn -0.11879 0.93959 0.32103
vn -0.11882 0.93959 0.32102
vn -0.11876 0.93959 0.32105
vn -0.09804 0.93957 0.32803
vn -0.09807 0.93957 0.32802
vn -0.09802 0.93956 0.32804
vn -0.07746 0.93956 0.33349
vn -0.07747 0.93957 0.33349
vn -0.07746 0.93956 0.33349
vn -0.05576 0.93958 0.33777
vn -0.05576 0.93958 0.33777
vn -0.05577 0.93958 0.33776
vn -0.03346 0.93959 0.34067
vn -0.03343 0.93959 0.34068
vn -0.03350 0.93959 0.34065
vn -0.01811 0.93957 0.34188
vn -0.01912 0.93963 0.34165
vn -0.01711 0.93951 0.34210
vn 0.01811 0.93957 0.34188
vn 0.01912 0.93963 0.34165
vn 0.01711 0.93951 0.34210
vn 0.03346 0.93959 0.34066
vn 0.03343 0.93959 0.34066
vn 0.03350 0.93959 0.34067
vn 0.05576 0.93958 0.33777
vn 0.05576 0.93958 0.33776
vn 0.05577 0.93958 0.33777
vn 0.07746 0.93956 0.33349
vn 0.07747 0.93956 0.33349
vn 0.07746 0.93957 0.33349
vn 0.09804 0.93957 0.32803
vn 0.09807 0.93956 0.32803
vn 0.09802 0.93957 0.32803
vn 0.11879 0.93959 0.32104
vn 0.11882 0.93958 0.32103
vn 0.11875 0.93959 0.32104
vn 0.14056 0.93961 0.31204
vn 0.14058 0.93961 0.31204
vn 0.14055 0.93961 0.31205
vn 0.16131 0.93962 0.30182
vn 0.16132 0.93962 0.30181
vn 0.16131 0.93962 0.30182
vn 0.18072 0.93962 0.29061
vn 0.18072 0.93962 0.29061
vn 0.18072 0.93962 0.29061
vn 0.19932 0.93962 0.27818
vn 0.19932 0.93962 0.27818
vn 0.19932 0.93962 0.27818
vn 0.21711 0.93962 0.26453
vn 0.21711 0.93962 0.26453
vn 0.21711 0.93962 0.26453
vn 0.23393 0.93962 0.24979
vn 0.23393 0.93962 0.24979
vn 0.23393 0.93962 0.24979
vn 0.24978 0.93962 0.23394
vn 0.24978 0.93962 0.23394
vn 0.24978 0.93962 0.23393
vn 0.26453 0.93962 0.21712
vn 0.26453 0.93962 0.21712
vn 0.26453 0.93962 0.21712
vn 0.27818 0.93962 0.19933
vn 0.27818 0.93962 0.19933
vn 0.27818 0.93962 0.19933
vn 0.29061 0.93962 0.18073
vn 0.29061 0.93962 0.18073
vn 0.29061 0.93962 0.18073
vn 0.30182 0.93962 0.16132
vn 0.30182 0.93962 0.16132
vn 0.30182 0.93962 0.16132
vn 0.31172 0.93962 0.14125
vn 0.31172 0.93962 0.14126
vn 0.31172 0.93962 0.14125
vn 0.32030 0.93962 0.12054
vn 0.32030 0.93962 0.12054
vn 0.32030 0.93962 0.12054
vn 0.32749 0.93962 0.09936
vn 0.32749 0.93962 0.09936
vn 0.32749 0.93962 0.09936
vn 0.33329 0.93962 0.07771
vn 0.33329 0.93962 0.07771
vn 0.33329 0.93962 0.07770
vn 0.33766 0.93961 0.05577
vn 0.33766 0.93961 0.05577
vn 0.33766 0.93961 0.05576
vn 0.34059 0.93961 0.03354
vn 0.34059 0.93961 0.03354
vn 0.34059 0.93961 0.03354
vn 0.34205 0.93961 0.01121
vn 0.34205 0.93961 0.01121
vn 0.34205 0.93961 0.01121
vn 0.34205 0.93961 -0.01120
vn 0.34205 0.93961 -0.01120
vn 0.34205 0.93961 -0.01121
vn 0.34059 0.93961 -0.03353
vn 0.34059 0.93961 -0.03353
vn 0.34059 0.93961 -0.03353
vn 0.33767 0.93961 -0.05576
vn 0.33767 0.93961 -0.05576
vn 0.33767 0.93961 -0.05576
vn 0.33330 0.93961 -0.07770
vn 0.33330 0.93961 -0.07770
vn 0.33330 0.93961 -0.07770
vn 0.32750 0.93961 -0.09936
vn 0.32750 0.93961 -0.09935
vn 0.32750 0.93961 -0.09936
vn 0.32031 0.93961 -0.12054
vn 0.32031 0.93961 -0.12054
vn 0.32031 0.93961 -0.12054
vn 0.31174 0.93961 -0.14125
vn 0.31174 0.93961 -0.14125
vn 0.31174 0.93961 -0.14125
vn 0.30184 0.93961 -0.16132
vn 0.30184 0.93961 -0.16132
vn 0.30184 0.93961 -0.16132
vn 0.29063 0.93961 -0.18074
vn 0.29063 0.93961 -0.18074
vn 0.29063 0.93961 -0.18074
vn 0.27821 0.93961 -0.19934
vn 0.27821 0.93961 -0.19934
vn 0.27821 0.93961 -0.19934
vn 0.26456 0.93961 -0.21713
vn 0.26456 0.93961 -0.21713
vn 0.26456 0.93961 -0.21713
vn 0.24981 0.93961 -0.23395
vn 0.24981 0.93961 -0.23395
vn 0.24981 0.93961 -0.23395
vn 0.23395 0.93961 -0.24980
vn 0.23395 0.93961 -0.24980
vn 0.23395 0.93961 -0.24980
vn 0.21713 0.93961 -0.26456
vn 0.21714 0.93961 -0.26455
vn 0.21713 0.93961 -0.26456
vn 0.19935 0.93961 -0.27820
vn 0.19935 0.93961 -0.27820
vn 0.19935 0.93961 -0.27820
vn 0.18075 0.93961 -0.29064
vn 0.18074 0.93961 -0.29064
vn 0.18075 0.93961 -0.29064
vn 0.16133 0.93961 -0.30185
vn 0.16133 0.93961 -0.30185
vn 0.16133 0.93961 -0.30185
vn 0.14126 0.93961 -0.31174
vn 0.14126 0.93961 -0.31174
vn 0.14126 0.93961 -0.31174
vn 0.12055 0.93961 -0.32032
vn 0.12055 0.93961 -0.32032
vn 0.12055 0.93961 -0.32032
vn 0.09936 0.93961 -0.32752
vn 0.09936 0.93961 -0.32751
vn 0.09936 0.93961 -0.32752
vn 0.07771 0.93961 -0.33332
vn 0.07771 0.93961 -0.33332
vn 0.07771 0.93961 -0.33332
vn 0.05577 0.93961 -0.33768
vn 0.05577 0.93961 -0.33768
vn 0.05577 0.93961 -0.33768
vn 0.03347 0.93961 -0.34061
vn 0.03344 0.93961 -0.34062
vn 0.03350 0.93961 -0.34060
vn 0.00000 1.00000 -0.00001
vn 0.00000 1.00000 -0.00001
vn 0.00000 1.00000 -0.00001
vn -0.00000 1.00000 -0.00001
vn -0.00000 1.00000 -0.00001
vn -0.00000 1.00000 -0.00001
vn -0.00000 1.00000 -0.00001
vn -0.00000 1.00000 -0.00001
vn -0.00000 1.00000 -0.00001
vn -0.00000 1.00000 -0.00000
vn -0.00000 1.00000 -0.00000
vn -0.00000 1.00000 -0.00000
vn -0.00000 1.00000 -0.00000
vn -0.00000 1.00000 -0.00000
vn -0.00000 1.00000 -0.00000
vn -0.00000 1.00000 -0.00000
vn -0.00000 1.00000 -0.00000
vn -0.00000 1.00000 -0.00000
vn -0.00000 1.00000 -0.00000
vn -0.00000 1.00000 -0.00000
vn -0.00000 1.00000 -0.00000
vn -0.00000 1.00000 -0.00000
vn -0.00000 1.00000 -0.00000
vn -0.00000 1.00000 -0.00000
vn -0.00001 1.00000 -0.00000
vn -0.00001 1.00000 -0.00000
vn -0.00000 1.00000 -0.00000
vn -0.00001 1.00000 -0.00000
vn -0.00001 1.00000 -0.00000
vn -0.00001 1.00000 -0.00000
vn -0.00001 1.00000 -0.00000
vn -0.00001 1.00000 -0.00000
vn -0.00001 1.00000 -0.00000
vn -0.00001 1.00000 -0.00000
vn -0.00001 1.00000 -0.00000
vn -0.00001 1.00000 -0.00000
vn -0.00001 1.00000 -0.00000
vn -0.00001 1.00000 -0.00000
vn -0.00001 1.00000 -0.00000
vn -0.00001 1.00000 0.00000
vn -0.00001 1.00000 0.00000
vn -0.00001 1.00000 0.00000
vn -0.00001 1.00000 0.00000
vn -0.00001 1.00000 0.00000
vn -0.00001 1.00000 0.00000
vn -0.00001 1.00000 0.00000
vn -0.00001 1.00000 0.00000
vn -0.00001 1.00000 0.00000
vn -0.00001 1.00000 0.00000
vn -0.00001 1.00000 0.00000
vn -0.00001 1.00000 0.00000
vn -0.00001 1.00000 0.00000
vn -0.00001 1.00000 0.00000
vn -0.00001 1.00000 0.00000
vn -0.00001 1.00000 0.00000
vn -0.00001 1.00000 0.00000
vn -0.00001 1.00000 0.00000
vn -0.00001 1.00000 0.00000
vn -0.00001 1.00000 0.00000
vn -0.00001 1.00000 0.00000
vn -0.00001 1.00000 0.00000
vn -0.00001 1.00000 0.00001
vn -0.00001 1.00000 0.00000
vn -0.00001 1.00000 0.00001
vn -0.00001 1.00000 0.00001
vn -0.00001 1.00000 0.00001
vn -0.00000 1.00000 0.00001
vn -0.00001 1.00000 0.00001
vn -0.00000 1.00000 0.00001
vn -0.00000 1.00000 0.00001
vn -0.00000 1.00000 0.00001
vn -0.00000 1.00000 0.00001
vn -0.00000 1.00000 0.00001
vn -0.00000 1.00000 0.00001
vn -0.00000 1.00000 0.00001
vn -0.00000 1.00000 0.00001
vn -0.00000 1.00000 0.00001
vn -0.00000 1.00000 0.00001
vn -0.00000 1.00000 0.00001
vn -0.00000 1.00000 0.00001
vn -0.00000 1.00000 0.00001
vn -0.00000 1.00000 0.00001
vn -0.00000 1.00000 0.00001
vn -0.00000 1.00000 0.00001
vn -0.00000 1.00000 0.00001
vn -0.00000 1.00000 0.00001
vn -0.00000 1.00000 0.00001
vn -0.00000 1.00000 0.00001
vn -0.00000 1.00000 0.00001
vn -0.00000 1.00000 0.00001
vn -0.00000 1.00000 0.00001
vn -0.00000 1.00000 0.00001
vn -0.00000 1.00000 0.00001
vn -0.00000 1.00000 0.00001
vn -0.00000 1.00000 0.00001
vn -0.00000 1.00000 0.00001
vn 0.00000 1.00000 0.00001
vn 0.00000 1.00000 0.00001
vn 0.00000 1.00000 0.00001
vn 0.00000 1.00000 0.00001
vn 0.00000 1.00000 0.00001
vn 0.00000 1.00000 0.00001
vn 0.00000 1.00000 0.00001
vn 0.00000 1.00000 0.00001
vn 0.00000 1.00000 0.00001
vn 0.00000 1.00000 0.00001
vn 0.00000 1.00000 0.00001
vn 0.00000 1.00000 0.00001
vn 0.00000 1.00000 0.00001
vn 0.00000 1.00000 0.00001
vn 0.00000 1.00000 0.00001
vn 0.00000 1.00000 0.00001
vn 0.00000 1.00000 0.00001
vn 0.00000 1.00000 0.00000
vn 0.00000 1.00000 0.00000
vn 0.00000 1.00000 0.00000
vn 0.00000 1.00000 0.00000
vn 0.00000 1.00000 0.00000
vn 0.00000 1.00000 0.00000
vn 0.00000 1.00000 0.00000
vn 0.00000 1.00000 0.00000
vn 0.00000 1.00000 0.00000
vn 0.00000 1.00000 0.00000
vn 0.00000 1.00000 0.00000
vn 0.00000 1.00000 0.00000
vn 0.00000 1.00000 0.00000
vn -0.00013 1.00000 -0.00006
vn -0.00014 1.00000 -0.00006
vn -0.00013 1.00000 -0.00006
vn -0.00039 1.00000 -0.00016
vn -0.00040 1.00000 -0.00017
vn -0.00038 1.00000 -0.00014
vn -0.00038 1.00000 -0.00014
vn -0.00039 1.00000 -0.00015
vn -0.00037 1.00000 -0.00013
vn -0.00013 1.00000 -0.00006
vn -0.00013 1.00000 -0.00006
vn -0.00013 1.00000 -0.00006
vn 0.00001 1.00000 -0.00003
vn 0.00001 1.00000 -0.00003
vn 0.00001 1.00000 -0.00003
vn 0.00000 1.00000 -0.00003
vn 0.00000 1.00000 -0.00003
vn 0.00000 1.00000 -0.00003
vn 0.00000 1.00000 -0.00003
vn 0.00000 1.00000 -0.00003
vn 0.00000 1.00000 -0.00003
vn -0.00000 1.00000 -0.00003
vn -0.00000 1.00000 -0.00003
vn -0.00000 1.00000 -0.00003
vn -0.00000 1.00000 -0.00003
vn -0.00000 1.00000 -0.00003
vn -0.00000 1.00000 -0.00003
vn -0.00001 1.00000 -0.00003
vn -0.00001 1.00000 -0.00003
vn -0.00001 1.00000 -0.00003
vn 0.00013 1.00000 -0.00006
vn 0.00013 1.00000 -0.00006
vn 0.00012 1.00000 -0.00006
vn 0.00038 1.00000 -0.00014
vn 0.00039 1.00000 -0.00013
vn 0.00037 1.00000 -0.00014
vn 0.00039 1.00000 -0.00016
vn 0.00041 1.00000 -0.00015
vn 0.00038 1.00000 -0.00016
vn 0.00013 1.00000 -0.00006
vn 0.00014 1.00000 -0.00006
vn 0.00013 1.00000 -0.00006
vn -0.00000 1.00000 0.00000
vn -0.00000 1.00000 0.00000
vn -0.00000 1.00000 0.00000
vn -0.00000 1.00000 0.00000
vn -0.00000 1.00000 0.00000
vn -0.00000 1.00000 0.00000
vn -0.00000 1.00000 0.00000
vn -0.00000 1.00000 0.00000
vn -0.00000 1.00000 0.00000
vn -0.00000 1.00000 0.00000
vn -0.00000 1.00000 0.00000
vn -0.00000 1.00000 0.00000
vn -0.00000 1.00000 0.00001
vn -0.00000 1.00000 0.00001
vn -0.00000 1.00000 0.00000
vn -0.00000 1.00000 0.00001
vn -0.00000 1.00000 0.00001
vn -0.00000 1.00000 0.00001
vn -0.00000 1.00000 0.00001
vn -0.00000 1.00000 0.00001
vn -0.00000 1.00000 0.00001
vn -0.00000 1.00000 0.00001
vn -0.00000 1.00000 0.00001
vn -0.00000 1.00000 0.00001
vn -0.00000 1.00000 0.00001
vn -0.00000 1.00000 0.00001
vn -0.00000 1.00000 0.00001
vn -0.00000 1.00000 0.00001
vn -0.00000 1.00000 0.00001
vn 0.00000 1.00000 0.00001
vn 0.00000 1.00000 0.00001
vn -0.00000 1.00000 0.00001
vn 0.00000 1.00000 0.00001
vn 0.00000 1.00000 0.00001
vn 0.00000 1.00000 0.00001
vn 0.00000 1.00000 0.00001
vn 0.00000 1.00000 0.00001
vn 0.00000 1.00000 0.00001
vn 0.00000 1.00000 0.00001
vn 0.00000 1.00000 0.00001
vn 0.00000 1.00000 0.00001
vn 0.00000 1.00000 0.00001
vn 0.00000 1.00000 0.00001
vn 0.00000 1.00000 0.00001
vn 0.00000 1.00000 0.00001
vn 0.00000 1.00000 0.00001
vn 0.00000 1.00000 0.00001
vn 0.00000 1.00000 0.00001
vn 0.00000 1.00000 0.00001
vn 0.00000 1.00000 0.00001
vn 0.00000 1.00000 0.00001
vn 0.00000 1.00000 0.00001
vn 0.00000 1.00000 0.00001
vn 0.00000 1.00000 0.00001
vn 0.00000 1.00000 0.00001
vn 0.00000 1.00000 0.00001
vn 0.00000 1.00000 0.00001
vn 0.00000 1.00000 0.00001
vn 0.00000 1.00000 0.00001
vn 0.00001 1.00000 0.00001
vn 0.00001 1.00000 0.00001
vn 0.00001 1.00000 0.00001
vn 0.00001 1.00000 0.00001
vn 0.00001 1.00000 0.00000
vn 0.00001 1.00000 0.00001
vn 0.00001 1.00000 0.00000
vn 0.00001 1.00000 0.00000
vn 0.00001 1.00000 0.00001
vn 0.00001 1.00000 0.00000
vn 0.00001 1.00000 0.00000
vn 0.00001 1.00000 0.00000
vn 0.00001 1.00000 0.00000
vn 0.00001 1.00000 0.00000
vn 0.00001 1.00000 0.00000
vn 0.00001 1.00000 0.00000
vn 0.00001 1.00000 0.00000
vn 0.00001 1.00000 0.00000
vn 0.00001 1.00000 0.00000
vn 0.00001 1.00000 0.00000
vn 0.00001 1.00000 0.00000
vn 0.00001 1.00000 0.00000
vn 0.00001 1.00000 0.00000
vn 0.00001 1.00000 0.00000
vn 0.00001 1.00000 0.00000
vn 0.00001 1.00000 0.00000
vn 0.00001 1.00000 0.00000
vn 0.00001 1.00000 -0.00000
vn 0.00001 1.00000 -0.00000
vn 0.00001 1.00000 0.00000
vn 0.00001 1.00000 -0.00000
vn 0.00001 1.00000 -0.00000
vn 0.00001 1.00000 -0.00000
vn 0.00001 1.00000 -0.00000
vn 0.00001 1.00000 -0.00000
vn 0.00001 1.00000 -0.00000
vn 0.00001 1.00000 -0.00000
vn 0.00001 1.00000 -0.00000
vn 0.00001 1.00000 -0.00000
vn 0.00001 1.00000 -0.00000
vn 0.00001 1.00000 -0.00000
vn 0.00001 1.00000 -0.00000
vn 0.00000 1.00000 -0.00000
vn 0.00000 1.00000 -0.00000
vn 0.00000 1.00000 -0.00000
vn 0.00000 1.00000 -0.00000
vn 0.00000 1.00000 -0.00000
vn 0.00000 1.00000 -0.00000
vn 0.00000 1.00000 -0.00000
vn 0.00000 1.00000 -0.00000
vn 0.00000 1.00000 -0.00000
vn 0.00000 1.00000 -0.00000
vn 0.00000 1.00000 -0.00000
vn 0.00000 1.00000 -0.00000
vn 0.00000 1.00000 -0.00000
vn 0.00000 1.00000 -0.00000
vn 0.00000 1.00000 -0.00000
vn 0.00000 1.00000 -0.00000
vn 0.00000 1.00000 -0.00001
vn 0.00000 1.00000 -0.00001
vn 0.00000 1.00000 -0.00001
vn -0.02238 0.93966 0.34138
vn -0.02238 0.93966 0.34137
vn -0.02238 0.93966 0.34138
vn 0.02238 0.93966 0.34138
vn 0.02238 0.93966 0.34137
vn 0.02238 0.93966 0.34138
vn 0.03351 0.93961 0.34060
vn 0.03350 0.93961 0.34059
vn 0.03353 0.93961 0.34060
vn 0.05576 0.93961 0.33768
vn 0.05576 0.93961 0.33768
vn 0.05576 0.93961 0.33768
vn 0.07770 0.93961 0.33331
vn 0.07771 0.93961 0.33331
vn 0.07770 0.93961 0.33331
vn 0.09936 0.93961 0.32751
vn 0.09936 0.93961 0.32751
vn 0.09936 0.93961 0.32751
vn 0.12054 0.93961 0.32032
vn 0.12054 0.93961 0.32032
vn 0.12054 0.93961 0.32032
vn 0.14126 0.93961 0.31174
vn 0.14126 0.93961 0.31174
vn 0.14126 0.93961 0.31174
vn 0.16132 0.93961 0.30184
vn 0.16132 0.93961 0.30184
vn 0.16132 0.93961 0.30184
vn 0.18074 0.93961 0.29063
vn 0.18074 0.93961 0.29063
vn 0.18074 0.93961 0.29063
vn 0.19934 0.93961 0.27820
vn 0.19934 0.93961 0.27820
vn 0.19934 0.93961 0.27820
vn 0.21712 0.93961 0.26455
vn 0.21712 0.93961 0.26455
vn 0.21713 0.93961 0.26455
vn 0.23395 0.93961 0.24980
vn 0.23395 0.93961 0.24980
vn 0.23395 0.93961 0.24980
vn 0.24980 0.93961 0.23395
vn 0.24980 0.93961 0.23395
vn 0.24980 0.93961 0.23395
vn 0.26455 0.93961 0.21713
vn 0.26455 0.93961 0.21713
vn 0.26455 0.93961 0.21713
vn 0.27820 0.93961 0.19934
vn 0.27820 0.93961 0.19934
vn 0.29062 0.93961 0.18074
vn 0.29062 0.93961 0.18074
vn 0.29062 0.93961 0.18074
vn 0.30183 0.93961 0.16132
vn 0.30183 0.93961 0.16132
vn 0.30183 0.93961 0.16132
vn 0.31173 0.93961 0.14126
vn 0.31173 0.93961 0.14126
vn 0.31173 0.93961 0.14126
vn 0.32030 0.93961 0.12054
vn 0.32030 0.93961 0.12055
vn 0.32031 0.93961 0.12054
vn 0.32750 0.93961 0.09936
vn 0.32749 0.93961 0.09936
vn 0.32750 0.93961 0.09936
vn 0.33330 0.93961 0.07771
vn 0.33330 0.93961 0.07770
vn 0.33330 0.93961 0.07771
vn 0.33766 0.93961 0.05576
vn 0.33766 0.93962 0.05576
vn 0.33766 0.93961 0.05576
vn 0.34059 0.93962 0.03354
vn 0.34059 0.93962 0.03354
vn 0.34059 0.93962 0.03354
vn 0.34205 0.93962 0.01121
vn 0.34205 0.93962 0.01121
vn 0.34205 0.93962 0.01121
vn 0.34205 0.93962 -0.01121
vn 0.34205 0.93962 -0.01121
vn 0.34205 0.93962 -0.01121
vn 0.34058 0.93962 -0.03353
vn 0.34058 0.93962 -0.03353
vn 0.34058 0.93962 -0.03353
vn 0.33766 0.93962 -0.05576
vn 0.33766 0.93962 -0.05576
vn 0.33766 0.93962 -0.05576
vn 0.33329 0.93962 -0.07770
vn 0.33329 0.93962 -0.07770
vn 0.33329 0.93962 -0.07770
vn 0.32749 0.93962 -0.09935
vn 0.32749 0.93962 -0.09935
vn 0.32749 0.93962 -0.09935
vn 0.32030 0.93962 -0.12053
vn 0.32030 0.93962 -0.12053
vn 0.32030 0.93962 -0.12054
vn 0.31172 0.93962 -0.14125
vn 0.31172 0.93962 -0.14125
vn 0.31172 0.93962 -0.14125
vn 0.30182 0.93962 -0.16131
vn 0.30182 0.93962 -0.16131
vn 0.30182 0.93962 -0.16131
vn 0.29061 0.93962 -0.18072
vn 0.29061 0.93962 -0.18072
vn 0.29061 0.93962 -0.18072
vn 0.27818 0.93962 -0.19932
vn 0.27818 0.93962 -0.19932
vn 0.27818 0.93962 -0.19932
vn 0.26453 0.93962 -0.21711
vn 0.26453 0.93962 -0.21711
vn 0.26453 0.93962 -0.21711
vn 0.24978 0.93962 -0.23393
vn 0.24978 0.93962 -0.23393
vn 0.24978 0.93962 -0.23393
vn 0.23393 0.93962 -0.24978
vn 0.23393 0.93962 -0.24978
vn 0.23393 0.93962 -0.24978
vn 0.21711 0.93962 -0.26453
vn 0.21711 0.93962 -0.26453
vn 0.21711 0.93962 -0.26453
vn 0.19932 0.93962 -0.27818
vn 0.19932 0.93962 -0.27818
vn 0.19932 0.93962 -0.27818
vn 0.18073 0.93962 -0.29060
vn 0.18073 0.93962 -0.29060
vn 0.18072 0.93962 -0.29060
vn 0.16131 0.93962 -0.30181
vn 0.16131 0.93962 -0.30181
vn 0.16131 0.93962 -0.30181
vn 0.14035 0.93961 -0.31214
vn 0.14035 0.93961 -0.31214
vn 0.14035 0.93961 -0.31214
vn 0.11816 0.93958 -0.32128
vn 0.11816 0.93958 -0.32129
vn 0.11817 0.93958 -0.32128
vn 0.09743 0.93955 -0.32825
vn 0.09743 0.93955 -0.32825
vn 0.09744 0.93955 -0.32825
vn 0.07726 0.93955 -0.33359
vn 0.07726 0.93955 -0.33359
vn 0.07727 0.93955 -0.33359
vn 0.05578 0.93956 -0.33782
vn 0.05578 0.93956 -0.33782
vn 0.05578 0.93956 -0.33781
vn 0.03352 0.93957 -0.34071
vn 0.03350 0.93957 -0.34072
vn 0.03354 0.93957 -0.34070
vn 0.01664 0.93955 -0.34200
vn 0.01709 0.93961 -0.34183
vn 0.01619 0.93950 -0.34216
vn -0.01664 0.93955 -0.34200
vn -0.01709 0.93961 -0.34183
vn -0.01619 0.93950 -0.34216
vn -0.03352 0.93957 -0.34071
vn -0.03350 0.93957 -0.34071
vn -0.03354 0.93957 -0.34072
vn -0.05578 0.93956 -0.33782
vn -0.05578 0.93956 -0.33782
vn -0.05578 0.93956 -0.33782
vn -0.07726 0.93955 -0.33359
vn -0.07726 0.93955 -0.33359
vn -0.07727 0.93955 -0.33359
vn -0.09743 0.93955 -0.32825
vn -0.09743 0.93955 -0.32825
vn -0.09744 0.93955 -0.32825
vn -0.11816 0.93958 -0.32128
vn -0.11816 0.93958 -0.32128
vn -0.11817 0.93958 -0.32128
vn -0.14035 0.93961 -0.31214
vn -0.14035 0.93961 -0.31214
vn -0.14035 0.93961 -0.31214
vn -0.16131 0.93962 -0.30181
vn -0.16131 0.93962 -0.30181
vn -0.16131 0.93962 -0.30181
vn -0.18073 0.93962 -0.29060
vn -0.18073 0.93962 -0.29060
vn -0.18072 0.93962 -0.29060
vn -0.19932 0.93962 -0.27818
vn -0.19932 0.93962 -0.27818
vn -0.19932 0.93962 -0.27818
vn -0.21711 0.93962 -0.26453
vn -0.21711 0.93962 -0.26453
vn -0.21711 0.93962 -0.26453
vn -0.23393 0.93962 -0.24978
vn -0.23393 0.93962 -0.24978
vn -0.23393 0.93962 -0.24978
vn -0.24978 0.93962 -0.23393
vn -0.24978 0.93962 -0.23393
vn -0.24978 0.93962 -0.23393
vn -0.26453 0.93962 -0.21711
vn -0.26453 0.93962 -0.21711
vn -0.26453 0.93962 -0.21711
vn -0.27818 0.93962 -0.19932
vn -0.27818 0.93962 -0.19932
vn -0.27818 0.93962 -0.19932
vn -0.29061 0.93962 -0.18072
vn -0.29061 0.93962 -0.18072
vn -0.29061 0.93962 -0.18072
vn -0.30182 0.93962 -0.16131
vn -0.30182 0.93962 -0.16131
vn -0.30182 0.93962 -0.16131
vn -0.31172 0.93962 -0.14125
vn -0.31172 0.93962 -0.14125
vn -0.31171 0.93962 -0.14125
vn -0.32030 0.93962 -0.12053
vn -0.32030 0.93962 -0.12054
vn -0.32030 0.93962 -0.12053
vn -0.32749 0.93962 -0.09935
vn -0.32749 0.93962 -0.09935
vn -0.32749 0.93962 -0.09935
vn -0.33329 0.93962 -0.07770
vn -0.33329 0.93962 -0.07770
vn -0.33329 0.93962 -0.07770
vn -0.33766 0.93962 -0.05576
vn -0.33766 0.93962 -0.05576
vn -0.33766 0.93962 -0.05576
vn -0.34058 0.93962 -0.03353
vn -0.34058 0.93962 -0.03353
vn -0.34058 0.93962 -0.03353
vn -0.34205 0.93962 -0.01121
vn -0.34205 0.93962 -0.01121
vn -0.34205 0.93962 -0.01121
vn -0.34205 0.93962 0.01121
vn -0.34205 0.93962 0.01121
vn -0.34205 0.93962 0.01121
vn -0.34059 0.93962 0.03354
vn -0.34059 0.93962 0.03354
vn -0.34059 0.93962 0.03354
vn -0.33766 0.93961 0.05576
vn -0.33766 0.93961 0.05576
vn -0.33766 0.93962 0.05576
vn -0.33330 0.93961 0.07771
vn -0.33330 0.93961 0.07771
vn -0.33330 0.93961 0.07771
vn -0.32750 0.93961 0.09936
vn -0.32750 0.93961 0.09936
vn -0.32750 0.93961 0.09936
vn -0.32031 0.93961 0.12054
vn -0.32031 0.93961 0.12055
vn -0.32031 0.93961 0.12054
vn -0.31173 0.93961 0.14126
vn -0.31173 0.93961 0.14126
vn -0.31173 0.93961 0.14126
vn -0.30183 0.93961 0.16132
vn -0.30183 0.93961 0.16132
vn -0.30183 0.93961 0.16132
vn -0.29062 0.93961 0.18074
vn -0.29062 0.93961 0.18074
vn -0.29062 0.93961 0.18074
vn -0.27820 0.93961 0.19934
vn -0.27820 0.93961 0.19934
vn -0.27820 0.93961 0.19934
vn -0.26455 0.93961 0.21713
vn -0.26455 0.93961 0.21713
vn -0.26455 0.93961 0.21713
vn -0.24980 0.93961 0.23395
vn -0.24980 0.93961 0.23395
vn -0.24980 0.93961 0.23395
vn -0.23395 0.93961 0.24980
vn -0.23395 0.93961 0.24980
vn -0.23395 0.93961 0.24980
vn -0.21712 0.93961 0.26455
vn -0.21712 0.93961 0.26455
vn -0.21712 0.93961 0.26455
vn -0.19934 0.93961 0.27820
vn -0.19934 0.93961 0.27820
vn -0.19934 0.93961 0.27820
vn -0.18074 0.93961 0.29063
vn -0.18074 0.93961 0.29063
vn -0.18074 0.93961 0.29063
vn -0.16132 0.93961 0.30184
vn -0.16132 0.93961 0.30184
vn -0.16132 0.93961 0.30184
vn -0.14126 0.93961 0.31174
vn -0.14126 0.93961 0.31174
vn -0.14126 0.93961 0.31174
vn -0.12054 0.93961 0.32032
vn -0.12054 0.93961 0.32032
vn -0.12054 0.93961 0.32032
vn -0.09936 0.93961 0.32751
vn -0.09936 0.93961 0.32751
vn -0.09936 0.93961 0.32751
vn -0.07770 0.93961 0.33331
vn -0.07771 0.93961 0.33331
vn -0.07770 0.93961 0.33331
vn -0.05576 0.93961 0.33768
vn -0.05576 0.93961 0.33768
vn -0.05576 0.93961 0.33768
vn -0.03351 0.93961 0.34060
vn -0.03350 0.93961 0.34061
vn -0.03352 0.93961 0.34059
vn 0.00000 1.00000 0.00000
vn 0.00000 1.00000 0.00000
vn 0.00000 1.00000 0.00000
vn 0.00000 1.00000 0.00000
vn 0.00000 1.00000 0.00000
vn 0.00000 1.00000 0.00000
vn 0.00000 1.00000 0.00000
vn 0.00000 1.00000 0.00000
vn 0.00001 1.00000 0.00000
vn 0.00000 1.00000 0.00000
vn 0.00000 1.00000 0.00000
vn 0.00000 1.00000 0.00000
vn 0.00000 1.00000 0.00000
vn 0.00000 1.00000 0.00000
vn 0.00000 1.00000 0.00000
vn 0.00000 1.00000 0.00000
vn 0.00000 1.00000 0.00000
vn 0.00000 1.00000 0.00000
vn 0.00000 1.00000 0.00000
vn 0.00000 1.00000 0.00000
vn 0.00000 1.00000 0.00000
vn 0.00000 1.00000 0.00000
vn 0.00000 1.00000 0.00000
vn 0.00000 1.00000 0.00000
vn 0.00000 1.00000 0.00000
vn 0.00000 1.00000 0.00000
vn 0.00000 1.00000 -0.00001
vn 0.00000 1.00000 -0.00001
vn 0.00000 1.00000 -0.00001
vn -0.00000 1.00000 -0.00001
vn -0.00000 1.00000 -0.00001
vn -0.00000 1.00000 -0.00001
vn -0.00000 1.00000 -0.00000
vn -0.00000 1.00000 -0.00000
vn -0.00000 1.00000 -0.00000
vn -0.00000 1.00000 -0.00000
vn -0.00000 1.00000 -0.00000
vn -0.00000 1.00000 -0.00000
vn -0.00000 1.00000 -0.00000
vn -0.00000 1.00000 -0.00000
vn -0.00000 1.00000 -0.00000
vn -0.00000 1.00000 -0.00000
vn -0.00000 1.00000 -0.00000
vn -0.00000 1.00000 -0.00000
vn -0.00000 1.00000 -0.00000
vn -0.00000 1.00000 -0.00000
vn -0.00000 1.00000 -0.00000
vn -0.00000 1.00000 -0.00000
vn -0.00000 1.00000 -0.00000
vn -0.00000 1.00000 -0.00000
vn -0.00000 1.00000 -0.00000
vn -0.00000 1.00000 -0.00000
vn -0.00000 1.00000 -0.00000
vn -0.00000 1.00000 -0.00000
vn -0.00000 1.00000 -0.00000
vn -0.00000 1.00000 -0.00000
vn -0.00000 1.00000 -0.00000
vn -0.00000 1.00000 -0.00000
vn -0.00000 1.00000 -0.00000
vn -0.00000 1.00000 -0.00000
vn -0.00000 1.00000 -0.00000
vn -0.00000 1.00000 -0.00000
vn -0.00000 1.00000 -0.00000
vn -0.00000 1.00000 -0.00000
vn -0.00000 1.00000 -0.00000
vn -0.00000 1.00000 -0.00000
vn -0.00000 1.00000 -0.00000
vn -0.00000 1.00000 -0.00000
vn -0.00000 1.00000 -0.00000
vn -0.00000 1.00000 -0.00000
vn -0.00000 1.00000 -0.00000
vn -0.00000 1.00000 -0.00000
vn -0.00001 1.00000 -0.00000
vn -0.00000 1.00000 -0.00000
vn -0.00000 1.00000 -0.00000
vn -0.00001 1.00000 -0.00000
vn -0.00000 1.00000 -0.00000
vn -0.00000 1.00000 -0.00000
vn -0.00001 1.00000 0.00000
vn -0.00000 1.00000 -0.00000
vn -0.00000 1.00000 0.00000
vn -0.00001 1.00000 0.00000
vn -0.00000 1.00000 -0.00000
vn -0.00000 1.00000 0.00000
vn -0.00000 1.00000 0.00000
vn -0.00000 1.00000 0.00000
vn -0.00000 1.00000 0.00000
vn -0.00000 1.00000 0.00000
vn -0.00000 1.00000 0.00000
vn -0.00000 1.00000 0.00000
vn -0.00000 1.00000 0.00000
vn -0.00000 1.00000 0.00000
vn -0.00000 1.00000 0.00000
vn -0.00000 1.00000 0.00000
vn -0.00000 1.00000 0.00000
vn -0.00000 1.00000 0.00000
vn -0.00000 1.00000 0.00000
vn -0.00000 1.00000 0.00000
vn -0.00000 1.00000 0.00000
vn -0.00000 1.00000 0.00000
vn -0.00000 1.00000 0.00000
vn -0.00000 1.00000 0.00000
vn -0.00000 1.00000 0.00000
vn -0.00000 1.00000 0.00000
vn -0.00000 1.00000 0.00000
vn -0.00000 1.00000 0.00000
vn -0.00000 1.00000 0.00000
vn -0.00000 1.00000 0.00000
vn -0.00000 1.00000 0.00000
vn -0.00000 1.00000 0.00000
vn -0.00000 1.00000 0.00000
vn -0.00000 1.00000 0.00000
vn -0.00000 1.00000 0.00000
vn -0.00000 1.00000 0.00000
vn -0.00000 1.00000 0.00000
vn -0.00000 1.00000 0.00000
vn -0.00000 1.00000 0.00000
vn -0.00000 1.00000 0.00000
vn -0.00000 1.00000 0.00000
vn -0.00000 1.00000 0.00000
vn -0.00000 1.00000 0.00000
vn -0.00000 1.00000 0.00000
vn -0.00000 1.00000 0.00000
vn -0.00000 1.00000 0.00000
vn -0.00000 1.00000 0.00000
vn -0.00000 1.00000 0.00000
vn -0.00000 1.00000 0.00000
vn -0.00000 1.00000 0.00000
vn -0.00000 1.00000 0.00000
vn -0.00000 1.00000 0.00000
vn -0.00000 1.00000 0.00000
vn -0.00000 1.00000 0.00000
vn -0.00000 1.00000 0.00000
vn -0.00000 1.00000 0.00000
vn -0.00000 1.00000 0.00000
vn -0.00000 1.00000 0.00000
vn -0.00000 1.00000 0.00000
vn -0.00000 1.00000 0.00000
vn -0.00000 1.00000 0.00000
vn -0.00000 1.00000 0.00000
vn -0.00000 1.00000 0.00000
vn -0.00000 1.00000 0.00000
vn -0.00000 1.00000 0.00000
vn -0.00000 1.00000 0.00000
vn 0.00000 1.00000 0.00000
vn -0.00000 1.00000 0.00000
vn -0.00000 1.00000 0.00000
vn 0.00000 1.00000 0.00000
vn -0.00000 1.00000 0.00000
vn 0.00000 1.00000 0.00000
vn 0.00000 1.00000 0.00000
vn -0.00000 1.00000 0.00000
vn -0.00009 1.00000 -0.00004
vn -0.00010 1.00000 -0.00004
vn -0.00009 1.00000 -0.00004
vn -0.00028 1.00000 -0.00011
vn -0.00029 1.00000 -0.00012
vn -0.00027 1.00000 -0.00011
vn -0.00028 1.00000 -0.00011
vn -0.00029 1.00000 -0.00011
vn -0.00027 1.00000 -0.00010
vn -0.00009 1.00000 -0.00005
vn -0.00010 1.00000 -0.00005
vn -0.00009 1.00000 -0.00005
vn 0.00001 1.00000 -0.00003
vn 0.00001 1.00000 -0.00003
vn 0.00001 1.00000 -0.00003
vn 0.00000 1.00000 -0.00003
vn 0.00000 1.00000 -0.00003
vn 0.00000 1.00000 -0.00003
vn 0.00000 1.00000 -0.00003
vn 0.00000 1.00000 -0.00003
vn 0.00000 1.00000 -0.00003
vn -0.00000 1.00000 -0.00003
vn -0.00000 1.00000 -0.00003
vn -0.00000 1.00000 -0.00003
vn -0.00000 1.00000 -0.00003
vn -0.00000 1.00000 -0.00003
vn -0.00000 1.00000 -0.00003
vn -0.00001 1.00000 -0.00003
vn -0.00001 1.00000 -0.00003
vn -0.00001 1.00000 -0.00003
vn 0.00009 1.00000 -0.00005
vn 0.00010 1.00000 -0.00005
vn 0.00009 1.00000 -0.00005
vn 0.00028 1.00000 -0.00011
vn 0.00029 1.00000 -0.00011
vn 0.00027 1.00000 -0.00011
vn 0.00028 1.00000 -0.00011
vn 0.00029 1.00000 -0.00011
vn 0.00027 1.00000 -0.00011
vn 0.00009 1.00000 -0.00004
vn 0.00010 1.00000 -0.00004
vn 0.00009 1.00000 -0.00004
vn -0.00000 1.00000 0.00000
vn -0.00000 1.00000 0.00000
vn 0.00000 1.00000 0.00000
vn 0.00000 1.00000 0.00000
vn -0.00000 1.00000 0.00000
vn 0.00000 1.00000 0.00000
vn 0.00000 1.00000 0.00000
vn -0.00000 1.00000 0.00000
vn 0.00000 1.00000 0.00000
vn 0.00000 1.00000 0.00000
vn -0.00000 1.00000 0.00000
vn 0.00000 1.00000 0.00000
vn 0.00000 1.00000 0.00000
vn 0.00000 1.00000 0.00000
vn 0.00000 1.00000 0.00000
vn 0.00000 1.00000 0.00000
vn 0.00000 1.00000 0.00000
vn 0.00000 1.00000 0.00000
vn 0.00000 1.00000 0.00000
vn 0.00000 1.00000 0.00000
vn 0.00000 1.00000 0.00000
vn 0.00000 1.00000 0.00000
vn 0.00000 1.00000 0.00000
vn 0.00000 1.00000 0.00000
vn 0.00000 1.00000 0.00000
vn 0.00000 1.00000 0.00000
vn 0.00000 1.00000 0.00000
vn 0.00000 1.00000 0.00000
vn 0.00000 1.00000 0.00000
vn 0.00000 1.00000 0.00000
vn 0.00000 1.00000 0.00000
vn 0.00000 1.00000 0.00000
vn 0.00000 1.00000 0.00000
vn 0.00000 1.00000 0.00000
vn 0.00000 1.00000 0.00000
vn 0.00000 1.00000 -0.00000
vn 0.00000 1.00000 -0.00000
vn 0.00000 1.00000 0.00000
vn 0.00000 1.00000 -0.00000
vn 0.00000 1.00000 -0.00000
vn 0.00000 1.00000 -0.00000
vn 0.00000 1.00000 -0.00000
vn 0.00000 1.00000 -0.00000
vn 0.00000 1.00000 -0.00000
vn 0.00000 1.00000 -0.00000
vn 0.00000 1.00000 -0.00000
vn 0.00000 1.00000 -0.00000
vn 0.00000 1.00000 -0.00000
vn 0.00000 1.00000 -0.00000
vn 0.00000 1.00000 -0.00000
vn 0.00000 1.00000 -0.00000
vn 0.00000 1.00000 -0.00000
vn 0.00000 1.00000 -0.00000
vn 0.00000 1.00000 -0.00000
vn 0.00000 1.00000 -0.00000
vn 0.00000 1.00000 -0.00000
vn 0.00000 1.00000 -0.00000
vn 0.00000 1.00000 -0.00000
vn 0.00000 1.00000 -0.00000
vn 0.00000 1.00000 -0.00000
vn 0.00000 1.00000 -0.00000
vn 0.00000 1.00000 -0.00000
vn 0.00000 1.00000 -0.00000
vn 0.00000 1.00000 -0.00000
vn 0.00000 1.00000 -0.00000
vn 0.00000 1.00000 -0.00000
vn 0.00000 1.00000 -0.00000
vn 0.00000 1.00000 -0.00000
vn 0.00000 1.00000 -0.00000
vn 0.00000 1.00000 -0.00000
vn 0.00000 1.00000 -0.00000
vn 0.00000 1.00000 -0.00000
vn 0.00000 1.00000 -0.00000
vn 0.00000 1.00000 -0.00000
vn 0.00000 1.00000 -0.00000
vn 0.00000 1.00000 -0.00000
vn 0.00000 1.00000 -0.00000
vn 0.00000 1.00000 -0.00000
vn 0.00000 1.00000 -0.00000
vn 0.00000 1.00000 -0.00000
vn 0.00000 1.00000 -0.00000
vn 0.00000 1.00000 -0.00000
vn 0.00000 1.00000 -0.00000
vn 0.00000 1.00000 -0.00001
vn 0.00000 1.00000 -0.00001
vn 0.00000 1.00000 -0.00001
vn 0.00000 1.00000 -0.00001
vn -0.00000 1.00000 -0.00001
vn -0.00000 1.00000 -0.00001
vn -0.00000 1.00000 -0.00001
vn -0.00000 1.00000 -0.00000
vn -0.00000 1.00000 -0.00001
vn -0.00000 1.00000 -0.00000
vn -0.00000 1.00000 -0.00000
vn -0.00000 1.00000 -0.00000
vn -0.00000 1.00000 -0.00000
vn -0.00000 1.00000 -0.00000
vn -0.00000 1.00000 -0.00000
vn -0.00000 1.00000 -0.00000
vn -0.00000 1.00000 -0.00000
vn -0.00000 1.00000 -0.00000
vn -0.00000 1.00000 -0.00000
vn -0.00000 1.00000 -0.00000
vn -0.00000 1.00000 -0.00000
vn -0.00000 1.00000 -0.00000
vn -0.00000 1.00000 -0.00000
vn -0.00000 1.00000 -0.00000
vn -0.00000 1.00000 -0.00000
vn -0.00000 1.00000 -0.00000
vn -0.00000 1.00000 -0.00000
vn -0.00000 1.00000 -0.00000
vn -0.00000 1.00000 -0.00000
vn -0.00000 1.00000 -0.00000
vn -0.00000 1.00000 -0.00000
vn -0.00000 1.00000 -0.00000
vn -0.00000 1.00000 -0.00000
vn -0.00000 1.00000 -0.00000
vn -0.00000 1.00000 -0.00000
vn -0.00000 1.00000 -0.00000
vn -0.00000 1.00000 -0.00000
vn -0.00000 1.00000 -0.00000
vn -0.00000 1.00000 -0.00000
vn -0.00000 1.00000 -0.00000
vn -0.00000 1.00000 -0.00000
vn -0.00000 1.00000 -0.00000
vn -0.00000 1.00000 -0.00000
vn -0.00000 1.00000 -0.00000
vn -0.00000 1.00000 -0.00000
vn -0.00000 1.00000 -0.00000
vn -0.00000 1.00000 -0.00000
vn -0.00000 1.00000 -0.00000
vn -0.00000 1.00000 -0.00000
vn -0.00000 1.00000 -0.00000
vn -0.00000 1.00000 -0.00000
vn -0.00000 1.00000 -0.00000
vn -0.00000 1.00000 -0.00000
vn -0.00000 1.00000 -0.00000
vn -0.00000 1.00000 -0.00000
vn -0.00000 1.00000 -0.00000
vn -0.00000 1.00000 -0.00000
vn -0.00000 1.00000 -0.00000
vn -0.00000 1.00000 0.00000
vn -0.00000 1.00000 0.00000
vn -0.00000 1.00000 0.00000
vn -0.00000 1.00000 0.00000
vn -0.00000 1.00000 0.00000
vn -0.00000 1.00000 0.00000
vn -0.00000 1.00000 0.00000
vn -0.00000 1.00000 0.00000
vn -0.00000 1.00000 0.00000
vn -0.00000 1.00000 0.00000
vn -0.00000 1.00000 0.00000
vn -0.00000 1.00000 0.00000
vn -0.00000 1.00000 0.00000
vn -0.00000 1.00000 0.00000
vn -0.00000 1.00000 0.00000
vn -0.00000 1.00000 0.00000
vn -0.00000 1.00000 0.00000
vn -0.00000 1.00000 0.00000
vn -0.00000 1.00000 0.00000
vn -0.00000 1.00000 0.00000
vn -0.00000 1.00000 0.00000
vn -0.00000 1.00000 0.00000
vn -0.00000 1.00000 0.00000
vn -0.00000 1.00000 0.00000
vn -0.00000 1.00000 0.00000
vn -0.00000 1.00000 0.00000
vn -0.00000 1.00000 0.00000
vn -0.00000 1.00000 0.00000
vn -0.00000 1.00000 0.00000
vn -0.00000 1.00000 0.00000
vn -0.00000 1.00000 0.00000
vn -0.00000 1.00000 0.00000
vn -0.00000 1.00000 0.00000
vn -0.00000 1.00000 0.00000
vn -0.00000 1.00000 0.00000
vn -0.00000 1.00000 0.00000
vn -0.00000 1.00000 0.00000
vn -0.00000 1.00000 0.00000
vn -0.00000 1.00000 0.00000
vn -0.00000 1.00000 0.00000
vn -0.00000 1.00000 0.00000
vn -0.00000 1.00000 0.00000
vn -0.00000 1.00000 0.00000
vn -0.00000 1.00000 0.00000
vn -0.00000 1.00000 0.00000
vn -0.00000 1.00000 0.00000
vn -0.00000 1.00000 0.00000
vn -0.00000 1.00000 0.00000
vn -0.00000 1.00000 0.00000
vn -0.00000 1.00000 0.00000
vn -0.00000 1.00000 0.00000
vn -0.00000 1.00000 0.00000
vn -0.00000 1.00000 0.00000
vn -0.00000 1.00000 0.00000
vn -0.00000 1.00000 0.00000
vn -0.00000 1.00000 0.00000
vn -0.00000 1.00000 0.00000
vn -0.00000 1.00000 0.00000
vn -0.00000 1.00000 0.00000
vn -0.00000 1.00000 0.00000
vn -0.00000 1.00000 0.00000
vn -0.00000 1.00000 0.00000
vn -0.00000 1.00000 0.00000
vn -0.00000 1.00000 0.00000
vn -0.00000 1.00000 0.00000
vn -0.00000 1.00000 0.00000
vn -0.00000 1.00000 0.00000
vn -0.00000 1.00000 0.00000
vn -0.00000 1.00000 0.00000
vn -0.00009 1.00000 -0.00004
vn -0.00009 1.00000 -0.00004
vn -0.00008 1.00000 -0.00004
vn -0.00026 1.00000 -0.00011
vn -0.00027 1.00000 -0.00011
vn -0.00025 1.00000 -0.00010
vn -0.00026 1.00000 -0.00010
vn -0.00027 1.00000 -0.00011
vn -0.00025 1.00000 -0.00010
vn -0.00009 1.00000 -0.00005
vn -0.00009 1.00000 -0.00005
vn -0.00008 1.00000 -0.00005
vn 0.00001 1.00000 -0.00003
vn 0.00001 1.00000 -0.00003
vn 0.00001 1.00000 -0.00003
vn 0.00000 1.00000 -0.00003
vn 0.00000 1.00000 -0.00003
vn 0.00000 1.00000 -0.00003
vn 0.00000 1.00000 -0.00003
vn 0.00000 1.00000 -0.00003
vn 0.00000 1.00000 -0.00003
vn -0.00000 1.00000 -0.00003
vn -0.00000 1.00000 -0.00003
vn -0.00000 1.00000 -0.00003
vn -0.00000 1.00000 -0.00003
vn -0.00000 1.00000 -0.00003
vn -0.00000 1.00000 -0.00003
vn -0.00001 1.00000 -0.00003
vn -0.00001 1.00000 -0.00003
vn -0.00001 1.00000 -0.00003
vn 0.00009 1.00000 -0.00005
vn 0.00009 1.00000 -0.00005
vn 0.00008 1.00000 -0.00005
vn 0.00026 1.00000 -0.00010
vn 0.00027 1.00000 -0.00010
vn 0.00025 1.00000 -0.00010
vn 0.00026 1.00000 -0.00011
vn 0.00027 1.00000 -0.00011
vn 0.00025 1.00000 -0.00011
vn 0.00009 1.00000 -0.00004
vn 0.00009 1.00000 -0.00004
vn 0.00008 1.00000 -0.00004
vn 0.00000 1.00000 0.00000
vn 0.00000 1.00000 0.00000
vn 0.00000 1.00000 0.00000
vn 0.00000 1.00000 0.00000
vn 0.00000 1.00000 0.00000
vn 0.00000 1.00000 0.00000
vn 0.00000 1.00000 0.00000
vn 0.00000 1.00000 0.00000
vn 0.00000 1.00000 0.00000
vn 0.00000 1.00000 0.00000
vn 0.00000 1.00000 0.00000
vn 0.00000 1.00000 0.00000
vn 0.00000 1.00000 0.00000
vn 0.00000 1.00000 0.00000
vn 0.00000 1.00000 0.00000
vn 0.00000 1.00000 0.00000
vn 0.00000 1.00000 0.00000
vn 0.00000 1.00000 0.00000
vn 0.00000 1.00000 0.00000
vn 0.00000 1.00000 0.00000
vn 0.00000 1.00000 0.00000
vn 0.00000 1.00000 0.00000
vn 0.00000 1.00000 0.00000
vn 0.00000 1.00000 0.00000
vn 0.00000 1.00000 0.00000
vn 0.00000 1.00000 0.00000
vn 0.00000 1.00000 0.00000
vn 0.00000 1.00000 0.00000
vn 0.00000 1.00000 0.00000
vn 0.00000 1.00000 0.00000
vn 0.00000 1.00000 0.00000
vn 0.00000 1.00000 0.00000
vn 0.00000 1.00000 -0.00000
vn 0.00000 1.00000 -0.00000
vn 0.00000 1.00000 -0.00000
vn 0.00000 1.00000 -0.00000
vn 0.00000 1.00000 -0.00000
vn 0.00000 1.00000 -0.00000
vn 0.00000 1.00000 -0.00000
vn 0.00000 1.00000 -0.00000
vn 0.00000 1.00000 -0.00000
vn 0.00000 1.00000 -0.00000
vn 0.00000 1.00000 -0.00000
vn 0.00000 1.00000 -0.00000
vn 0.00000 1.00000 -0.00000
vn 0.00000 1.00000 -0.00000
vn 0.00000 1.00000 -0.00000
vn 0.00000 1.00000 -0.00000
vn 0.00000 1.00000 -0.00000
vn 0.00000 1.00000 -0.00000
vn 0.00000 1.00000 -0.00000
vn 0.00000 1.00000 -0.00000
vn 0.00000 1.00000 -0.00000
vn 0.00000 1.00000 -0.00000
vn 0.00000 1.00000 -0.00000
vn 0.00000 1.00000 -0.00000
vn 0.00000 1.00000 -0.00000
vn 0.00000 1.00000 -0.00000
vn 0.00000 1.00000 -0.00000
vn 0.00000 1.00000 -0.00000
vn 0.00000 1.00000 -0.00000
vn 0.00000 1.00000 -0.00000
vn 0.00000 1.00000 -0.00000
vn 0.00000 1.00000 -0.00000
vn 0.00000 1.00000 -0.00000
vn 0.00000 1.00000 -0.00000
vn 0.00000 1.00000 -0.00000
vn 0.00000 1.00000 -0.00000
vn 0.00000 1.00000 -0.00000
vn 0.00000 1.00000 -0.00000
vn 0.00000 1.00000 -0.00000
vn 0.00000 1.00000 -0.00000
vn 0.00000 1.00000 -0.00000
vn 0.00000 1.00000 -0.00000
vn 0.00000 1.00000 -0.00000
vn 0.00000 1.00000 -0.00000
vn 0.00000 1.00000 -0.00000
vn 0.00000 1.00000 -0.00000
vn 0.00000 1.00000 -0.00000
vn 0.00000 1.00000 -0.00000
vn 0.00000 1.00000 -0.00000
vn 0.00000 1.00000 -0.00000
vn 0.00000 1.00000 -0.00000
vn 0.00000 1.00000 -0.00001
vn 0.00000 1.00000 -0.00001
vn 0.00000 1.00000 -0.00001
vn 0.00000 1.00000 -0.00001
vn -0.00000 1.00000 -0.00001
vn -0.00000 1.00000 -0.00001
vn -0.00000 1.00000 -0.00001
vn -0.00000 1.00000 -0.00000
vn -0.00000 1.00000 -0.00001
vn -0.00000 1.00000 -0.00000
vn -0.00000 1.00000 -0.00000
vn -0.00000 1.00000 -0.00000
vn -0.00000 1.00000 -0.00000
vn -0.00000 1.00000 -0.00000
vn -0.00000 1.00000 -0.00000
vn -0.00000 1.00000 -0.00000
vn -0.00000 1.00000 -0.00000
vn -0.00000 1.00000 -0.00000
vn -0.00000 1.00000 -0.00000
vn -0.00000 1.00000 -0.00000
vn -0.00000 1.00000 -0.00000
vn -0.00000 1.00000 -0.00000
vn -0.00000 1.00000 -0.00000
vn -0.00000 1.00000 -0.00000
vn -0.00000 1.00000 -0.00000
vn -0.00000 1.00000 -0.00000
vn -0.00000 1.00000 -0.00000
vn -0.00000 1.00000 -0.00000
vn -0.00000 1.00000 -0.00000
vn -0.00000 1.00000 -0.00000
vn -0.00000 1.00000 -0.00000
vn -0.00000 1.00000 -0.00000
vn -0.00000 1.00000 -0.00000
vn -0.00000 1.00000 -0.00000
vn -0.00000 1.00000 -0.00000
vn -0.00000 1.00000 -0.00000
vn -0.00000 1.00000 -0.00000
vn -0.00000 1.00000 -0.00000
vn -0.00000 1.00000 -0.00000
vn -0.00000 1.00000 -0.00000
vn -0.00000 1.00000 -0.00000
vn -0.00000 1.00000 -0.00000
vn -0.00000 1.00000 -0.00000
vn -0.00000 1.00000 -0.00000
vn -0.00000 1.00000 -0.00000
vn -0.00000 1.00000 -0.00000
vn -0.00000 1.00000 -0.00000
vn -0.00000 1.00000 -0.00000
vn -0.00000 1.00000 -0.00000
vn -0.00000 1.00000 -0.00000
vn -0.00000 1.00000 -0.00000
vn -0.00000 1.00000 -0.00000
vn -0.00000 1.00000 -0.00000
vn -0.00000 1.00000 -0.00000
vn -0.00000 1.00000 -0.00000
vn -0.00000 1.00000 -0.00000
vn -0.00000 1.00000 -0.00000
vn -0.00000 1.00000 -0.00000
vn -0.00000 1.00000 -0.00000
vn -0.00000 1.00000 -0.00000
vn -0.00000 1.00000 -0.00000
vn -0.00000 1.00000 -0.00000
vn -0.00000 1.00000 0.00000
vn -0.00000 1.00000 -0.00000
vn -0.00000 1.00000 0.00000
vn -0.00000 1.00000 0.00000
vn -0.00000 1.00000 0.00000
vn -0.00000 1.00000 0.00000
vn -0.00000 1.00000 0.00000
vn -0.00000 1.00000 0.00000
vn -0.00000 1.00000 0.00000
vn -0.00000 1.00000 0.00000
vn -0.00000 1.00000 0.00000
vn -0.00000 1.00000 0.00000
vn -0.00000 1.00000 0.00000
vn -0.00000 1.00000 0.00000
vn -0.00000 1.00000 0.00000
vn -0.00000 1.00000 0.00000
vn -0.00000 1.00000 0.00000
vn -0.00000 1.00000 0.00000
vn -0.00000 1.00000 0.00000
vn -0.00000 1.00000 0.00000
vn -0.00000 1.00000 0.00000
vn -0.00000 1.00000 0.00000
vn -0.00000 1.00000 0.00000
vn -0.00000 1.00000 0.00000
vn -0.00000 1.00000 0.00000
vn -0.00000 1.00000 0.00000
vn -0.00000 1.00000 0.00000
vn -0.00000 1.00000 0.00000
vn -0.00000 1.00000 0.00000
vn -0.00000 1.00000 0.00000
vn -0.00000 1.00000 0.00000
vn -0.00000 1.00000 0.00000
vn -0.00000 1.00000 0.00000
vn -0.00000 1.00000 0.00000
vn -0.00000 1.00000 0.00000
vn -0.00000 1.00000 0.00000
vn -0.00000 1.00000 0.00000
vn -0.00000 1.00000 0.00000
vn -0.00000 1.00000 0.00000
vn -0.00000 1.00000 0.00000
vn -0.00000 1.00000 0.00000
vn -0.00000 1.00000 0.00000
vn -0.00000 1.00000 0.00000
vn -0.00000 1.00000 0.00000
vn -0.00000 1.00000 0.00000
vn -0.00000 1.00000 0.00000
vn -0.00000 1.00000 0.00000
vn -0.00000 1.00000 0.00000
vn -0.00000 1.00000 0.00000
vn -0.00000 1.00000 0.00000
vn -0.00000 1.00000 0.00000
vn -0.00000 1.00000 0.00000
vn -0.00000 1.00000 0.00000
vn -0.00000 1.00000 0.00000
vn -0.00000 1.00000 0.00000
vn -0.00000 1.00000 0.00000
vn -0.00000 1.00000 0.00000
vn -0.00000 1.00000 0.00000
vn -0.00000 1.00000 0.00000
vn -0.00000 1.00000 0.00000
vn -0.00000 1.00000 0.00000
vn -0.00000 1.00000 0.00000
vn -0.00000 1.00000 0.00000
vn -0.00000 1.00000 0.00000
vn -0.00000 1.00000 0.00000
vn -0.00008 1.00000 -0.00004
vn -0.00008 1.00000 -0.00004
vn -0.00008 1.00000 -0.00004
vn -0.00025 1.00000 -0.00010
vn -0.00025 1.00000 -0.00011
vn -0.00024 1.00000 -0.00010
vn -0.00025 1.00000 -0.00010
vn -0.00025 1.00000 -0.00010
vn -0.00024 1.00000 -0.00009
vn -0.00008 1.00000 -0.00005
vn -0.00008 1.00000 -0.00005
vn -0.00008 1.00000 -0.00005
vn 0.00001 1.00000 -0.00003
vn 0.00001 1.00000 -0.00003
vn 0.00001 1.00000 -0.00003
vn 0.00000 1.00000 -0.00003
vn 0.00000 1.00000 -0.00003
vn 0.00000 1.00000 -0.00003
vn 0.00000 1.00000 -0.00003
vn 0.00000 1.00000 -0.00003
vn 0.00000 1.00000 -0.00003
vn -0.00000 1.00000 -0.00003
vn -0.00000 1.00000 -0.00003
vn -0.00000 1.00000 -0.00003
vn -0.00000 1.00000 -0.00003
vn -0.00000 1.00000 -0.00003
vn -0.00000 1.00000 -0.00003
vn -0.00001 1.00000 -0.00003
vn -0.00001 1.00000 -0.00003
vn -0.00001 1.00000 -0.00003
vn 0.00008 1.00000 -0.00005
vn 0.00008 1.00000 -0.00005
vn 0.00008 1.00000 -0.00005
vn 0.00025 1.00000 -0.00010
vn 0.00025 1.00000 -0.00010
vn 0.00024 1.00000 -0.00010
vn 0.00025 1.00000 -0.00010
vn 0.00025 1.00000 -0.00010
vn 0.00024 1.00000 -0.00010
vn 0.00008 1.00000 -0.00004
vn 0.00008 1.00000 -0.00004
vn 0.00008 1.00000 -0.00004
vn 0.00000 1.00000 0.00000
vn 0.00000 1.00000 0.00000
vn 0.00000 1.00000 0.00000
vn 0.00000 1.00000 0.00000
vn 0.00000 1.00000 0.00000
vn 0.00000 1.00000 0.00000
vn 0.00000 1.00000 0.00000
vn 0.00000 1.00000 0.00000
vn 0.00000 1.00000 0.00000
vn 0.00000 1.00000 0.00000
vn 0.00000 1.00000 0.00000
vn 0.00000 1.00000 0.00000
vn 0.00000 1.00000 0.00000
vn 0.00000 1.00000 0.00000
vn 0.00000 1.00000 0.00000
vn 0.00000 1.00000 0.00000
vn 0.00000 1.00000 0.00000
vn 0.00000 1.00000 0.00000
vn 0.00000 1.00000 0.00000
vn 0.00000 1.00000 0.00000
vn 0.00000 1.00000 0.00000
vn 0.00000 1.00000 0.00000
vn 0.00000 1.00000 0.00000
vn 0.00000 1.00000 0.00000
vn 0.00000 1.00000 0.00000
vn 0.00000 1.00000 0.00000
vn 0.00000 1.00000 0.00000
vn 0.00000 1.00000 -0.00000
vn 0.00000 1.00000 0.00000
vn 0.00000 1.00000 -0.00000
vn 0.00000 1.00000 -0.00000
vn 0.00000 1.00000 0.00000
vn 0.00000 1.00000 -0.00000
vn 0.00000 1.00000 -0.00000
vn 0.00000 1.00000 -0.00000
vn 0.00000 1.00000 -0.00000
vn 0.00000 1.00000 -0.00000
vn 0.00000 1.00000 -0.00000
vn 0.00000 1.00000 -0.00000
vn 0.00000 1.00000 -0.00000
vn 0.00000 1.00000 -0.00000
vn 0.00000 1.00000 -0.00000
vn 0.00000 1.00000 -0.00000
vn 0.00000 1.00000 -0.00000
vn 0.00000 1.00000 -0.00000
vn 0.00000 1.00000 -0.00000
vn 0.00000 1.00000 -0.00000
vn 0.00000 1.00000 -0.00000
vn 0.00000 1.00000 -0.00000
vn 0.00000 1.00000 -0.00000
vn 0.00000 1.00000 -0.00000
vn 0.00000 1.00000 -0.00000
vn 0.00000 1.00000 -0.00000
vn 0.00000 1.00000 -0.00000
vn 0.00000 1.00000 -0.00000
vn 0.00000 1.00000 -0.00000
vn 0.00000 1.00000 -0.00000
vn 0.00000 1.00000 -0.00000
vn 0.00000 1.00000 -0.00000
vn 0.00000 1.00000 -0.00000
vn 0.00000 1.00000 -0.00000
vn 0.00000 1.00000 -0.00000
vn 0.00000 1.00000 -0.00000
vn 0.00000 1.00000 -0.00000
vn 0.00000 1.00000 -0.00000
vn 0.00000 1.00000 -0.00000
vn 0.00000 1.00000 -0.00000
vn 0.00000 1.00000 -0.00000
vn 0.00000 1.00000 -0.00000
vn 0.00000 1.00000 -0.00000
vn 0.00000 1.00000 -0.00000
vn 0.00000 1.00000 -0.00000
vn 0.00000 1.00000 -0.00000
vn 0.00000 1.00000 -0.00000
vn 0.00000 1.00000 -0.00000
vn 0.00000 1.00000 -0.00000
vn 0.00000 1.00000 -0.00000
vn 0.00000 1.00000 -0.00000
vn 0.00000 1.00000 -0.00000
vn 0.00000 1.00000 -0.00000
vn 0.00000 1.00000 -0.00000
vn 0.00000 1.00000 -0.00000
vn 0.00000 1.00000 -0.00000
vn 0.00000 1.00000 -0.00001
vn 0.00000 1.00000 0.00000
vn 0.00000 1.00000 0.00000
vn 0.00000 1.00000 0.00000
vn 0.00000 1.00000 0.00000
vn 0.00000 1.00000 0.00000
vn 0.00000 1.00000 0.00000
vn 0.00000 1.00000 0.00000
vn 0.00000 1.00000 0.00000
vn 0.00000 1.00000 0.00000
vn 0.00000 1.00000 0.00000
vn 0.00000 1.00000 0.00000
vn 0.00000 1.00000 0.00000
vn 0.00000 1.00000 0.00000
vn -0.83271 0.00000 -0.55370
vn -0.83271 0.00000 -0.55370
vn -0.56176 0.00000 -0.82730
vn -0.19088 0.00000 -0.98161
vn 0.55686 0.00000 -0.83060
vn 0.82997 0.00000 -0.55781
vn 0.98134 0.00000 -0.19229
vn 0.98046 0.00000 0.19674
vn 0.82981 0.00000 0.55804
vn 0.55823 0.00000 0.82969
vn 0.19568 -0.00000 0.98067
vn 0.19568 0.00000 0.98067
vn 0.19568 -0.00000 0.98067
vn -0.19132 -0.00000 0.98153
vn -0.19132 -0.00000 0.98153
vn -0.19132 0.00000 0.98153
vn -0.55448 0.00000 0.83220
vn -0.55448 0.00000 0.83220
vn -0.82485 0.00000 0.56535
vn -0.98058 0.00000 0.19612
vn -0.97718 0.00000 -0.21243
vn 0.19777 0.00000 -0.98025
vn 0.00000 1.00000 0.00000
vn 0.00000 1.00000 0.00000
vn 0.00000 1.00000 0.00000
vn 0.00000 1.00000 0.00000
vn 0.00000 1.00000 0.00000
vn 0.00000 1.00000 0.00000
vn 0.00000 1.00000 0.00000
vn 0.00000 1.00000 0.00000
vn 0.00000 1.00000 0.00000
vn 0.00000 1.00000 0.00000
vn 0.00000 1.00000 0.00000
vn 0.00000 1.00000 0.00000
vn 0.00000 1.00000 0.00000
vn 0.00000 1.00000 0.00000
vn 0.00000 1.00000 0.00000
vn 0.00000 1.00000 0.00000
vn 0.00000 1.00000 0.00000
vn 0.00000 1.00000 0.00000
vn 0.00000 1.00000 0.00000
vn 0.00000 1.00000 0.00000
vn 0.00000 1.00000 0.00000
vn 0.00000 1.00000 0.00000
vn 0.00000 1.00000 0.00000
vn 0.00000 1.00000 0.00000
vn 0.00000 1.00000 0.00000
vn 0.00000 1.00000 0.00000
vn 0.00001 1.00000 0.00000
vn 0.00000 1.00000 0.00000
vn 0.00000 1.00000 0.00000
vn 0.00000 1.00000 0.00000
vn 0.00000 1.00000 0.00000
vn 0.00000 1.00000 0.00000
vn 0.00000 1.00000 0.00000
vn 0.00000 1.00000 0.00000
vn 0.00000 1.00000 0.00000
vn 0.00000 1.00000 0.00000
vn 0.00000 1.00000 0.00000
vn 0.00000 1.00000 0.00000
vn 0.00000 1.00000 0.00000
vn 0.00000 1.00000 0.00000
vn 0.00000 1.00000 0.00000
vn 0.00000 1.00000 0.00000
vn 0.00000 1.00000 0.00000
vn 0.00000 1.00000 0.00000
vn 0.00000 1.00000 0.00000
vn 0.00000 1.00000 0.00000
vn 0.00000 1.00000 0.00000
vn 0.00000 1.00000 0.00000
vn 0.00000 1.00000 0.00000
vn 0.00000 1.00000 0.00000
vn 0.00000 1.00000 0.00000
vn 0.00000 1.00000 0.00000
vn 0.00000 1.00000 0.00000
vn 0.00000 1.00000 0.00000
vn 0.00000 1.00000 0.00000
vn 0.00000 1.00000 0.00000
vn -0.83271 0.00000 -0.55370
vn -0.83271 0.00000 -0.55370
vn -0.83271 0.00000 -0.55370
vn -0.56176 0.00000 -0.82730
vn -0.56176 -0.00000 -0.82730
vn -0.56176 0.00000 -0.82730
vn -0.19088 0.00000 -0.98161
vn -0.19088 0.00000 -0.98161
vn 0.55686 -0.00000 -0.83060
vn 0.55686 0.00000 -0.83060
vn 0.55686 -0.00000 -0.83060
vn 0.82997 0.00000 -0.55781
vn 0.82997 -0.00000 -0.55781
vn 0.82997 0.00000 -0.55781
vn 0.98134 -0.00000 -0.19229
vn 0.98134 0.00000 -0.19229
vn 0.98134 -0.00000 -0.19229
vn 0.98046 0.00000 0.19674
vn 0.55823 -0.00000 0.82969
vn 0.55823 -0.00000 0.82969
vn 0.19568 0.00000 0.98067
vn 0.19568 0.00000 0.98067
vn 0.19568 -0.00000 0.98067
vn -0.19132 0.00000 0.98153
vn -0.19132 0.00000 0.98153
vn -0.19132 0.00000 0.98153
vn -0.82485 0.00000 0.56535
vn -0.98058 -0.00000 0.19612
vn -0.98058 -0.00000 0.19612
vn -0.97718 0.00000 -0.21243
vn -0.97718 0.00000 -0.21243
vn -0.97718 0.00000 -0.21243
vn 0.19777 0.00000 -0.98025
vn 0.19777 -0.00000 -0.98025
vn 0.19777 0.00000 -0.98025
vn 0.00000 1.00000 0.00001
vn 0.00000 1.00000 0.00001
vn -0.00000 1.00000 0.00001
vn -0.00000 1.00000 0.00001
vn -0.00000 1.00000 0.00001
vn -0.00000 1.00000 0.00001
vn 0.00000 1.00000 0.00001
vn 0.00000 1.00000 0.00001
vn 0.00000 1.00000 0.00001
vn 0.00000 1.00000 0.00001
vn 0.00000 1.00000 0.00001
vn 0.00000 1.00000 0.00001
vn 0.00000 1.00000 0.00001
vn 0.00000 1.00000 0.00001
vn 0.00000 1.00000 0.00001
vn -0.00000 1.00000 0.00001
vn 0.00000 1.00000 0.00001
vn -0.00000 1.00000 0.00001
vn 0.00000 1.00000 0.00001
vn 0.00000 1.00000 0.00001
vn 0.00000 1.00000 0.00001
vn 0.00000 1.00000 0.00001
vn -0.00000 1.00000 0.00001
vn 0.00000 1.00000 0.00001
vn -0.00000 1.00000 0.00001
vn 0.00000 1.00000 0.00001
vn 0.00000 1.00000 0.00001
vn 0.00000 1.00000 0.00001
vn 0.00000 1.00000 0.00001
vn -0.00000 1.00000 0.00001
vn 0.00000 1.00000 0.00001
vn -0.00000 1.00000 0.00001
vn 0.00000 1.00000 0.00001
vn 0.00000 1.00000 0.00001
vn 0.00000 1.00000 0.00001
vn 0.00000 1.00000 0.00001
vn 0.00000 1.00000 0.00001
vn 0.00000 1.00000 0.00001
vn 0.00000 1.00000 0.00001
vn 0.00000 1.00000 0.00001
vn 0.00000 1.00000 0.00001
vn 0.00000 1.00000 0.00001
vn 0.00000 1.00000 0.00001
vn 0.00000 1.00000 0.00001
vn 0.00000 1.00000 0.00001
vn 0.00000 1.00000 0.00001
vn -0.00000 1.00000 0.00001
vn 0.00000 1.00000 0.00001
vn -0.00000 1.00000 0.00001
vn 0.00000 1.00000 0.00001
vn 0.00000 1.00000 0.00001
vn 0.00000 1.00000 0.00001
vn 0.00000 1.00000 0.00001
vn 0.00000 1.00000 0.00001
vn 0.00000 1.00000 0.00001
vn 0.00000 1.00000 0.00001
vn 0.00000 1.00000 0.00001
vn 0.00000 1.00000 0.00001
vn 0.00000 1.00000 0.00001
vn 0.00000 1.00000 0.00001
vn -0.00000 1.00000 0.00001
vn -0.00000 1.00000 0.00001
vn 0.00000 1.00000 0.00001
vn -0.00000 1.00000 0.00001
vn 0.00000 1.00000 0.00001
vn 0.00000 1.00000 0.00001
vn -0.00000 1.00000 0.00001
vn 0.00000 1.00000 0.00001
vn -0.00000 1.00000 0.00001
vn 0.00000 1.00000 0.00001
vn 0.00000 1.00000 0.00001
vn 0.00000 1.00000 0.00001
vn 0.00000 1.00000 0.00001
vn 0.00000 1.00000 0.00001
vn 0.00000 1.00000 0.00001
vn 0.00000 1.00000 -0.00012
vn -0.00000 1.00000 -0.00018
vn -0.00000 1.00000 -0.00066
vn -0.00000 1.00000 -0.00081
vn -0.00000 1.00000 -0.00133
vn 0.00000 1.00000 -0.00136
vn -0.00000 1.00000 -0.00118
vn 0.00000 1.00000 -0.00105
vn 0.00000 1.00000 -0.00064
vn 0.00000 1.00000 -0.00064
vn -0.00000 1.00000 0.00001
vn 0.00000 1.00000 0.00001
vn -0.00000 1.00000 0.00001
vn -0.00000 1.00000 0.00001
vn 0.00000 1.00000 0.00001
vn -0.00000 1.00000 0.00001
vn -0.00000 1.00000 0.00001
vn 0.00000 1.00000 0.00001
vn -0.00000 1.00000 0.00001
vn 0.00000 1.00000 0.00001
vn 0.00000 1.00000 0.00001
vn 0.00000 1.00000 0.00001
vn 0.00000 1.00000 0.00001
vn 0.00000 1.00000 0.00001
vn 0.00000 1.00000 0.00001
vn 0.00000 1.00000 0.00001
vn 0.00000 1.00000 0.00001
vn 0.00000 1.00000 0.00001
vn -0.00000 1.00000 0.00001
vn 0.00000 1.00000 0.00001
vn -0.00000 1.00000 0.00001
vn 0.00000 1.00000 0.00001
vn 0.00000 1.00000 0.00001
vn 0.00000 1.00000 0.00001
vn 0.00000 1.00000 0.00001
vn 0.00000 1.00000 0.00001
vn 0.00000 1.00000 0.00001
vn 0.00000 1.00000 0.00001
vn 0.00000 1.00000 0.00001
vn -0.00000 1.00000 0.00001
vn 0.00000 1.00000 0.00001
vn -0.00000 1.00000 0.00001
vn 0.00000 1.00000 0.00001
vn 0.00000 1.00000 0.00001
vn -0.00000 1.00000 0.00001
vn 0.00000 1.00000 0.00001
vn 0.00000 1.00000 0.00001
vn 0.00000 1.00000 0.00001
vn 0.00000 1.00000 0.00001
vn 0.00000 1.00000 0.00001
vn 0.00000 1.00000 0.00001
vn -0.00000 1.00000 0.00001
vn 0.00000 1.00000 0.00001
vn -0.00000 1.00000 0.00001
vn 0.00000 1.00000 0.00001
vn 0.00000 1.00000 0.00001
vn 0.00000 1.00000 0.00001
vn 0.00000 1.00000 0.00001
vn 0.00000 1.00000 0.00001
vn 0.00000 1.00000 0.00001
vn 0.00000 1.00000 0.00001
vn 0.00000 1.00000 0.00001
vn 0.00000 1.00000 0.00001
vn 0.00000 1.00000 0.00001
vn 0.00000 1.00000 0.00001
vn 0.00000 1.00000 0.00001
vn 0.00000 1.00000 0.00001
vn -0.00000 1.00000 0.00001
vn 0.00000 1.00000 0.00001
vn -0.00000 1.00000 0.00001
vn -0.00000 1.00000 0.00001
vn 0.00000 1.00000 0.00001
vn -0.00000 1.00000 0.00001
vn 0.00000 1.00000 0.00001
vn 0.00000 1.00000 0.00001
vn 0.00000 1.00000 0.00001
vn 0.00000 1.00000 0.00001
vn 0.00000 1.00000 -0.00024
vn 0.00000 1.00000 -0.00018
vn 0.00000 1.00000 -0.00096
vn 0.00000 1.00000 -0.00081
vn 0.00000 1.00000 -0.00139
vn 0.00000 1.00000 -0.00136
vn 0.00000 1.00000 -0.00091
vn 0.00000 1.00000 -0.00105
vn 0.00000 1.00000 -0.00064
vn 0.00000 1.00000 -0.00064
vn 0.00000 1.00000 0.00001
vn 0.00000 1.00000 0.00001
vn 0.00000 1.00000 0.00001
vn 0.00000 1.00000 0.00001
vn 0.00000 1.00000 0.00001
vn 0.00000 1.00000 0.00001
vn 0.00000 1.00000 0.00001
vn 0.00000 1.00000 0.00001
vn 0.00000 1.00000 0.00001
vn 0.00000 1.00000 0.00001
vn 0.00000 1.00000 0.00001
vn 0.00000 1.00000 0.00001
vn -0.00000 1.00000 0.00001
vn -0.00000 1.00000 0.00001
vn 0.00000 1.00000 0.00001
vn -0.00000 1.00000 0.00001
vn -0.00000 1.00000 0.00001
vn 0.00000 1.00000 0.00001
vn 0.00000 1.00000 0.00001
vn 0.00000 1.00000 0.00001
vn 0.00000 1.00000 0.00001
vn 0.00000 1.00000 0.00001
vn 0.00000 1.00000 0.00001
vn -0.00000 1.00000 0.00001
vn -0.00000 1.00000 0.00001
vn 0.00000 1.00000 0.00001
vn 0.00000 1.00000 -0.00066
vn 0.00000 1.00000 -0.00133
vn 0.00000 1.00000 -0.00118
vn 0.00000 1.00000 0.00001
vn 0.00000 1.00000 0.00001
vn 0.00000 1.00000 0.00001
vn 0.00000 1.00000 0.00001
vn -0.00000 1.00000 0.00001
vn -0.00000 1.00000 0.00001
vn 0.00000 1.00000 0.00001
vn 0.00000 1.00000 0.00000
vn 0.00000 1.00000 0.00000
vn 0.00000 1.00000 0.00000
vn 0.00000 1.00000 0.00000
vn 0.99251 -0.12214 0.00298
vn 0.99251 -0.12214 0.00298
vn 0.99251 -0.12214 0.00298
vn 0.84200 -0.07772 0.53385
vn 0.84200 -0.07773 0.53385
vn 0.84200 -0.07772 0.53385
vn 0.82346 -0.07754 0.56205
vn 0.82346 -0.07754 0.56205
vn 0.82346 -0.07754 0.56205
vn -0.02798 -0.11442 0.99304
vn -0.02798 -0.11442 0.99304
vn -0.02798 -0.11442 0.99304
vn 0.01695 -0.10441 -0.99439
vn 0.01695 -0.10442 -0.99439
vn 0.01695 -0.10441 -0.99439
vn 0.01695 -0.10441 -0.99439
vn 0.01695 -0.10442 -0.99439
vn 0.01695 -0.10441 -0.99439
vn -0.99251 -0.12214 0.00298
vn -0.99251 -0.12214 0.00298
vn -0.99251 -0.12214 0.00298
vn -0.84200 -0.07773 0.53385
vn -0.84200 -0.07773 0.53385
vn -0.84200 -0.07772 0.53385
vn -0.82346 -0.07754 0.56205
vn -0.82346 -0.07754 0.56205
vn -0.82346 -0.07754 0.56205
vn 0.02798 -0.11442 0.99304
vn 0.02798 -0.11442 0.99304
vn 0.02798 -0.11442 0.99304
vn -0.01695 -0.10441 -0.99439
vn -0.01695 -0.10442 -0.99439
vn -0.01695 -0.10441 -0.99439
vn -0.01695 -0.10441 -0.99439
vn -0.01695 -0.10441 -0.99439
vn -0.01695 -0.10442 -0.99439
# 6963 normals
usemtl metal
f  576/1/1 770/2/2 769/3/3 144/4/4
f  745/5/5 877/6/6 770/2/2 576/1/1
f  577/7/7 768/8/8 767/9/9 143/10/10
f  144/4/4 769/3/3 768/8/8 577/7/7
f  578/11/11 766/12/12 765/13/13 142/14/14
f  143/10/10 767/9/9 766/12/12 578/11/11
f  579/15/15 805/16/16 804/17/17 141/18/18
f  580/19/19 803/20/20 802/21/21 160/22/22
f  141/18/18 804/17/17 803/20/20 580/19/19
f  581/23/23 801/24/24 800/25/25 159/26/26
f  160/22/22 802/21/21 801/24/24 581/23/23
f  582/27/27 799/28/28 798/29/29 158/30/30
f  159/26/26 800/25/25 799/28/28 582/27/27
f  583/31/31 797/32/32 796/33/33 157/34/34
f  158/30/30 798/29/29 797/32/32 583/31/31
f  584/35/35 795/36/36 794/37/37 156/38/38
f  157/34/34 796/33/33 795/36/36 584/35/35
f  585/39/39 793/40/40 792/41/41 155/42/42
f  156/38/38 794/37/37 793/40/40 585/39/39
f  586/43/43 791/44/44 790/45/45 154/46/46
f  155/42/42 792/41/41 791/44/44 586/43/43
f  587/47/47 789/48/48 788/49/49 153/50/50
f  154/46/46 790/45/45 789/48/48 587/47/47
f  588/51/51 787/52/52 786/53/53 152/54/54
f  153/50/50 788/49/49 787/52/52 588/51/51
f  589/55/55 785/56/56 784/57/57 151/58/58
f  152/54/54 786/53/53 785/56/56 589/55/55
f  590/59/59 783/60/60 782/61/61 150/62/62
f  151/58/58 784/57/57 783/60/60 590/59/59
f  591/63/63 781/64/64 780/65/65 149/66/66
f  150/62/62 782/61/61 781/64/64 591/63/63
f  592/67/67 779/68/68 778/69/69 148/70/70
f  149/66/66 780/65/65 779/68/68 592/67/67
f  593/71/71 777/72/72 776/73/73 147/74/74
f  148/70/70 778/69/69 777/72/72 593/71/71
f  594/75/75 775/76/76 774/77/77 146/78/78
f  147/74/74 776/73/73 775/76/76 594/75/75
f  595/79/79 773/80/80 772/81/81 145/82/82
f  146/78/78 774/77/77 773/80/80 595/79/79
f  596/83/83 771/84/84 957/85/85 954/86/86
f  145/82/82 772/81/81 771/84/84 596/83/83
f  211/87/87 961/88/88 958/89/89 337/90/90
f  381/91/91 211/87/87 337/90/90 1/92/92
f  211/87/87 381/91/91 161/93/93 563/94/94
f  961/88/88 211/87/87 563/94/94 966/95/95
f  212/96/96 381/91/91 1/92/92 339/97/97
f  382/98/98 212/96/96 339/97/97 2/99/99
f  212/96/96 382/98/98 140/100/100 564/101/101
f  381/91/91 212/96/96 564/101/101 161/93/93
f  213/102/102 382/98/98 2/99/99 341/103/103
f  383/104/104 213/102/102 341/103/103 3/105/105
f  213/102/102 383/104/104 139/106/106 565/107/107
f  382/98/98 213/102/102 565/107/107 140/100/100
f  214/108/108 383/104/104 3/105/105 343/109/109
f  384/110/110 214/108/108 343/109/109 4/111/111
f  214/108/108 384/110/110 138/112/112 566/113/113
f  383/104/104 214/108/108 566/113/113 139/106/106
f  215/114/114 384/110/110 4/111/111 345/115/115
f  385/116/116 215/114/114 345/115/115 5/117/117
f  215/114/114 385/116/116 137/118/118 567/119/119
f  384/110/110 215/114/114 567/119/119 138/112/112
f  216/120/120 385/116/116 5/117/117 347/121/121
f  386/122/122 216/120/120 347/121/121 6/123/123
f  216/120/120 386/122/122 136/124/124 568/125/125
f  385/116/116 216/120/120 568/125/125 137/118/118
f  217/126/126 386/122/122 6/123/123 349/127/127
f  387/128/128 217/126/126 349/127/127 7/129/129
f  217/126/126 387/128/128 135/130/130 569/131/131
f  386/122/122 217/126/126 569/131/131 136/124/124
f  218/132/132 387/128/128 7/129/129 351/133/133
f  388/134/134 218/132/132 351/133/133 8/135/135
f  218/132/132 388/134/134 134/136/136 570/137/137
f  387/128/128 218/132/132 570/137/137 135/130/130
f  219/138/138 388/134/134 8/135/135 353/139/139
f  389/140/140 219/138/138 353/139/139 9/141/141
f  219/138/138 389/140/140 133/142/142 571/143/143
f  388/134/134 219/138/138 571/143/143 134/136/136
f  220/144/144 389/140/140 9/141/141 355/145/145
f  390/146/146 220/144/144 355/145/145 10/147/147
f  220/144/144 390/146/146 132/148/148 572/149/149
f  389/140/140 220/144/144 572/149/149 133/142/142
f  221/150/150 390/146/146 10/147/147 357/151/151
f  391/152/152 221/150/150 357/151/151 11/153/153
f  221/150/150 391/152/152 131/154/154 573/155/155
f  390/146/146 221/150/150 573/155/155 132/148/148
f  222/156/156 391/152/152 11/153/153 359/157/157
f  392/158/158 222/156/156 359/157/157 12/159/159
f  222/156/156 392/158/158 130/160/160 574/161/161
f  391/152/152 222/156/156 574/161/161 131/154/154
f  223/162/162 392/158/158 12/159/159 361/163/163
f  393/164/164 223/162/162 361/163/163 13/165/165
f  223/162/162 393/164/164 129/166/166 575/167/167
f  392/158/158 223/162/162 575/167/167 130/160/160
f  224/168/168 393/164/164 13/165/165 363/169/169
f  412/170/170 224/168/168 363/169/169 14/171/171
f  224/168/168 412/170/170 36/172/172 551/173/173
f  393/164/164 224/168/168 551/173/173 129/166/166
f  225/174/174 1046/175/175 966/95/95 563/94/94
f  600/176/176 225/174/174 563/94/94 161/93/93
f  225/174/174 600/176/176 166/177/177 624/178/178
f  1046/175/175 225/174/174 624/178/178 1050/179/179
f  226/180/180 623/181/181 24/182/182 374/183/183
f  622/184/184 226/180/180 374/183/183 25/185/185
f  226/180/180 622/184/184 164/186/186 625/187/187
f  623/181/181 226/180/180 625/187/187 165/188/188
f  227/189/189 622/184/184 25/185/185 375/190/190
f  621/191/191 227/189/189 375/190/190 26/192/192
f  227/189/189 621/191/191 163/193/193 626/194/194
f  622/184/184 227/189/189 626/194/194 164/186/186
f  228/195/195 621/191/191 26/192/192 376/196/196
f  620/197/197 228/195/195 376/196/196 27/198/198
f  228/195/195 620/197/197 186/199/199 627/200/200
f  621/191/191 228/195/195 627/200/200 163/193/193
f  229/201/201 620/197/197 27/198/198 377/202/202
f  619/203/203 229/201/201 377/202/202 28/204/204
f  229/201/201 619/203/203 185/205/205 628/206/206
f  620/197/197 229/201/201 628/206/206 186/199/199
f  230/207/207 619/203/203 28/204/204 378/208/208
f  618/209/209 230/207/207 378/208/208 29/210/210
f  230/207/207 618/209/209 184/211/211 629/212/212
f  619/203/203 230/207/207 629/212/212 185/205/205
f  231/213/213 618/209/209 29/210/210 379/214/214
f  617/215/215 231/213/213 379/214/214 30/216/216
f  231/213/213 617/215/215 183/217/217 630/218/218
f  618/209/209 231/213/213 630/218/218 184/211/211
f  232/219/219 617/215/215 30/216/216 380/220/220
f  616/221/221 232/219/219 380/220/220 31/222/222
f  232/219/219 616/221/221 182/223/223 631/224/224
f  617/215/215 232/219/219 631/224/224 183/217/217
f  233/225/225 616/221/221 31/222/222 402/226/226
f  615/227/227 233/225/225 402/226/226 32/228/228
f  233/225/225 615/227/227 181/229/229 632/230/230
f  616/221/221 233/225/225 632/230/230 182/223/223
f  234/231/231 615/227/227 32/228/228 404/232/232
f  614/233/233 234/231/231 404/232/232 33/234/234
f  234/231/231 614/233/233 180/235/235 633/236/236
f  615/227/227 234/231/231 633/236/236 181/229/229
f  235/237/237 614/233/233 33/234/234 406/238/238
f  613/239/239 235/237/237 406/238/238 34/240/240
f  235/237/237 613/239/239 179/241/241 634/242/242
f  614/233/233 235/237/237 634/242/242 180/235/235
f  236/243/243 613/239/239 34/240/240 408/244/244
f  612/245/245 236/243/243 408/244/244 35/246/246
f  236/243/243 612/245/245 178/247/247 635/248/248
f  613/239/239 236/243/243 635/248/248 179/241/241
f  237/249/249 612/245/245 35/246/246 410/250/250
f  611/251/251 237/249/249 410/250/250 36/172/172
f  237/249/249 611/251/251 177/252/252 636/253/253
f  612/245/245 237/249/249 636/253/253 178/247/247
f  238/254/254 611/251/251 36/172/172 412/170/170
f  610/255/255 238/254/254 412/170/170 14/171/171
f  238/254/254 610/255/255 176/256/256 637/257/257
f  611/251/251 238/254/254 637/257/257 177/252/252
f  239/258/258 610/255/255 14/171/171 365/259/259
f  609/260/260 239/258/258 365/259/259 15/261/261
f  239/258/258 609/260/260 175/262/262 638/263/263
f  610/255/255 239/258/258 638/263/263 176/256/256
f  240/264/264 609/260/260 15/261/261 415/265/265
f  608/266/266 240/264/264 415/265/265 16/267/267
f  240/264/264 608/266/266 174/268/268 639/269/269
f  609/260/260 240/264/264 639/269/269 175/262/262
f  241/270/270 608/266/266 16/267/267 417/271/271
f  607/272/272 241/270/270 417/271/271 17/273/273
f  241/270/270 607/272/272 173/274/274 640/275/275
f  608/266/266 241/270/270 640/275/275 174/268/268
f  242/276/276 607/272/272 17/273/273 419/277/277
f  606/278/278 242/276/276 419/277/277 18/279/279
f  242/276/276 606/278/278 172/280/280 641/281/281
f  607/272/272 242/276/276 641/281/281 173/274/274
f  243/282/282 606/278/278 18/279/279 421/283/283
f  605/284/284 243/282/282 421/283/283 19/285/285
f  243/282/282 605/284/284 171/286/286 642/287/287
f  606/278/278 243/282/282 642/287/287 172/280/280
f  244/288/288 605/284/284 19/285/285 423/289/289
f  604/290/290 244/288/288 423/289/289 20/291/291
f  244/288/288 604/290/290 170/292/292 643/293/293
f  605/284/284 244/288/288 643/293/293 171/286/286
f  245/294/294 604/290/290 20/291/291 425/295/295
f  603/296/296 245/294/294 425/295/295 21/297/297
f  245/294/294 603/296/296 169/298/298 644/299/299
f  604/290/290 245/294/294 644/299/299 170/292/292
f  246/300/300 603/296/296 21/297/297 427/301/301
f  602/302/302 246/300/300 427/301/301 22/303/303
f  246/300/300 602/302/302 168/304/304 645/305/305
f  603/296/296 246/300/300 645/305/305 169/298/298
f  247/306/306 602/302/302 22/303/303 429/307/307
f  601/308/308 247/306/306 429/307/307 23/309/309
f  247/306/306 601/308/308 167/310/310 646/311/311
f  602/302/302 247/306/306 646/311/311 168/304/304
f  248/312/312 601/308/308 23/309/309 431/313/313
f  1185/314/314 248/312/312 431/313/313 746/315/315
f  248/312/312 1185/314/314 1186/316/316 647/317/317
f  601/308/308 248/312/312 647/317/317 167/310/310
f  249/318/318 455/319/319 82/320/320 454/321/321
f  337/90/90 249/322/318 454/323/321 1/92/92
f  249/322/318 337/90/90 958/89/89 747/324/322
f  455/319/319 249/318/318 747/325/322 1192/326/323
f  250/327/324 456/328/325 81/329/326 453/330/327
f  339/97/97 250/331/324 453/332/327 2/99/99
f  250/331/324 339/97/97 1/92/92 454/323/321
f  456/328/325 250/327/324 454/321/321 82/320/320
f  251/333/328 457/334/329 80/335/330 452/336/331
f  341/103/103 251/337/328 452/338/331 3/105/105
f  251/337/328 341/103/103 2/99/99 453/332/327
f  457/334/329 251/333/328 453/330/327 81/329/326
f  252/339/332 458/340/333 79/341/334 451/342/335
f  343/109/109 252/343/332 451/344/335 4/111/111
f  252/343/332 343/109/109 3/105/105 452/338/331
f  458/340/333 252/339/332 452/336/331 80/335/330
f  253/345/336 459/346/337 78/347/338 450/348/339
f  345/115/115 253/349/336 450/350/339 5/117/117
f  253/349/336 345/115/115 4/111/111 451/344/335
f  459/346/337 253/345/336 451/342/335 79/341/334
f  254/351/340 460/352/341 77/353/342 449/354/343
f  347/121/121 254/355/340 449/356/343 6/123/123
f  254/355/340 347/121/121 5/117/117 450/350/339
f  460/352/341 254/351/340 450/348/339 78/347/338
f  255/357/344 461/358/345 76/359/346 448/360/347
f  349/127/127 255/361/344 448/362/347 7/129/129
f  255/361/344 349/127/127 6/123/123 449/356/343
f  461/358/345 255/357/344 449/354/343 77/353/342
f  256/363/348 462/364/349 75/365/350 447/366/351
f  351/133/133 256/367/348 447/368/351 8/135/135
f  256/367/348 351/133/133 7/129/129 448/362/347
f  462/364/349 256/363/348 448/360/347 76/359/346
f  257/369/352 463/370/353 74/371/354 446/372/355
f  353/139/139 257/373/352 446/374/355 9/141/141
f  257/373/352 353/139/139 8/135/135 447/368/351
f  463/370/353 257/369/352 447/366/351 75/365/350
f  258/375/356 464/376/357 73/377/358 445/378/359
f  355/145/145 258/379/356 445/380/359 10/147/147
f  258/379/356 355/145/145 9/141/141 446/374/355
f  464/376/357 258/375/356 446/372/355 74/371/354
f  259/381/360 465/382/361 72/383/362 444/384/363
f  357/151/151 259/385/360 444/386/363 11/153/153
f  259/385/360 357/151/151 10/147/147 445/380/359
f  465/382/361 259/381/360 445/378/359 73/377/358
f  260/387/364 466/388/365 71/389/366 443/390/367
f  359/157/157 260/391/364 443/392/367 12/159/159
f  260/391/364 359/157/157 11/153/153 444/386/363
f  466/388/365 260/387/364 444/384/363 72/383/362
f  261/393/368 467/394/369 70/395/370 442/396/371
f  361/163/163 261/397/368 442/398/371 13/165/165
f  261/397/368 361/163/163 12/159/159 443/392/367
f  467/394/369 261/393/368 443/390/367 71/389/366
f  262/399/372 468/400/373 69/401/374 441/402/375
f  363/169/169 262/403/372 441/404/375 14/171/171
f  262/403/372 363/169/169 13/165/165 442/398/371
f  468/400/373 262/399/372 442/396/371 70/395/370
f  263/405/376 469/406/377 68/407/378 440/408/379
f  365/259/259 263/409/376 440/410/379 15/261/261
f  263/409/376 365/259/259 14/171/171 441/404/375
f  469/406/377 263/405/376 441/402/375 69/401/374
f  264/411/380 470/412/381 67/413/382 439/414/383
f  415/265/265 264/415/380 439/416/383 16/267/267
f  264/415/380 415/265/265 15/261/261 440/410/379
f  470/412/381 264/411/380 440/408/379 68/407/378
f  265/417/384 471/418/385 66/419/386 438/420/387
f  417/271/271 265/421/384 438/422/387 17/273/273
f  265/421/384 417/271/271 16/267/267 439/416/383
f  471/418/385 265/417/384 439/414/383 67/413/382
f  266/423/388 472/424/389 65/425/390 437/426/391
f  419/277/277 266/427/388 437/428/391 18/279/279
f  266/427/388 419/277/277 17/273/273 438/422/387
f  472/424/389 266/423/388 438/420/387 66/419/386
f  267/429/392 473/430/393 64/431/394 436/432/395
f  421/283/283 267/433/392 436/434/395 19/285/285
f  267/433/392 421/283/283 18/279/279 437/428/391
f  473/430/393 267/429/392 437/426/391 65/425/390
f  268/435/396 474/436/397 63/437/398 435/438/399
f  423/289/289 268/439/396 435/440/399 20/291/291
f  268/439/396 423/289/289 19/285/285 436/434/395
f  474/436/397 268/435/396 436/432/395 64/431/394
f  269/441/400 475/442/401 62/443/402 434/444/403
f  425/295/295 269/445/400 434/446/403 21/297/297
f  269/445/400 425/295/295 20/291/291 435/440/399
f  475/442/401 269/441/400 435/438/399 63/437/398
f  270/447/404 476/448/405 61/449/406 433/450/407
f  427/301/301 270/451/404 433/452/407 22/303/303
f  270/451/404 427/301/301 21/297/297 434/446/403
f  476/448/405 270/447/404 434/444/403 62/443/402
f  271/453/408 477/454/409 60/455/410 432/456/411
f  429/307/307 271/457/408 432/458/411 23/309/309
f  271/457/408 429/307/307 22/303/303 433/452/407
f  477/454/409 271/453/408 433/450/407 61/449/406
f  272/459/412 1282/460/413 746/315/315 431/313/313
f  432/458/411 272/459/412 431/313/313 23/309/309
f  272/461/412 432/456/411 60/455/410 479/462/414
f  1282/463/413 272/461/412 479/462/414 1284/464/415
f  748/465/416 735/466/417 736/467/418 737/468/419
f  394/469/420 727/470/421 83/471/422 480/472/423
f  37/473/424 395/474/425 481/475/426 83/471/422
f  395/474/425 38/476/427 84/477/428 481/475/426
f  38/476/427 396/478/429 482/479/430 84/477/428
f  396/478/429 39/480/431 85/481/432 482/479/430
f  39/480/431 397/482/433 483/483/434 85/481/432
f  397/482/433 40/484/435 86/485/436 483/483/434
f  40/484/435 398/486/437 484/487/438 86/485/436
f  398/486/437 41/488/439 87/489/440 484/487/438
f  41/488/439 399/490/441 485/491/442 87/489/440
f  399/490/441 42/492/443 88/493/444 485/491/442
f  42/492/443 400/494/445 486/495/446 88/493/444
f  400/494/445 43/496/447 89/497/448 486/495/446
f  43/496/447 401/498/449 487/499/450 89/497/448
f  401/498/449 44/500/451 90/501/452 487/499/450
f  44/500/451 403/502/453 488/503/454 90/501/452
f  403/502/453 45/504/455 91/505/456 488/503/454
f  45/504/455 405/506/457 489/507/458 91/505/456
f  405/506/457 46/508/459 92/509/460 489/507/458
f  46/508/459 407/510/461 490/511/462 92/509/460
f  407/510/461 47/512/463 93/513/464 490/511/462
f  47/512/463 409/514/465 491/515/466 93/513/464
f  409/514/465 48/516/467 94/517/468 491/515/466
f  48/516/467 411/518/469 492/519/470 94/517/468
f  411/518/469 49/520/471 95/521/472 492/519/470
f  49/520/471 413/522/473 493/523/474 95/521/472
f  413/522/473 50/524/475 96/525/476 493/523/474
f  50/524/475 414/526/477 494/527/478 96/525/476
f  414/526/477 51/528/479 97/529/480 494/527/478
f  51/528/479 416/530/481 495/531/482 97/529/480
f  416/530/481 52/532/483 98/533/484 495/531/482
f  52/532/483 418/534/485 496/535/486 98/533/484
f  418/534/485 53/536/487 99/537/488 496/535/486
f  53/536/487 420/538/489 497/539/490 99/537/488
f  420/538/489 54/540/491 100/541/492 497/539/490
f  54/540/491 422/542/493 498/543/494 100/541/492
f  422/542/493 55/544/495 101/545/496 498/543/494
f  55/544/495 424/546/497 499/547/498 101/545/496
f  424/546/497 56/548/499 102/549/500 499/547/498
f  56/548/499 426/550/501 500/551/502 102/549/500
f  426/550/501 57/552/503 103/553/504 500/551/502
f  57/552/503 428/554/505 501/555/506 103/553/504
f  428/554/505 58/556/507 104/557/508 501/555/506
f  58/556/507 430/558/509 502/559/510 104/557/508
f  430/558/509 59/560/511 105/561/512 502/559/510
f  59/560/511 478/562/513 503/563/514 105/561/512
f  478/562/513 1382/564/515 1383/565/516 503/563/514
f  1849/566/517 3419/567/518 749/568/519 1850/569/520
f  83/471/422 1847/570/521 1848/571/522 480/472/423
f  481/475/426 1846/572/523 1847/570/521 83/471/422
f  84/477/428 1845/573/524 1846/572/523 481/475/426
f  482/479/430 1844/574/525 1845/573/524 84/477/428
f  85/481/432 1843/575/526 1844/574/525 482/479/430
f  483/483/434 1842/576/527 1843/575/526 85/481/432
f  86/485/436 1841/577/528 1842/576/527 483/483/434
f  484/487/438 1840/578/529 1841/577/528 86/485/436
f  87/489/440 1839/579/530 1840/578/529 484/487/438
f  485/491/442 1838/580/531 1839/579/530 87/489/440
f  88/493/444 1837/581/532 1838/580/531 485/491/442
f  486/495/446 1836/582/533 1837/581/532 88/493/444
f  89/497/448 1835/583/534 1836/582/533 486/495/446
f  487/499/450 1834/584/535 1835/583/534 89/497/448
f  90/501/452 1833/585/536 1834/584/535 487/499/450
f  488/503/454 1832/586/537 1833/585/536 90/501/452
f  91/505/456 1831/587/538 1832/586/537 488/503/454
f  489/507/458 1830/588/539 1831/587/538 91/505/456
f  92/509/460 1829/589/540 1830/588/539 489/507/458
f  490/511/462 1828/590/541 1829/589/540 92/509/460
f  93/513/464 1827/591/542 1828/590/541 490/511/462
f  491/515/466 1826/592/543 1827/591/542 93/513/464
f  94/517/468 1825/593/544 1826/592/543 491/515/466
f  492/519/470 1824/594/545 1825/593/544 94/517/468
f  95/521/472 1823/595/546 1824/594/545 492/519/470
f  493/523/474 1822/596/547 1823/595/546 95/521/472
f  96/525/476 1821/597/548 1822/596/547 493/523/474
f  494/527/478 1820/598/549 1821/597/548 96/525/476
f  97/529/480 1819/599/550 1820/598/549 494/527/478
f  495/531/482 1818/600/551 1819/599/550 97/529/480
f  98/533/484 1817/601/552 1818/600/551 495/531/482
f  496/535/486 1816/602/553 1817/601/552 98/533/484
f  99/537/488 1815/603/554 1816/602/553 496/535/486
f  497/539/490 1814/604/555 1815/603/554 99/537/488
f  100/541/492 1813/605/556 1814/604/555 497/539/490
f  498/543/494 1812/606/557 1813/605/556 100/541/492
f  101/545/496 1811/607/558 1812/606/557 498/543/494
f  499/547/498 1810/608/559 1811/607/558 101/545/496
f  102/549/500 1809/609/560 1810/608/559 499/547/498
f  500/551/502 1808/610/561 1809/609/560 102/549/500
f  103/553/504 1807/611/562 1808/610/561 500/551/502
f  501/555/506 1806/612/563 1807/611/562 103/553/504
f  104/557/508 1805/613/564 1806/612/563 501/555/506
f  502/559/510 1804/614/565 1805/613/564 104/557/508
f  105/561/512 1803/615/566 1804/614/565 502/559/510
f  503/563/514 1802/616/567 1803/615/566 105/561/512
f  1383/565/516 1801/617/568 1802/616/567 503/563/514
f  273/618/569 527/619/570 128/620/571 526/621/572
f  749/568/519 3419/567/518 3420/622/573
f  274/623/574 528/624/575 127/625/576 525/626/577
f  528/624/575 274/623/574 526/621/572 128/620/571
f  275/627/578 529/628/579 126/629/580 524/630/581
f  529/628/579 275/627/578 525/626/577 127/625/576
f  276/631/582 530/632/583 125/633/584 523/634/585
f  530/632/583 276/631/582 524/630/581 126/629/580
f  277/635/586 531/636/587 124/637/588 522/638/589
f  531/636/587 277/635/586 523/634/585 125/633/584
f  278/639/590 532/640/591 123/641/592 521/642/593
f  532/640/591 278/639/590 522/638/589 124/637/588
f  279/643/594 533/644/595 122/645/596 520/646/597
f  533/644/595 279/643/594 521/642/593 123/641/592
f  280/647/598 534/648/599 121/649/600 519/650/601
f  534/648/599 280/647/598 520/646/597 122/645/596
f  281/651/602 535/652/603 120/653/604 518/654/605
f  535/652/603 281/651/602 519/650/601 121/649/600
f  282/655/606 536/656/607 119/657/608 517/658/609
f  536/656/607 282/655/606 518/654/605 120/653/604
f  283/659/610 537/660/611 118/661/612 516/662/613
f  537/660/611 283/659/610 517/658/609 119/657/608
f  284/663/614 538/664/615 117/665/616 515/666/617
f  538/664/615 284/663/614 516/662/613 118/661/612
f  285/667/618 539/668/619 116/669/620 514/670/621
f  539/668/619 285/667/618 515/666/617 117/665/616
f  286/671/622 540/672/623 115/673/624 513/674/625
f  540/672/623 286/671/622 514/670/621 116/669/620
f  287/675/626 541/676/627 114/677/628 512/678/629
f  541/676/627 287/675/626 513/674/625 115/673/624
f  288/679/630 542/680/631 113/681/632 511/682/633
f  542/680/631 288/679/630 512/678/629 114/677/628
f  289/683/634 543/684/635 112/685/636 510/686/637
f  543/684/635 289/683/634 511/682/633 113/681/632
f  290/687/638 544/688/639 111/689/640 509/690/641
f  544/688/639 290/687/638 510/686/637 112/685/636
f  291/691/642 545/692/643 110/693/644 508/694/645
f  545/692/643 291/691/642 509/690/641 111/689/640
f  292/695/646 546/696/647 109/697/648 507/698/649
f  546/696/647 292/695/646 508/694/645 110/693/644
f  293/699/650 547/700/651 108/701/652 506/702/653
f  547/700/651 293/699/650 507/698/649 109/697/648
f  294/703/654 548/704/655 107/705/656 505/706/657
f  548/704/655 294/703/654 506/702/653 108/701/652
f  295/707/658 549/708/659 106/709/660 504/710/661
f  549/708/659 295/707/658 505/706/657 107/705/656
f  296/711/662 550/712/663 1433/713/664 1480/714/6
f  550/712/663 296/711/662 504/710/661 106/709/660
f  297/715/665 564/101/101 140/100/100 562/716/666
f  374/183/183 297/715/665 562/716/666 25/185/185
f  297/715/665 374/183/183 24/182/182 598/717/667
f  564/101/101 297/715/665 598/717/667 161/93/93
f  298/718/668 565/107/107 139/106/106 561/719/669
f  375/190/190 298/718/668 561/719/669 26/192/192
f  298/718/668 375/190/190 25/185/185 562/716/666
f  565/107/107 298/718/668 562/716/666 140/100/100
f  299/720/670 566/113/113 138/112/112 560/721/671
f  376/196/196 299/720/670 560/721/671 27/198/198
f  299/720/670 376/196/196 26/192/192 561/719/669
f  566/113/113 299/720/670 561/719/669 139/106/106
f  300/722/672 567/119/119 137/118/118 559/723/673
f  377/202/202 300/722/672 559/723/673 28/204/204
f  300/722/672 377/202/202 27/198/198 560/721/671
f  567/119/119 300/722/672 560/721/671 138/112/112
f  301/724/674 568/125/125 136/124/124 558/725/675
f  378/208/208 301/724/674 558/725/675 29/210/210
f  301/724/674 378/208/208 28/204/204 559/723/673
f  568/125/125 301/724/674 559/723/673 137/118/118
f  302/726/676 569/131/131 135/130/130 557/727/677
f  379/214/214 302/726/676 557/727/677 30/216/216
f  302/726/676 379/214/214 29/210/210 558/725/675
f  569/131/131 302/726/676 558/725/675 136/124/124
f  303/728/678 570/137/137 134/136/136 556/729/679
f  380/220/220 303/728/678 556/729/679 31/222/222
f  303/728/678 380/220/220 30/216/216 557/727/677
f  570/137/137 303/728/678 557/727/677 135/130/130
f  304/730/680 571/143/143 133/142/142 555/731/681
f  402/226/226 304/730/680 555/731/681 32/228/228
f  304/730/680 402/226/226 31/222/222 556/729/679
f  571/143/143 304/730/680 556/729/679 134/136/136
f  305/732/682 572/149/149 132/148/148 554/733/683
f  404/232/232 305/732/682 554/733/683 33/234/234
f  305/732/682 404/232/232 32/228/228 555/731/681
f  572/149/149 305/732/682 555/731/681 133/142/142
f  306/734/684 573/155/155 131/154/154 553/735/685
f  406/238/238 306/734/684 553/735/685 34/240/240
f  306/734/684 406/238/238 33/234/234 554/733/683
f  573/155/155 306/734/684 554/733/683 132/148/148
f  307/736/686 574/161/161 130/160/160 552/737/687
f  408/244/244 307/736/686 552/737/687 35/246/246
f  307/736/686 408/244/244 34/240/240 553/735/685
f  574/161/161 307/736/686 553/735/685 131/154/154
f  308/738/688 575/167/167 129/166/166 551/173/173
f  410/250/250 308/738/688 551/173/173 36/172/172
f  308/738/688 410/250/250 35/246/246 552/737/687
f  575/167/167 308/738/688 552/737/687 130/160/160
f  810/739/689 811/740/690 576/1/1 144/4/4
f  812/741/691 811/740/690 455/319/319 1192/326/323
f  808/742/692 809/743/693 577/7/7 143/10/10
f  810/739/689 809/743/693 456/328/325 82/320/320
f  806/744/694 807/745/695 578/11/11 142/14/14
f  808/742/692 807/745/695 457/334/329 81/329/326
f  847/746/696 848/747/697 579/15/15 141/18/18
f  845/748/698 846/749/699 580/19/19 160/22/22
f  847/746/696 846/749/699 462/364/349 76/359/346
f  843/750/700 844/751/701 581/23/23 159/26/26
f  845/748/698 844/751/701 463/370/353 75/365/350
f  841/752/702 842/753/703 582/27/27 158/30/30
f  843/750/700 842/753/703 464/376/357 74/371/354
f  839/754/704 840/755/705 583/31/31 157/34/34
f  841/752/702 840/755/705 465/382/361 73/377/358
f  837/756/706 838/757/707 584/35/35 156/38/38
f  839/754/704 838/757/707 466/388/365 72/383/362
f  835/758/708 836/759/709 585/39/39 155/42/42
f  837/756/706 836/759/709 467/394/369 71/389/366
f  833/760/710 834/761/711 586/43/43 154/46/46
f  835/758/708 834/761/711 468/400/373 70/395/370
f  831/762/712 832/763/713 587/47/47 153/50/50
f  833/760/710 832/763/713 469/406/377 69/401/374
f  829/764/714 830/765/715 588/51/51 152/54/54
f  831/762/712 830/765/715 470/412/381 68/407/378
f  827/766/716 828/767/717 589/55/55 151/58/58
f  829/764/714 828/767/717 471/418/385 67/413/382
f  825/768/718 826/769/719 590/59/59 150/62/62
f  827/766/716 826/769/719 472/424/389 66/419/386
f  823/770/720 824/771/721 591/63/63 149/66/66
f  825/768/718 824/771/721 473/430/393 65/425/390
f  821/772/722 822/773/723 592/67/67 148/70/70
f  823/770/720 822/773/723 474/436/397 64/431/394
f  819/774/724 820/775/725 593/71/71 147/74/74
f  821/772/722 820/775/725 475/442/401 63/437/398
f  146/78/78 817/776/726 818/777/727 594/75/75
f  819/774/724 818/777/727 476/448/405 62/443/402
f  145/82/82 815/778/728 816/779/729 595/79/79
f  61/449/406 817/776/726 816/779/729 477/454/409
f  813/780/730 814/781/731 596/83/83 954/86/86
f  815/778/728 814/781/731 479/462/414 60/455/410
f  309/782/732 598/717/667 24/182/182 623/181/181
f  648/783/733 309/782/732 623/181/181 165/188/188
f  309/782/732 648/783/733 166/177/177 600/176/176
f  598/717/667 309/782/732 600/176/176 161/93/93
f  394/469/420 310/784/734 726/785/735 727/470/421
f  735/466/417 748/465/416 1551/786/736 739/787/737
f  733/788/738 734/789/739 739/787/737 740/790/740
f  725/791/741 726/785/735 310/784/734 722/792/742
f  166/177/177 652/793/743 311/794/744 624/178/178
f  624/178/178 311/794/744 744/795/745
f  164/186/186 650/796/746 312/797/747 625/187/187
f  165/188/188 625/187/187 312/797/747 651/798/748
f  163/193/193 649/799/749 313/800/750 626/194/194
f  626/194/194 313/800/750 650/796/746 164/186/186
f  186/199/199 672/801/751 314/802/752 627/200/200
f  627/200/200 314/802/752 649/799/749 163/193/193
f  185/205/205 671/803/753 315/804/754 628/206/206
f  628/206/206 315/804/754 672/801/751 186/199/199
f  184/211/211 670/805/755 316/806/756 629/212/212
f  629/212/212 316/806/756 671/803/753 185/205/205
f  183/217/217 669/807/757 317/808/758 630/218/218
f  630/218/218 317/808/758 670/805/755 184/211/211
f  182/223/223 668/809/759 318/810/760 631/224/224
f  631/224/224 318/810/760 669/807/757 183/217/217
f  181/229/229 667/811/761 319/812/762 632/230/230
f  632/230/230 319/812/762 668/809/759 182/223/223
f  180/235/235 666/813/763 320/814/764 633/236/236
f  633/236/236 320/814/764 667/811/761 181/229/229
f  179/241/241 665/815/765 321/816/766 634/242/242
f  634/242/242 321/816/766 666/813/763 180/235/235
f  178/247/247 664/817/767 322/818/768 635/248/248
f  635/248/248 322/818/768 665/815/765 179/241/241
f  177/252/252 663/819/769 323/820/770 636/253/253
f  636/253/253 323/820/770 664/817/767 178/247/247
f  176/256/256 662/821/771 324/822/772 637/257/257
f  637/257/257 324/822/772 663/819/769 177/252/252
f  175/262/262 661/823/773 325/824/774 638/263/263
f  638/263/263 325/824/774 662/821/771 176/256/256
f  174/268/268 660/825/775 326/826/776 639/269/269
f  639/269/269 326/826/776 661/823/773 175/262/262
f  173/274/274 659/827/777 327/828/778 640/275/275
f  640/275/275 327/828/778 660/825/775 174/268/268
f  172/280/280 658/829/779 328/830/780 641/281/281
f  641/281/281 328/830/780 659/827/777 173/274/274
f  171/286/286 657/831/781 329/832/782 642/287/287
f  642/287/287 329/832/782 658/829/779 172/280/280
f  170/292/292 656/833/783 330/834/784 643/293/293
f  643/293/293 330/834/784 657/831/781 171/286/286
f  169/298/298 655/835/785 331/836/786 644/299/299
f  644/299/299 331/836/786 656/833/783 170/292/292
f  168/304/304 654/837/787 332/838/788 645/305/305
f  645/305/305 332/838/788 655/835/785 169/298/298
f  167/310/310 653/839/789 333/840/790 646/311/311
f  646/311/311 333/840/790 654/837/787 168/304/304
f  1186/316/316 721/841/791 334/842/792 647/317/317
f  647/317/317 334/842/792 653/839/789 167/310/310
f  165/188/188 651/798/748 335/843/793 648/783/733
f  648/783/733 335/843/793 652/793/743 166/177/177
f  597/844/794 311/794/744 652/793/743 162/845/795
f  744/795/745 311/794/744 597/844/794 743/846/796
f  395/474/425 312/797/747 650/796/746 38/476/427
f  312/797/747 395/474/425 37/473/424 651/798/748
f  396/478/429 313/800/750 649/799/749 39/480/431
f  313/800/750 396/478/429 38/476/427 650/796/746
f  397/482/433 314/802/752 672/801/751 40/484/435
f  314/802/752 397/482/433 39/480/431 649/799/749
f  398/486/437 315/804/754 671/803/753 41/488/439
f  315/804/754 398/486/437 40/484/435 672/801/751
f  399/490/441 316/806/756 670/805/755 42/492/443
f  316/806/756 399/490/441 41/488/439 671/803/753
f  400/494/445 317/808/758 669/807/757 43/496/447
f  317/808/758 400/494/445 42/492/443 670/805/755
f  401/498/449 318/810/760 668/809/759 44/500/451
f  318/810/760 401/498/449 43/496/447 669/807/757
f  403/502/453 319/812/762 667/811/761 45/504/455
f  319/812/762 403/502/453 44/500/451 668/809/759
f  405/506/457 320/814/764 666/813/763 46/508/459
f  320/814/764 405/506/457 45/504/455 667/811/761
f  407/510/461 321/816/766 665/815/765 47/512/463
f  321/816/766 407/510/461 46/508/459 666/813/763
f  409/514/465 322/818/768 664/817/767 48/516/467
f  322/818/768 409/514/465 47/512/463 665/815/765
f  411/518/469 323/820/770 663/819/769 49/520/471
f  323/820/770 411/518/469 48/516/467 664/817/767
f  413/522/473 324/822/772 662/821/771 50/524/475
f  324/822/772 413/522/473 49/520/471 663/819/769
f  414/526/477 325/824/774 661/823/773 51/528/479
f  325/824/774 414/526/477 50/524/475 662/821/771
f  416/530/481 326/826/776 660/825/775 52/532/483
f  326/826/776 416/530/481 51/528/479 661/823/773
f  418/534/485 327/828/778 659/827/777 53/536/487
f  327/828/778 418/534/485 52/532/483 660/825/775
f  420/538/489 328/830/780 658/829/779 54/540/491
f  328/830/780 420/538/489 53/536/487 659/827/777
f  422/542/493 329/832/782 657/831/781 55/544/495
f  329/832/782 422/542/493 54/540/491 658/829/779
f  424/546/497 330/834/784 656/833/783 56/548/499
f  330/834/784 424/546/497 55/544/495 657/831/781
f  426/550/501 331/836/786 655/835/785 57/552/503
f  331/836/786 426/550/501 56/548/499 656/833/783
f  428/554/505 332/838/788 654/837/787 58/556/507
f  332/838/788 428/554/505 57/552/503 655/835/785
f  430/558/509 333/840/790 653/839/789 59/560/511
f  333/840/790 430/558/509 58/556/507 654/837/787
f  478/562/513 334/842/792 721/841/791 1382/564/515
f  334/842/792 478/562/513 59/560/511 653/839/789
f  599/847/797 335/843/793 651/798/748 37/473/424
f  335/843/793 599/847/797 162/845/795 652/793/743
f  1613/848/798 2610/849/799 2609/850/798 187/851/800
f  187/851/801 2609/850/802 2608/852/801 336/853/803
f  336/853/804 2608/852/805 2607/854/804 188/855/806
f  188/855/807 2607/854/808 2606/856/807 338/857/809
f  338/857/810 2606/856/811 2605/858/810 189/859/812
f  189/859/813 2605/858/814 2604/860/813 340/861/815
f  340/861/816 2604/860/817 2603/862/816 190/863/818
f  190/863/819 2603/862/820 2602/864/819 342/865/821
f  342/865/822 2602/864/823 2601/866/822 191/867/824
f  191/867/825 2601/866/826 2600/868/825 344/869/827
f  344/869/828 2600/868/829 2599/870/828 192/871/830
f  192/871/831 2599/870/832 2598/872/831 346/873/833
f  346/873/834 2598/872/835 2597/874/834 193/875/836
f  193/875/837 2597/874/838 2596/876/837 348/877/839
f  348/877/840 2596/876/841 2595/878/840 194/879/840
f  194/879/842 2595/878/843 2594/880/842 350/881/844
f  350/881/845 2594/880/846 2593/882/845 195/883/847
f  195/883/848 2593/882/849 2592/884/848 352/885/850
f  352/885/851 2592/884/852 2591/886/851 196/887/851
f  196/887/853 2591/886/853 2590/888/853 354/889/853
f  354/889/854 2590/888/855 2589/890/854 197/891/856
f  197/891/857 2589/890/858 2588/892/857 356/893/859
f  356/893/860 2588/892/861 2587/894/860 198/895/862
f  198/895/863 2587/894/864 2586/896/863 358/897/865
f  358/897/866 2586/896/867 2585/898/866 199/899/868
f  199/899/869 2585/898/870 2584/900/869 360/901/871
f  360/901/872 2584/900/873 2583/902/872 200/903/874
f  200/903/875 2583/902/876 2582/904/875 362/905/877
f  362/905/878 2582/904/879 2581/906/878 201/907/880
f  201/907/881 2581/906/882 2580/908/881 364/909/883
f  364/909/884 2580/908/884 2579/910/884 202/911/885
f  202/911/886 2579/910/887 2578/912/886 366/913/888
f  366/913/889 2578/912/889 2577/914/889 203/915/889
f  203/915/890 2577/914/891 2576/916/890 367/917/892
f  367/917/893 2576/916/894 2575/918/893 204/919/895
f  204/919/896 2575/918/897 2574/920/896 368/921/898
f  368/921/899 2574/920/899 2573/922/899 205/923/900
f  205/923/901 2573/922/902 2572/924/901 369/925/903
f  369/925/904 2572/924/905 2571/926/904 206/927/906
f  206/927/907 2571/926/908 2570/928/907 370/929/909
f  370/929/910 2570/928/911 2569/930/910 207/931/912
f  207/931/913 2569/930/914 2568/932/913 371/933/915
f  371/933/916 2568/932/917 2567/934/916 208/935/918
f  208/935/919 2567/934/920 2566/936/919 372/937/921
f  372/937/922 2566/936/923 2565/938/922 209/939/924
f  209/939/925 2565/938/926 2564/940/925 373/941/927
f  373/941/928 2564/940/929 2563/942/928 210/943/930
f  210/943/931 2563/942/932 2562/944/931 1708/945/933
f  597/844/794 722/792/742 742/946/934 743/846/796
f  310/784/734 394/469/420 723/947/935
f  723/947/935 394/469/420 480/472/423 724/948/936
f  724/948/936 480/472/423 1848/571/522 1849/949/517
f  597/844/794 162/845/795 725/791/741 722/792/742
f  725/791/741 162/845/795 599/847/797 726/785/735
f  599/847/797 37/473/424 727/470/421 726/785/735
f  727/470/421 37/473/424 83/471/422
f  310/784/937 3552/950/938 3553/951/937 722/792/939
f  723/947/940 3551/952/941 3552/950/940 310/784/942
f  723/947/943 724/948/944 3562/953/943 3551/952/945
f  1384/954/946 3561/955/947 3562/953/946 724/948/948
f  742/946/949 722/792/950 3553/951/949 3554/956/951
f  728/957/952 729/958/953 734/789/952 733/788/954
f  729/958/955 730/959/956 735/466/955 734/789/957
f  730/959/958 731/960/959 736/467/958 735/466/960
f  731/960/961 732/961/962 737/468/961 736/467/963
f  741/962/964 728/957/965 733/788/964 740/790/966
f  1551/786/736 738/963/967 740/790/740 739/787/737
f  738/963/968 750/964/969 741/962/968 740/790/970
f  750/964/971 3555/965/972 3554/956/971 741/962/973
f  751/966/974 752/967/975 743/846/796 742/946/934
f  743/846/796 752/967/975 720/968/976 744/795/745
f  624/178/178 744/795/745 720/968/976 1050/179/179
f  739/787/737 734/789/739 735/466/417
f  753/969/977 579/15/15 848/747/697 754/970/978
f  754/970/978 77/353/342 460/352/341 755/971/979
f  755/971/979 460/352/341 78/347/338
f  78/347/338 459/346/337 756/972/980 755/971/979
f  756/972/980 459/346/337 79/341/334 757/973/981
f  757/973/981 79/341/334 458/340/333 758/974/982
f  806/744/694 142/14/14 759/975/983 758/974/982
f  142/14/14 765/13/13 760/976/984 759/975/983
f  190/863/985 342/865/986 761/977/987 760/976/984
f  342/865/986 191/867/988 762/978/989 761/977/987
f  762/978/989 191/867/988 344/869/990 763/979/991
f  763/979/991 344/869/990 192/871/992
f  763/979/991 192/871/992 346/873/993 764/980/994
f  805/16/16 579/15/15 753/969/977 764/980/994
f  187/851/995 336/853/996 769/3/3 770/2/2
f  1613/848/997 187/851/995 770/2/2 877/6/6
f  188/855/998 338/857/999 767/9/9 768/8/8
f  336/853/996 188/855/998 768/8/8 769/3/3
f  189/859/1000 340/861/1001 765/13/13 766/12/12
f  338/857/999 189/859/1000 766/12/12 767/9/9
f  193/875/1002 348/877/1003 804/17/17 805/16/16
f  194/879/1004 350/881/1005 802/21/21 803/20/20
f  348/877/1003 194/879/1004 803/20/20 804/17/17
f  195/883/1006 352/885/1007 800/25/25 801/24/24
f  350/881/1005 195/883/1006 801/24/24 802/21/21
f  196/887/1008 354/889/1009 798/29/29 799/28/28
f  352/885/1007 196/887/1008 799/28/28 800/25/25
f  197/891/1010 356/893/1011 796/33/33 797/32/32
f  354/889/1009 197/891/1010 797/32/32 798/29/29
f  198/895/1012 358/897/1013 794/37/37 795/36/36
f  356/893/1011 198/895/1012 795/36/36 796/33/33
f  199/899/1014 360/901/1015 792/41/41 793/40/40
f  358/897/1013 199/899/1014 793/40/40 794/37/37
f  200/903/1016 362/905/1017 790/45/45 791/44/44
f  360/901/1015 200/903/1016 791/44/44 792/41/41
f  201/907/1018 364/909/1019 788/49/49 789/48/48
f  362/905/1017 201/907/1018 789/48/48 790/45/45
f  202/911/1020 366/913/1021 786/53/53 787/52/52
f  364/909/1019 202/911/1020 787/52/52 788/49/49
f  203/915/1022 367/917/1023 784/57/57 785/56/56
f  366/913/1021 203/915/1022 785/56/56 786/53/53
f  204/919/1024 368/921/1025 782/61/61 783/60/60
f  367/917/1023 204/919/1024 783/60/60 784/57/57
f  205/923/1026 369/925/1027 780/65/65 781/64/64
f  368/921/1025 205/923/1026 781/64/64 782/61/61
f  206/927/1028 370/929/1029 778/69/69 779/68/68
f  369/925/1027 206/927/1028 779/68/68 780/65/65
f  207/931/1030 371/933/1031 776/73/73 777/72/72
f  370/929/1029 207/931/1030 777/72/72 778/69/69
f  775/76/76 208/935/1032 372/937/1033 774/77/77
f  371/933/1031 208/935/1032 775/76/76 776/73/73
f  773/80/80 209/939/1034 373/941/1035 772/81/81
f  774/77/77 372/937/1033 209/939/1034 773/80/80
f  210/943/1036 1708/945/1037 957/85/85 771/84/84
f  373/941/1035 210/943/1036 771/84/84 772/81/81
f  82/320/320 455/319/319 811/740/690 810/739/689
f  745/5/5 576/1/1 811/740/690 812/741/691
f  81/329/326 456/328/325 809/743/693 808/742/692
f  144/4/4 577/7/7 809/743/693 810/739/689
f  80/335/330 457/334/329 807/745/695 806/744/694
f  143/10/10 578/11/11 807/745/695 808/742/692
f  76/359/346 461/358/345 848/747/697 847/746/696
f  75/365/350 462/364/349 846/749/699 845/748/698
f  141/18/18 580/19/19 846/749/699 847/746/696
f  74/371/354 463/370/353 844/751/701 843/750/700
f  160/22/22 581/23/23 844/751/701 845/748/698
f  73/377/358 464/376/357 842/753/703 841/752/702
f  159/26/26 582/27/27 842/753/703 843/750/700
f  72/383/362 465/382/361 840/755/705 839/754/704
f  158/30/30 583/31/31 840/755/705 841/752/702
f  71/389/366 466/388/365 838/757/707 837/756/706
f  157/34/34 584/35/35 838/757/707 839/754/704
f  70/395/370 467/394/369 836/759/709 835/758/708
f  156/38/38 585/39/39 836/759/709 837/756/706
f  69/401/374 468/400/373 834/761/711 833/760/710
f  155/42/42 586/43/43 834/761/711 835/758/708
f  68/407/378 469/406/377 832/763/713 831/762/712
f  154/46/46 587/47/47 832/763/713 833/760/710
f  67/413/382 470/412/381 830/765/715 829/764/714
f  153/50/50 588/51/51 830/765/715 831/762/712
f  66/419/386 471/418/385 828/767/717 827/766/716
f  152/54/54 589/55/55 828/767/717 829/764/714
f  65/425/390 472/424/389 826/769/719 825/768/718
f  151/58/58 590/59/59 826/769/719 827/766/716
f  64/431/394 473/430/393 824/771/721 823/770/720
f  150/62/62 591/63/63 824/771/721 825/768/718
f  63/437/398 474/436/397 822/773/723 821/772/722
f  149/66/66 592/67/67 822/773/723 823/770/720
f  62/443/402 475/442/401 820/775/725 819/774/724
f  148/70/70 593/71/71 820/775/725 821/772/722
f  817/776/726 61/449/406 476/448/405 818/777/727
f  819/774/724 147/74/74 594/75/75 818/777/727
f  815/778/728 60/455/410 477/454/409 816/779/729
f  817/776/726 146/78/78 595/79/79 816/779/729
f  1284/464/415 479/462/414 814/781/731 813/780/730
f  815/778/728 145/82/82 596/83/83 814/781/731
f  458/340/333 80/335/330 806/744/694 758/974/982
f  340/861/1001 190/863/985 760/976/984 765/13/13
f  848/747/697 461/358/345 77/353/342 754/970/978
f  346/873/993 193/875/1002 805/16/16 764/980/994
f  753/969/1038 754/970/1039 866/981/1038 867/982/1040
f  754/970/1041 755/971/1042 865/983/1041 866/981/1043
f  755/971/1044 756/972/1044 864/984/1044 865/983/1044
f  756/972/1045 757/973/1045 863/985/1045 864/984/1045
f  757/973/1046 758/974/1046 862/986/1046 863/985/1046
f  758/974/1047 759/975/1047 861/987/1047 862/986/1047
f  760/976/1048 872/988/1049 861/987/1048 759/975/1050
f  761/977/1051 871/989/1052 872/988/1051 760/976/1053
f  762/978/1054 870/990/1055 871/989/1054 761/977/1056
f  763/979/1057 869/991/1058 870/990/1057 762/978/1059
f  764/980/1060 868/992/1060 869/991/1060 763/979/1060
f  753/969/1061 867/982/1061 868/992/1061 764/980/1061
f  850/993/1062 849/994/1063 867/995/1062 866/996/1064
f  851/997/1065 850/993/1066 866/996/1065 865/998/1067
f  852/999/1068 851/997/1069 865/998/1068 864/1000/1044
f  853/1001/1070 852/999/1071 864/1000/1070 863/1002/1072
f  854/1003/1073 853/1001/1074 863/1002/1073 862/1004/1075
f  855/1005/1076 854/1003/1077 862/1004/1076 861/1006/1078
f  872/1007/1079 856/1008/1080 855/1005/1079 861/1006/1081
f  871/1009/1082 857/1010/1083 856/1011/1082 872/1012/1084
f  870/1013/1085 858/1014/1086 857/1010/1085 871/1009/1087
f  869/1015/1088 859/1016/1089 858/1014/1088 870/1013/1090
f  868/1017/1091 860/1018/1092 859/1016/1091 869/1015/1093
f  867/995/1094 849/994/1095 860/1018/1094 868/1017/1096
f  874/1019/1097 873/1020/1098 876/1021/1099 875/1022/1100
f  745/5/5 874/1019/1097 875/1022/1100 877/6/6
f  879/1023/1101 878/1024/1102 881/1025/1103 880/1026/1104
f  873/1020/1098 879/1023/1101 880/1026/1104 876/1021/1099
f  883/1027/1105 882/1028/1106 885/1029/1107 884/1030/1108
f  878/1024/1102 883/1027/1105 884/1030/1108 881/1025/1103
f  887/1031/1109 886/1032/1110 889/1033/1111 888/1034/1112
f  891/1035/1113 890/1036/1114 893/1037/1115 892/1038/1116
f  886/1032/1110 891/1035/1113 892/1038/1116 889/1033/1111
f  895/1039/1117 894/1040/1118 897/1041/1119 896/1042/1120
f  890/1036/1114 895/1039/1117 896/1042/1120 893/1037/1115
f  899/1043/1121 898/1044/1122 901/1045/1123 900/1046/1124
f  894/1040/1118 899/1043/1121 900/1046/1124 897/1041/1119
f  903/1047/1125 902/1048/1126 905/1049/1127 904/1050/1128
f  898/1044/1122 903/1047/1125 904/1050/1128 901/1045/1123
f  907/1051/1129 906/1052/1130 909/1053/1131 908/1054/1132
f  902/1048/1126 907/1051/1129 908/1054/1132 905/1049/1127
f  911/1055/1133 910/1056/1134 913/1057/1135 912/1058/1136
f  906/1052/1130 911/1055/1133 912/1058/1136 909/1053/1131
f  915/1059/1137 914/1060/1138 917/1061/1139 916/1062/1140
f  910/1056/1134 915/1059/1137 916/1062/1140 913/1057/1135
f  919/1063/1141 918/1064/1142 921/1065/1143 920/1066/1144
f  914/1060/1138 919/1063/1141 920/1066/1144 917/1061/1139
f  923/1067/1145 922/1068/1146 925/1069/1147 924/1070/1148
f  918/1064/1142 923/1067/1145 924/1070/1148 921/1065/1143
f  927/1071/1149 926/1072/1150 929/1073/1151 928/1074/1152
f  922/1068/1146 927/1071/1149 928/1074/1152 925/1069/1147
f  931/1075/1153 930/1076/1154 933/1077/1155 932/1078/1156
f  926/1072/1150 931/1075/1153 932/1078/1156 929/1073/1151
f  935/1079/1157 934/1080/1158 937/1081/1159 936/1082/1160
f  930/1076/1154 935/1079/1157 936/1082/1160 933/1077/1155
f  939/1083/1161 938/1084/1162 941/1085/1163 940/1086/1164
f  934/1080/1158 939/1083/1161 940/1086/1164 937/1081/1159
f  943/1087/1165 942/1088/1166 945/1089/1167 944/1090/1168
f  938/1084/1162 943/1087/1165 944/1090/1168 941/1085/1163
f  947/1091/1169 946/1092/1170 949/1093/1171 948/1094/1172
f  942/1088/1166 947/1091/1169 948/1094/1172 945/1089/1167
f  951/1095/1173 950/1096/1174 953/1097/1175 952/1098/1176
f  946/1092/1170 951/1095/1173 952/1098/1176 949/1093/1171
f  955/1099/1177 954/1100/86 957/1101/85 956/1102/1178
f  950/1096/1174 955/1099/1177 956/1102/1178 953/1097/1175
f  960/1103/1179 959/1104/1180 958/89/89 961/88/88
f  963/1105/1181 962/1106/1182 959/1104/1180 960/1103/1179
f  960/1103/1179 965/1107/1183 964/1108/1184 963/1105/1181
f  961/88/88 966/95/95 965/1107/1183 960/1103/1179
f  968/1109/1185 967/1110/1186 962/1106/1182 963/1105/1181
f  970/1111/1187 969/1112/1188 967/1110/1186 968/1109/1185
f  968/1109/1185 972/1113/1189 971/1114/1190 970/1111/1187
f  963/1105/1181 964/1108/1184 972/1113/1189 968/1109/1185
f  974/1115/1191 973/1116/1192 969/1112/1188 970/1111/1187
f  976/1117/1193 975/1118/1194 973/1116/1192 974/1115/1191
f  974/1115/1191 978/1119/1195 977/1120/1196 976/1117/1193
f  970/1111/1187 971/1114/1190 978/1119/1195 974/1115/1191
f  980/1121/1197 979/1122/1198 975/1118/1194 976/1117/1193
f  982/1123/1199 981/1124/1200 979/1122/1198 980/1121/1197
f  980/1121/1197 984/1125/1201 983/1126/1202 982/1123/1199
f  976/1117/1193 977/1120/1196 984/1125/1201 980/1121/1197
f  986/1127/1203 985/1128/1204 981/1124/1200 982/1123/1199
f  988/1129/1205 987/1130/1206 985/1128/1204 986/1127/1203
f  986/1127/1203 990/1131/1207 989/1132/1208 988/1129/1205
f  982/1123/1199 983/1126/1202 990/1131/1207 986/1127/1203
f  992/1133/1209 991/1134/1210 987/1130/1206 988/1129/1205
f  994/1135/1211 993/1136/1212 991/1134/1210 992/1133/1209
f  992/1133/1209 996/1137/1213 995/1138/1214 994/1135/1211
f  988/1129/1205 989/1132/1208 996/1137/1213 992/1133/1209
f  998/1139/1215 997/1140/1216 993/1136/1212 994/1135/1211
f  1000/1141/1217 999/1142/1218 997/1140/1216 998/1139/1215
f  998/1139/1215 1002/1143/1219 1001/1144/1220 1000/1141/1217
f  994/1135/1211 995/1138/1214 1002/1143/1219 998/1139/1215
f  1004/1145/1221 1003/1146/1222 999/1142/1218 1000/1141/1217
f  1006/1147/1223 1005/1148/1224 1003/1146/1222 1004/1145/1221
f  1004/1145/1221 1008/1149/1225 1007/1150/1226 1006/1147/1223
f  1000/1141/1217 1001/1144/1220 1008/1149/1225 1004/1145/1221
f  1010/1151/1227 1009/1152/1228 1005/1148/1224 1006/1147/1223
f  1012/1153/1229 1011/1154/1230 1009/1152/1228 1010/1151/1227
f  1010/1151/1227 1014/1155/1231 1013/1156/1232 1012/1153/1229
f  1006/1147/1223 1007/1150/1226 1014/1155/1231 1010/1151/1227
f  1016/1157/1233 1015/1158/1234 1011/1154/1230 1012/1153/1229
f  1018/1159/1235 1017/1160/1236 1015/1158/1234 1016/1157/1233
f  1016/1157/1233 1020/1161/1237 1019/1162/1238 1018/1159/1235
f  1012/1153/1229 1013/1156/1232 1020/1161/1237 1016/1157/1233
f  1022/1163/1239 1021/1164/1240 1017/1160/1236 1018/1159/1235
f  1024/1165/1241 1023/1166/1242 1021/1164/1240 1022/1163/1239
f  1022/1163/1239 1026/1167/1243 1025/1168/1244 1024/1165/1241
f  1018/1159/1235 1019/1162/1238 1026/1167/1243 1022/1163/1239
f  1028/1169/1245 1027/1170/1246 1023/1166/1242 1024/1165/1241
f  1030/1171/1247 1029/1172/1248 1027/1170/1246 1028/1169/1245
f  1028/1169/1245 1032/1173/1249 1031/1174/1250 1030/1171/1247
f  1024/1165/1241 1025/1168/1244 1032/1173/1249 1028/1169/1245
f  1034/1175/1251 1033/1176/1252 1029/1172/1248 1030/1171/1247
f  1036/1177/1253 1035/1178/1254 1033/1176/1252 1034/1175/1251
f  1034/1175/1251 1038/1179/1255 1037/1180/1256 1036/1177/1253
f  1030/1171/1247 1031/1174/1250 1038/1179/1255 1034/1175/1251
f  1040/1181/1257 1039/1182/1258 1035/1178/1254 1036/1177/1253
f  1042/1183/1259 1041/1184/1260 1039/1182/1258 1040/1181/1257
f  1040/1181/1257 1044/1185/1261 1043/1186/1262 1042/1183/1259
f  1036/1177/1253 1037/1180/1256 1044/1185/1261 1040/1181/1257
f  1045/1187/1263 965/1107/1183 966/95/95 1046/175/175
f  1047/1188/1264 964/1108/1184 965/1107/1183 1045/1187/1263
f  1045/1187/1263 1049/1189/1265 1048/1190/1266 1047/1188/1264
f  1046/175/175 1050/179/179 1049/1189/1265 1045/1187/1263
f  1053/1191/1267 1052/1192/1268 1051/1193/1269 1054/1194/1270
f  1056/1195/1271 1055/1196/1272 1052/1192/1268 1053/1191/1267
f  1053/1191/1267 1058/1197/1273 1057/1198/1274 1056/1195/1271
f  1054/1194/1270 1059/1199/1275 1058/1197/1273 1053/1191/1267
f  1061/1200/1276 1060/1201/1277 1055/1196/1272 1056/1195/1271
f  1063/1202/1278 1062/1203/1279 1060/1201/1277 1061/1200/1276
f  1061/1200/1276 1065/1204/1280 1064/1205/1281 1063/1202/1278
f  1056/1195/1271 1057/1198/1274 1065/1204/1280 1061/1200/1276
f  1067/1206/1282 1066/1207/1283 1062/1203/1279 1063/1202/1278
f  1069/1208/1284 1068/1209/1285 1066/1207/1283 1067/1206/1282
f  1067/1206/1282 1071/1210/1286 1070/1211/1287 1069/1208/1284
f  1063/1202/1278 1064/1205/1281 1071/1210/1286 1067/1206/1282
f  1073/1212/1288 1072/1213/1289 1068/1209/1285 1069/1208/1284
f  1075/1214/1290 1074/1215/1291 1072/1213/1289 1073/1212/1288
f  1073/1212/1288 1077/1216/1292 1076/1217/1293 1075/1214/1290
f  1069/1208/1284 1070/1211/1287 1077/1216/1292 1073/1212/1288
f  1079/1218/1294 1078/1219/1295 1074/1215/1291 1075/1214/1290
f  1081/1220/1296 1080/1221/1297 1078/1219/1295 1079/1218/1294
f  1079/1218/1294 1083/1222/1298 1082/1223/1299 1081/1220/1296
f  1075/1214/1290 1076/1217/1293 1083/1222/1298 1079/1218/1294
f  1085/1224/1300 1084/1225/1301 1080/1221/1297 1081/1220/1296
f  1087/1226/1302 1086/1227/1303 1084/1225/1301 1085/1224/1300
f  1085/1224/1300 1089/1228/1304 1088/1229/1305 1087/1226/1302
f  1081/1220/1296 1082/1223/1299 1089/1228/1304 1085/1224/1300
f  1091/1230/1306 1090/1231/1307 1086/1227/1303 1087/1226/1302
f  1093/1232/1308 1092/1233/1309 1090/1231/1307 1091/1230/1306
f  1091/1230/1306 1095/1234/1310 1094/1235/1311 1093/1232/1308
f  1087/1226/1302 1088/1229/1305 1095/1234/1310 1091/1230/1306
f  1097/1236/1312 1096/1237/1313 1092/1233/1309 1093/1232/1308
f  1099/1238/1314 1098/1239/1315 1096/1237/1313 1097/1236/1312
f  1097/1236/1312 1101/1240/1316 1100/1241/1317 1099/1238/1314
f  1093/1232/1308 1094/1235/1311 1101/1240/1316 1097/1236/1312
f  1103/1242/1318 1102/1243/1319 1098/1239/1315 1099/1238/1314
f  1105/1244/1320 1104/1245/1321 1102/1243/1319 1103/1242/1318
f  1103/1242/1318 1107/1246/1322 1106/1247/1323 1105/1244/1320
f  1099/1238/1314 1100/1241/1317 1107/1246/1322 1103/1242/1318
f  1109/1248/1324 1108/1249/1325 1104/1245/1321 1105/1244/1320
f  1111/1250/1326 1110/1251/1327 1108/1249/1325 1109/1248/1324
f  1109/1248/1324 1113/1252/1328 1112/1253/1329 1111/1250/1326
f  1105/1244/1320 1106/1247/1323 1113/1252/1328 1109/1248/1324
f  1115/1254/1330 1114/1255/1331 1110/1251/1327 1111/1250/1326
f  1117/1256/1332 1116/1257/1333 1114/1255/1331 1115/1254/1330
f  1115/1254/1330 1119/1258/1334 1118/1259/1335 1117/1256/1332
f  1111/1250/1326 1112/1253/1329 1119/1258/1334 1115/1254/1330
f  1121/1260/1336 1120/1261/1337 1116/1257/1333 1117/1256/1332
f  1122/1262/1338 1043/1186/1262 1120/1261/1337 1121/1260/1336
f  1121/1260/1336 1124/1263/1339 1123/1264/1340 1122/1262/1338
f  1117/1256/1332 1118/1259/1335 1124/1263/1339 1121/1260/1336
f  1125/1265/1341 1042/1183/1259 1043/1186/1262 1122/1262/1338
f  1126/1266/1342 1041/1184/1260 1042/1183/1259 1125/1265/1341
f  1125/1265/1341 1128/1267/1343 1127/1268/1344 1126/1266/1342
f  1122/1262/1338 1123/1264/1340 1128/1267/1343 1125/1265/1341
f  1130/1269/1345 1129/1270/1346 1041/1184/1260 1126/1266/1342
f  1132/1271/1347 1131/1272/1348 1129/1270/1346 1130/1269/1345
f  1130/1269/1345 1134/1273/1349 1133/1274/1350 1132/1271/1347
f  1126/1266/1342 1127/1268/1344 1134/1273/1349 1130/1269/1345
f  1136/1275/1351 1135/1276/1352 1131/1272/1348 1132/1271/1347
f  1138/1277/1353 1137/1278/1354 1135/1276/1352 1136/1275/1351
f  1136/1275/1351 1140/1279/1355 1139/1280/1356 1138/1277/1353
f  1132/1271/1347 1133/1274/1350 1140/1279/1355 1136/1275/1351
f  1142/1281/1357 1141/1282/1358 1137/1278/1354 1138/1277/1353
f  1144/1283/1359 1143/1284/1360 1141/1282/1358 1142/1281/1357
f  1142/1281/1357 1146/1285/1361 1145/1286/1362 1144/1283/1359
f  1138/1277/1353 1139/1280/1356 1146/1285/1361 1142/1281/1357
f  1148/1287/1363 1147/1288/1364 1143/1284/1360 1144/1283/1359
f  1150/1289/1365 1149/1290/1366 1147/1288/1364 1148/1287/1363
f  1148/1287/1363 1152/1291/1367 1151/1292/1368 1150/1289/1365
f  1144/1283/1359 1145/1286/1362 1152/1291/1367 1148/1287/1363
f  1154/1293/1369 1153/1294/1370 1149/1290/1366 1150/1289/1365
f  1156/1295/1371 1155/1296/1372 1153/1294/1370 1154/1293/1369
f  1154/1293/1369 1158/1297/1373 1157/1298/1374 1156/1295/1371
f  1150/1289/1365 1151/1292/1368 1158/1297/1373 1154/1293/1369
f  1160/1299/1375 1159/1300/1376 1155/1296/1372 1156/1295/1371
f  1162/1301/1377 1161/1302/1378 1159/1300/1376 1160/1299/1375
f  1160/1299/1375 1164/1303/1379 1163/1304/1380 1162/1301/1377
f  1156/1295/1371 1157/1298/1374 1164/1303/1379 1160/1299/1375
f  1166/1305/1381 1165/1306/1382 1161/1302/1378 1162/1301/1377
f  1168/1307/1383 1167/1308/1384 1165/1306/1382 1166/1305/1381
f  1166/1305/1381 1170/1309/1385 1169/1310/1386 1168/1307/1383
f  1162/1301/1377 1163/1304/1380 1170/1309/1385 1166/1305/1381
f  1172/1311/1387 1171/1312/1388 1167/1308/1384 1168/1307/1383
f  1174/1313/1389 1173/1314/1390 1171/1312/1388 1172/1311/1387
f  1172/1311/1387 1176/1315/1391 1175/1316/1392 1174/1313/1389
f  1168/1307/1383 1169/1310/1386 1176/1315/1391 1172/1311/1387
f  1178/1317/1393 1177/1318/1394 1173/1314/1390 1174/1313/1389
f  1180/1319/1395 1179/1320/1396 1177/1318/1394 1178/1317/1393
f  1178/1317/1393 1182/1321/1397 1181/1322/1398 1180/1319/1395
f  1174/1313/1389 1175/1316/1392 1182/1321/1397 1178/1317/1393
f  1184/1323/1399 1183/1324/1400 1179/1320/1396 1180/1319/1395
f  1185/314/314 746/315/315 1183/1324/1400 1184/1323/1399
f  1184/1323/1399 1187/1325/1401 1186/316/316 1185/314/314
f  1180/1319/1395 1181/1322/1398 1187/1325/1401 1184/1323/1399
f  1190/1326/1402 1189/1327/1403 1188/1328/1404 1191/1329/1405
f  959/1104/1180 962/1106/1182 1189/1330/1403 1190/1331/1402
f  1190/1331/1402 747/324/322 958/89/89 959/1104/1180
f  1191/1329/1405 1192/326/323 747/325/322 1190/1326/1402
f  1195/1332/1406 1194/1333/1407 1193/1334/1408 1196/1335/1409
f  967/1110/1186 969/1112/1188 1194/1336/1407 1195/1337/1406
f  1195/1337/1406 1189/1330/1403 962/1106/1182 967/1110/1186
f  1196/1335/1409 1188/1328/1404 1189/1327/1403 1195/1332/1406
f  1199/1338/1410 1198/1339/1411 1197/1340/1412 1200/1341/1413
f  973/1116/1192 975/1118/1194 1198/1342/1411 1199/1343/1410
f  1199/1343/1410 1194/1336/1407 969/1112/1188 973/1116/1192
f  1200/1341/1413 1193/1334/1408 1194/1333/1407 1199/1338/1410
f  1203/1344/1414 1202/1345/1415 1201/1346/1416 1204/1347/1417
f  979/1122/1198 981/1124/1200 1202/1348/1415 1203/1349/1414
f  1203/1349/1414 1198/1342/1411 975/1118/1194 979/1122/1198
f  1204/1347/1417 1197/1340/1412 1198/1339/1411 1203/1344/1414
f  1207/1350/1418 1206/1351/1419 1205/1352/1420 1208/1353/1421
f  985/1128/1204 987/1130/1206 1206/1354/1419 1207/1355/1418
f  1207/1355/1418 1202/1348/1415 981/1124/1200 985/1128/1204
f  1208/1353/1421 1201/1346/1416 1202/1345/1415 1207/1350/1418
f  1211/1356/1422 1210/1357/1423 1209/1358/1424 1212/1359/1425
f  991/1134/1210 993/1136/1212 1210/1360/1423 1211/1361/1422
f  1211/1361/1422 1206/1354/1419 987/1130/1206 991/1134/1210
f  1212/1359/1425 1205/1352/1420 1206/1351/1419 1211/1356/1422
f  1215/1362/1426 1214/1363/1427 1213/1364/1428 1216/1365/1429
f  997/1140/1216 999/1142/1218 1214/1366/1427 1215/1367/1426
f  1215/1367/1426 1210/1360/1423 993/1136/1212 997/1140/1216
f  1216/1365/1429 1209/1358/1424 1210/1357/1423 1215/1362/1426
f  1219/1368/1430 1218/1369/1431 1217/1370/1432 1220/1371/1433
f  1003/1146/1222 1005/1148/1224 1218/1372/1431 1219/1373/1430
f  1219/1373/1430 1214/1366/1427 999/1142/1218 1003/1146/1222
f  1220/1371/1433 1213/1364/1428 1214/1363/1427 1219/1368/1430
f  1223/1374/1434 1222/1375/1435 1221/1376/1436 1224/1377/1437
f  1009/1152/1228 1011/1154/1230 1222/1378/1435 1223/1379/1434
f  1223/1379/1434 1218/1372/1431 1005/1148/1224 1009/1152/1228
f  1224/1377/1437 1217/1370/1432 1218/1369/1431 1223/1374/1434
f  1227/1380/1438 1226/1381/1439 1225/1382/1440 1228/1383/1441
f  1015/1158/1234 1017/1160/1236 1226/1384/1439 1227/1385/1438
f  1227/1385/1438 1222/1378/1435 1011/1154/1230 1015/1158/1234
f  1228/1383/1441 1221/1376/1436 1222/1375/1435 1227/1380/1438
f  1231/1386/1442 1230/1387/1443 1229/1388/1444 1232/1389/1445
f  1021/1164/1240 1023/1166/1242 1230/1390/1443 1231/1391/1442
f  1231/1391/1442 1226/1384/1439 1017/1160/1236 1021/1164/1240
f  1232/1389/1445 1225/1382/1440 1226/1381/1439 1231/1386/1442
f  1235/1392/1446 1234/1393/1447 1233/1394/1448 1236/1395/1449
f  1027/1170/1246 1029/1172/1248 1234/1396/1447 1235/1397/1446
f  1235/1397/1446 1230/1390/1443 1023/1166/1242 1027/1170/1246
f  1236/1395/1449 1229/1388/1444 1230/1387/1443 1235/1392/1446
f  1239/1398/1450 1238/1399/1451 1237/1400/1452 1240/1401/1453
f  1033/1176/1252 1035/1178/1254 1238/1402/1451 1239/1403/1450
f  1239/1403/1450 1234/1396/1447 1029/1172/1248 1033/1176/1252
f  1240/1401/1453 1233/1394/1448 1234/1393/1447 1239/1398/1450
f  1243/1404/1454 1242/1405/1455 1241/1406/1456 1244/1407/1457
f  1039/1182/1258 1041/1184/1260 1242/1408/1455 1243/1409/1454
f  1243/1409/1454 1238/1402/1451 1035/1178/1254 1039/1182/1258
f  1244/1407/1457 1237/1400/1452 1238/1399/1451 1243/1404/1454
f  1247/1410/1458 1246/1411/1459 1245/1412/1460 1248/1413/1461
f  1129/1270/1346 1131/1272/1348 1246/1414/1459 1247/1415/1458
f  1247/1415/1458 1242/1408/1455 1041/1184/1260 1129/1270/1346
f  1248/1413/1461 1241/1406/1456 1242/1405/1455 1247/1410/1458
f  1251/1416/1462 1250/1417/1463 1249/1418/1464 1252/1419/1465
f  1135/1276/1352 1137/1278/1354 1250/1420/1463 1251/1421/1462
f  1251/1421/1462 1246/1414/1459 1131/1272/1348 1135/1276/1352
f  1252/1419/1465 1245/1412/1460 1246/1411/1459 1251/1416/1462
f  1255/1422/1466 1254/1423/1467 1253/1424/1468 1256/1425/1469
f  1141/1282/1358 1143/1284/1360 1254/1426/1467 1255/1427/1466
f  1255/1427/1466 1250/1420/1463 1137/1278/1354 1141/1282/1358
f  1256/1425/1469 1249/1418/1464 1250/1417/1463 1255/1422/1466
f  1259/1428/1470 1258/1429/1471 1257/1430/1472 1260/1431/1473
f  1147/1288/1364 1149/1290/1366 1258/1432/1471 1259/1433/1470
f  1259/1433/1470 1254/1426/1467 1143/1284/1360 1147/1288/1364
f  1260/1431/1473 1253/1424/1468 1254/1423/1467 1259/1428/1470
f  1263/1434/1474 1262/1435/1475 1261/1436/1476 1264/1437/1477
f  1153/1294/1370 1155/1296/1372 1262/1438/1475 1263/1439/1474
f  1263/1439/1474 1258/1432/1471 1149/1290/1366 1153/1294/1370
f  1264/1437/1477 1257/1430/1472 1258/1429/1471 1263/1434/1474
f  1267/1440/1478 1266/1441/1479 1265/1442/1480 1268/1443/1481
f  1159/1300/1376 1161/1302/1378 1266/1444/1479 1267/1445/1478
f  1267/1445/1478 1262/1438/1475 1155/1296/1372 1159/1300/1376
f  1268/1443/1481 1261/1436/1476 1262/1435/1475 1267/1440/1478
f  1271/1446/1482 1270/1447/1483 1269/1448/1484 1272/1449/1485
f  1165/1306/1382 1167/1308/1384 1270/1450/1483 1271/1451/1482
f  1271/1451/1482 1266/1444/1479 1161/1302/1378 1165/1306/1382
f  1272/1449/1485 1265/1442/1480 1266/1441/1479 1271/1446/1482
f  1275/1452/1486 1274/1453/1487 1273/1454/1488 1276/1455/1489
f  1171/1312/1388 1173/1314/1390 1274/1456/1487 1275/1457/1486
f  1275/1457/1486 1270/1450/1483 1167/1308/1384 1171/1312/1388
f  1276/1455/1489 1269/1448/1484 1270/1447/1483 1275/1452/1486
f  1279/1458/1490 1278/1459/1491 1277/1460/1492 1280/1461/1493
f  1177/1318/1394 1179/1320/1396 1278/1462/1491 1279/1463/1490
f  1279/1463/1490 1274/1456/1487 1173/1314/1390 1177/1318/1394
f  1280/1461/1493 1273/1454/1488 1274/1453/1487 1279/1458/1490
f  1281/1464/1494 1183/1324/1400 746/315/315 1282/460/413
f  1278/1462/1491 1179/1320/1396 1183/1324/1400 1281/1464/1494
f  1281/1465/1494 1283/1466/1495 1277/1460/1492 1278/1459/1491
f  1282/1467/413 1284/1468/415 1283/1466/1495 1281/1465/1494
f  748/465/416 737/468/419 1286/1469/1496 1285/1470/1497
f  1287/1471/1498 1290/1472/1499 1289/1473/1500 1288/1474/1501
f  1291/1475/1502 1289/1473/1500 1293/1476/1503 1292/1477/1504
f  1292/1477/1504 1293/1476/1503 1295/1478/1505 1294/1479/1506
f  1294/1479/1506 1295/1478/1505 1297/1480/1507 1296/1481/1508
f  1296/1481/1508 1297/1480/1507 1299/1482/1509 1298/1483/1510
f  1298/1483/1510 1299/1482/1509 1301/1484/1511 1300/1485/1512
f  1300/1485/1512 1301/1484/1511 1303/1486/1513 1302/1487/1514
f  1302/1487/1514 1303/1486/1513 1305/1488/1515 1304/1489/1516
f  1304/1489/1516 1305/1488/1515 1307/1490/1517 1306/1491/1518
f  1306/1491/1518 1307/1490/1517 1309/1492/1519 1308/1493/1520
f  1308/1493/1520 1309/1492/1519 1311/1494/1521 1310/1495/1522
f  1310/1495/1522 1311/1494/1521 1313/1496/1523 1312/1497/1524
f  1312/1497/1524 1313/1496/1523 1315/1498/1525 1314/1499/1526
f  1314/1499/1526 1315/1498/1525 1317/1500/1527 1316/1501/1528
f  1316/1501/1528 1317/1500/1527 1319/1502/1529 1318/1503/1530
f  1318/1503/1530 1319/1502/1529 1321/1504/1531 1320/1505/1532
f  1320/1505/1532 1321/1504/1531 1323/1506/1533 1322/1507/1534
f  1322/1507/1534 1323/1506/1533 1325/1508/1535 1324/1509/1536
f  1324/1509/1536 1325/1508/1535 1327/1510/1537 1326/1511/1538
f  1326/1511/1538 1327/1510/1537 1329/1512/1539 1328/1513/1540
f  1328/1513/1540 1329/1512/1539 1331/1514/1541 1330/1515/1542
f  1330/1515/1542 1331/1514/1541 1333/1516/1543 1332/1517/1544
f  1332/1517/1544 1333/1516/1543 1335/1518/1545 1334/1519/1546
f  1334/1519/1546 1335/1518/1545 1337/1520/1547 1336/1521/1548
f  1336/1521/1548 1337/1520/1547 1339/1522/1549 1338/1523/1550
f  1338/1523/1550 1339/1522/1549 1341/1524/1551 1340/1525/1552
f  1340/1525/1552 1341/1524/1551 1343/1526/1553 1342/1527/1554
f  1342/1527/1554 1343/1526/1553 1345/1528/1555 1344/1529/1556
f  1344/1529/1556 1345/1528/1555 1347/1530/1557 1346/1531/1558
f  1346/1531/1558 1347/1530/1557 1349/1532/1559 1348/1533/1560
f  1348/1533/1560 1349/1532/1559 1351/1534/1561 1350/1535/1562
f  1350/1535/1562 1351/1534/1561 1353/1536/1563 1352/1537/1564
f  1352/1537/1564 1353/1536/1563 1355/1538/1565 1354/1539/1566
f  1354/1539/1566 1355/1538/1565 1357/1540/1567 1356/1541/1568
f  1356/1541/1568 1357/1540/1567 1359/1542/1569 1358/1543/1570
f  1358/1543/1570 1359/1542/1569 1361/1544/1571 1360/1545/1572
f  1360/1545/1572 1361/1544/1571 1363/1546/1573 1362/1547/1574
f  1362/1547/1574 1363/1546/1573 1365/1548/1575 1364/1549/1576
f  1364/1549/1576 1365/1548/1575 1367/1550/1577 1366/1551/1578
f  1366/1551/1578 1367/1550/1577 1369/1552/1579 1368/1553/1580
f  1368/1553/1580 1369/1552/1579 1371/1554/1581 1370/1555/1582
f  1370/1555/1582 1371/1554/1581 1373/1556/1583 1372/1557/1584
f  1372/1557/1584 1373/1556/1583 1375/1558/1585 1374/1559/1586
f  1374/1559/1586 1375/1558/1585 1377/1560/1587 1376/1561/1588
f  1376/1561/1588 1377/1560/1587 1379/1562/1589 1378/1563/1590
f  1378/1563/1590 1379/1562/1589 1381/1564/1591 1380/1565/1592
f  1380/1565/1592 1381/1564/1591 1383/565/516 1382/564/515
f  1850/1566/520 749/1567/519 1753/1568/1593
f  1754/1569/1594 1755/1570/1595 1289/1473/1500 1290/1472/1499
f  1755/1570/1595 1756/1571/1596 1293/1476/1503 1289/1473/1500
f  1756/1571/1596 1757/1572/1597 1295/1478/1505 1293/1476/1503
f  1757/1572/1597 1758/1573/1598 1297/1480/1507 1295/1478/1505
f  1758/1573/1598 1759/1574/1599 1299/1482/1509 1297/1480/1507
f  1759/1574/1599 1760/1575/1600 1301/1484/1511 1299/1482/1509
f  1760/1575/1600 1761/1576/1601 1303/1486/1513 1301/1484/1511
f  1761/1576/1601 1762/1577/1602 1305/1488/1515 1303/1486/1513
f  1762/1577/1602 1763/1578/1603 1307/1490/1517 1305/1488/1515
f  1763/1578/1603 1764/1579/1604 1309/1492/1519 1307/1490/1517
f  1764/1579/1604 1765/1580/1605 1311/1494/1521 1309/1492/1519
f  1765/1580/1605 1766/1581/1606 1313/1496/1523 1311/1494/1521
f  1766/1581/1606 1767/1582/1607 1315/1498/1525 1313/1496/1523
f  1767/1582/1607 1768/1583/1608 1317/1500/1527 1315/1498/1525
f  1768/1583/1608 1769/1584/1609 1319/1502/1529 1317/1500/1527
f  1769/1584/1609 1770/1585/1610 1321/1504/1531 1319/1502/1529
f  1770/1585/1610 1771/1586/1611 1323/1506/1533 1321/1504/1531
f  1771/1586/1611 1772/1587/1612 1325/1508/1535 1323/1506/1533
f  1772/1587/1612 1773/1588/1613 1327/1510/1537 1325/1508/1535
f  1773/1588/1613 1774/1589/1614 1329/1512/1539 1327/1510/1537
f  1774/1589/1614 1775/1590/1615 1331/1514/1541 1329/1512/1539
f  1775/1590/1615 1776/1591/1616 1333/1516/1543 1331/1514/1541
f  1776/1591/1616 1777/1592/1617 1335/1518/1545 1333/1516/1543
f  1777/1592/1617 1778/1593/1618 1337/1520/1547 1335/1518/1545
f  1778/1593/1618 1779/1594/1619 1339/1522/1549 1337/1520/1547
f  1779/1594/1619 1780/1595/1620 1341/1524/1551 1339/1522/1549
f  1780/1595/1620 1781/1596/1621 1343/1526/1553 1341/1524/1551
f  1781/1596/1621 1782/1597/1622 1345/1528/1555 1343/1526/1553
f  1782/1597/1622 1783/1598/1623 1347/1530/1557 1345/1528/1555
f  1783/1598/1623 1784/1599/1624 1349/1532/1559 1347/1530/1557
f  1784/1599/1624 1785/1600/1625 1351/1534/1561 1349/1532/1559
f  1785/1600/1625 1786/1601/1626 1353/1536/1563 1351/1534/1561
f  1786/1601/1626 1787/1602/1627 1355/1538/1565 1353/1536/1563
f  1787/1602/1627 1788/1603/1628 1357/1540/1567 1355/1538/1565
f  1788/1603/1628 1789/1604/1629 1359/1542/1569 1357/1540/1567
f  1789/1604/1629 1790/1605/1630 1361/1544/1571 1359/1542/1569
f  1790/1605/1630 1791/1606/1631 1363/1546/1573 1361/1544/1571
f  1791/1606/1631 1792/1607/1632 1365/1548/1575 1363/1546/1573
f  1792/1607/1632 1793/1608/1633 1367/1550/1577 1365/1548/1575
f  1793/1608/1633 1794/1609/1634 1369/1552/1579 1367/1550/1577
f  1794/1609/1634 1795/1610/1635 1371/1554/1581 1369/1552/1579
f  1795/1610/1635 1796/1611/1636 1373/1556/1583 1371/1554/1581
f  1796/1611/1636 1797/1612/1637 1375/1558/1585 1373/1556/1583
f  1797/1612/1637 1798/1613/1638 1377/1560/1587 1375/1558/1585
f  1798/1613/1638 1799/1614/1639 1379/1562/1589 1377/1560/1587
f  1799/1614/1639 1800/1615/1640 1381/1564/1591 1379/1562/1589
f  1800/1615/1640 1801/617/568 1383/565/516 1381/1564/1591
f  1435/1616/1641 1434/1617/1642 1386/1618/1643 1387/1619/1644
f  1387/1619/1644 749/1567/519 3420/1620/573 1435/1616/1641
f  1437/1621/1645 1436/1622/1646 1389/1623/1647 1388/1624/1648
f  1388/1624/1648 1386/1618/1643 1434/1617/1642 1437/1621/1645
f  1439/1625/1649 1438/1626/1650 1391/1627/1651 1390/1628/1652
f  1390/1628/1652 1389/1623/1647 1436/1622/1646 1439/1625/1649
f  1441/1629/1653 1440/1630/1654 1393/1631/1655 1392/1632/1656
f  1392/1632/1656 1391/1627/1651 1438/1626/1650 1441/1629/1653
f  1443/1633/1657 1442/1634/1658 1395/1635/1659 1394/1636/1660
f  1394/1636/1660 1393/1631/1655 1440/1630/1654 1443/1633/1657
f  1445/1637/1661 1444/1638/1662 1397/1639/1663 1396/1640/1664
f  1396/1640/1664 1395/1635/1659 1442/1634/1658 1445/1637/1661
f  1447/1641/1665 1446/1642/1666 1399/1643/1667 1398/1644/1668
f  1398/1644/1668 1397/1639/1663 1444/1638/1662 1447/1641/1665
f  1449/1645/1669 1448/1646/1670 1401/1647/1671 1400/1648/1672
f  1400/1648/1672 1399/1643/1667 1446/1642/1666 1449/1645/1669
f  1451/1649/1673 1450/1650/1674 1403/1651/1675 1402/1652/1676
f  1402/1652/1676 1401/1647/1671 1448/1646/1670 1451/1649/1673
f  1453/1653/1677 1452/1654/1678 1405/1655/1679 1404/1656/1680
f  1404/1656/1680 1403/1651/1675 1450/1650/1674 1453/1653/1677
f  1455/1657/1681 1454/1658/1682 1407/1659/1683 1406/1660/1684
f  1406/1660/1684 1405/1655/1679 1452/1654/1678 1455/1657/1681
f  1457/1661/1685 1456/1662/1686 1409/1663/1687 1408/1664/1688
f  1408/1664/1688 1407/1659/1683 1454/1658/1682 1457/1661/1685
f  1459/1665/1689 1458/1666/1690 1411/1667/1691 1410/1668/1692
f  1410/1668/1692 1409/1663/1687 1456/1662/1686 1459/1665/1689
f  1461/1669/1693 1460/1670/1694 1413/1671/1695 1412/1672/1696
f  1412/1672/1696 1411/1667/1691 1458/1666/1690 1461/1669/1693
f  1463/1673/1697 1462/1674/1698 1415/1675/1699 1414/1676/1700
f  1414/1676/1700 1413/1671/1695 1460/1670/1694 1463/1673/1697
f  1465/1677/1701 1464/1678/1702 1417/1679/1703 1416/1680/1704
f  1416/1680/1704 1415/1675/1699 1462/1674/1698 1465/1677/1701
f  1467/1681/1705 1466/1682/1706 1419/1683/1707 1418/1684/1708
f  1418/1684/1708 1417/1679/1703 1464/1678/1702 1467/1681/1705
f  1469/1685/1709 1468/1686/1710 1421/1687/1711 1420/1688/1712
f  1420/1688/1712 1419/1683/1707 1466/1682/1706 1469/1685/1709
f  1471/1689/1713 1470/1690/1714 1423/1691/1715 1422/1692/1716
f  1422/1692/1716 1421/1687/1711 1468/1686/1710 1471/1689/1713
f  1473/1693/1717 1472/1694/1718 1425/1695/1719 1424/1696/1720
f  1424/1696/1720 1423/1691/1715 1470/1690/1714 1473/1693/1717
f  1475/1697/1721 1474/1698/1722 1427/1699/1723 1426/1700/1724
f  1426/1700/1724 1425/1695/1719 1472/1694/1718 1475/1697/1721
f  1477/1701/1725 1476/1702/1726 1429/1703/1727 1428/1704/1728
f  1428/1704/1728 1427/1699/1723 1474/1698/1722 1477/1701/1725
f  1479/1705/1729 1478/1706/1730 1431/1707/1731 1430/1708/1732
f  1430/1708/1732 1429/1703/1727 1476/1702/1726 1479/1705/1729
f  1481/1709/1733 1480/1710/6 1433/1711/664 1432/1712/1734
f  1432/1712/1734 1431/1707/1731 1478/1706/1730 1481/1709/1733
f  1483/1713/1735 1482/1714/1736 971/1114/1190 972/1113/1189
f  1052/1192/1268 1055/1196/1272 1482/1714/1736 1483/1713/1735
f  1483/1713/1735 1484/1715/1737 1051/1193/1269 1052/1192/1268
f  972/1113/1189 964/1108/1184 1484/1715/1737 1483/1713/1735
f  1486/1716/1738 1485/1717/1739 977/1120/1196 978/1119/1195
f  1060/1201/1277 1062/1203/1279 1485/1717/1739 1486/1716/1738
f  1486/1716/1738 1482/1714/1736 1055/1196/1272 1060/1201/1277
f  978/1119/1195 971/1114/1190 1482/1714/1736 1486/1716/1738
f  1488/1718/1740 1487/1719/1741 983/1126/1202 984/1125/1201
f  1066/1207/1283 1068/1209/1285 1487/1719/1741 1488/1718/1740
f  1488/1718/1740 1485/1717/1739 1062/1203/1279 1066/1207/1283
f  984/1125/1201 977/1120/1196 1485/1717/1739 1488/1718/1740
f  1490/1720/1742 1489/1721/1743 989/1132/1208 990/1131/1207
f  1072/1213/1289 1074/1215/1291 1489/1721/1743 1490/1720/1742
f  1490/1720/1742 1487/1719/1741 1068/1209/1285 1072/1213/1289
f  990/1131/1207 983/1126/1202 1487/1719/1741 1490/1720/1742
f  1492/1722/1744 1491/1723/1745 995/1138/1214 996/1137/1213
f  1078/1219/1295 1080/1221/1297 1491/1723/1745 1492/1722/1744
f  1492/1722/1744 1489/1721/1743 1074/1215/1291 1078/1219/1295
f  996/1137/1213 989/1132/1208 1489/1721/1743 1492/1722/1744
f  1494/1724/1746 1493/1725/1747 1001/1144/1220 1002/1143/1219
f  1084/1225/1301 1086/1227/1303 1493/1725/1747 1494/1724/1746
f  1494/1724/1746 1491/1723/1745 1080/1221/1297 1084/1225/1301
f  1002/1143/1219 995/1138/1214 1491/1723/1745 1494/1724/1746
f  1496/1726/1748 1495/1727/1749 1007/1150/1226 1008/1149/1225
f  1090/1231/1307 1092/1233/1309 1495/1727/1749 1496/1726/1748
f  1496/1726/1748 1493/1725/1747 1086/1227/1303 1090/1231/1307
f  1008/1149/1225 1001/1144/1220 1493/1725/1747 1496/1726/1748
f  1498/1728/1750 1497/1729/1751 1013/1156/1232 1014/1155/1231
f  1096/1237/1313 1098/1239/1315 1497/1729/1751 1498/1728/1750
f  1498/1728/1750 1495/1727/1749 1092/1233/1309 1096/1237/1313
f  1014/1155/1231 1007/1150/1226 1495/1727/1749 1498/1728/1750
f  1500/1730/1752 1499/1731/1753 1019/1162/1238 1020/1161/1237
f  1102/1243/1319 1104/1245/1321 1499/1731/1753 1500/1730/1752
f  1500/1730/1752 1497/1729/1751 1098/1239/1315 1102/1243/1319
f  1020/1161/1237 1013/1156/1232 1497/1729/1751 1500/1730/1752
f  1502/1732/1754 1501/1733/1755 1025/1168/1244 1026/1167/1243
f  1108/1249/1325 1110/1251/1327 1501/1733/1755 1502/1732/1754
f  1502/1732/1754 1499/1731/1753 1104/1245/1321 1108/1249/1325
f  1026/1167/1243 1019/1162/1238 1499/1731/1753 1502/1732/1754
f  1504/1734/1756 1503/1735/1757 1031/1174/1250 1032/1173/1249
f  1114/1255/1331 1116/1257/1333 1503/1735/1757 1504/1734/1756
f  1504/1734/1756 1501/1733/1755 1110/1251/1327 1114/1255/1331
f  1032/1173/1249 1025/1168/1244 1501/1733/1755 1504/1734/1756
f  1505/1736/1758 1044/1185/1261 1037/1180/1256 1038/1179/1255
f  1120/1261/1337 1043/1186/1262 1044/1185/1261 1505/1736/1758
f  1505/1736/1758 1503/1735/1757 1116/1257/1333 1120/1261/1337
f  1038/1179/1255 1031/1174/1250 1503/1735/1757 1505/1736/1758
f  1506/1737/1759 873/1020/1098 874/1019/1097 1507/1738/1760
f  812/741/691 1192/326/323 1191/1329/1405 1507/1738/1760
f  1508/1739/1761 878/1024/1102 879/1023/1101 1509/1740/1762
f  1506/1737/1759 1188/1328/1404 1196/1335/1409 1509/1740/1762
f  1510/1741/1763 882/1028/1106 883/1027/1105 1511/1742/1764
f  1508/1739/1761 1193/1334/1408 1200/1341/1413 1511/1742/1764
f  1512/1743/1765 886/1032/1110 887/1031/1109 1513/1744/1766
f  1514/1745/1767 890/1036/1114 891/1035/1113 1515/1746/1768
f  1512/1743/1765 1213/1364/1428 1220/1371/1433 1515/1746/1768
f  1516/1747/1769 894/1040/1118 895/1039/1117 1517/1748/1770
f  1514/1745/1767 1217/1370/1432 1224/1377/1437 1517/1748/1770
f  1518/1749/1771 898/1044/1122 899/1043/1121 1519/1750/1772
f  1516/1747/1769 1221/1376/1436 1228/1383/1441 1519/1750/1772
f  1520/1751/1773 902/1048/1126 903/1047/1125 1521/1752/1774
f  1518/1749/1771 1225/1382/1440 1232/1389/1445 1521/1752/1774
f  1522/1753/1775 906/1052/1130 907/1051/1129 1523/1754/1776
f  1520/1751/1773 1229/1388/1444 1236/1395/1449 1523/1754/1776
f  1524/1755/1777 910/1056/1134 911/1055/1133 1525/1756/1778
f  1522/1753/1775 1233/1394/1448 1240/1401/1453 1525/1756/1778
f  1526/1757/1779 914/1060/1138 915/1059/1137 1527/1758/1780
f  1524/1755/1777 1237/1400/1452 1244/1407/1457 1527/1758/1780
f  1528/1759/1781 918/1064/1142 919/1063/1141 1529/1760/1782
f  1526/1757/1779 1241/1406/1456 1248/1413/1461 1529/1760/1782
f  1530/1761/1783 922/1068/1146 923/1067/1145 1531/1762/1784
f  1528/1759/1781 1245/1412/1460 1252/1419/1465 1531/1762/1784
f  1532/1763/1785 926/1072/1150 927/1071/1149 1533/1764/1786
f  1530/1761/1783 1249/1418/1464 1256/1425/1469 1533/1764/1786
f  1534/1765/1787 930/1076/1154 931/1075/1153 1535/1766/1788
f  1532/1763/1785 1253/1424/1468 1260/1431/1473 1535/1766/1788
f  1536/1767/1789 934/1080/1158 935/1079/1157 1537/1768/1790
f  1534/1765/1787 1257/1430/1472 1264/1437/1477 1537/1768/1790
f  1538/1769/1791 938/1084/1162 939/1083/1161 1539/1770/1792
f  1536/1767/1789 1261/1436/1476 1268/1443/1481 1539/1770/1792
f  1540/1771/1793 942/1088/1166 943/1087/1165 1541/1772/1794
f  1538/1769/1791 1265/1442/1480 1272/1449/1485 1541/1772/1794
f  946/1092/1170 947/1091/1169 1543/1773/1795 1542/1774/1796
f  1540/1771/1793 1269/1448/1484 1276/1455/1489 1543/1773/1795
f  950/1096/1174 951/1095/1173 1545/1775/1797 1544/1776/1798
f  1273/1454/1488 1280/1461/1493 1545/1775/1797 1542/1774/1796
f  813/1777/730 954/1100/86 955/1099/1177 1546/1778/1799
f  1544/1776/1798 1277/1460/1492 1283/1466/1495 1546/1778/1799
f  1547/1779/1800 1054/1194/1270 1051/1193/1269 1484/1715/1737
f  1548/1780/1801 1059/1199/1275 1054/1194/1270 1547/1779/1800
f  1547/1779/1800 1047/1188/1264 1048/1190/1266 1548/1780/1801
f  1484/1715/1737 964/1108/1184 1047/1188/1264 1547/1779/1800
f  1287/1471/1498 1288/1474/1501 1550/1781/1802 1549/1782/1803
f  1285/1470/1497 1552/1783/1804 1551/786/736 748/465/416
f  1553/1784/1805 1555/1785/1806 1552/1783/1804 1554/1786/1807
f  1556/1787/1808 1557/1788/1809 1549/1782/1803 1550/1781/1802
f  1048/1190/1266 1049/1189/1265 1559/1789/1810 1558/1790/1811
f  1049/1189/1265 1560/1791/1812 1559/1789/1810
f  1057/1198/1274 1058/1197/1273 1562/1792/1813 1561/1793/1814
f  1059/1199/1275 1563/1794/1815 1562/1792/1813 1058/1197/1273
f  1064/1205/1281 1065/1204/1280 1565/1795/1816 1564/1796/1817
f  1065/1204/1280 1057/1198/1274 1561/1793/1814 1565/1795/1816
f  1070/1211/1287 1071/1210/1286 1567/1797/1818 1566/1798/1819
f  1071/1210/1286 1064/1205/1281 1564/1796/1817 1567/1797/1818
f  1076/1217/1293 1077/1216/1292 1569/1799/1820 1568/1800/1821
f  1077/1216/1292 1070/1211/1287 1566/1798/1819 1569/1799/1820
f  1082/1223/1299 1083/1222/1298 1571/1801/1822 1570/1802/1823
f  1083/1222/1298 1076/1217/1293 1568/1800/1821 1571/1801/1822
f  1088/1229/1305 1089/1228/1304 1573/1803/1824 1572/1804/1825
f  1089/1228/1304 1082/1223/1299 1570/1802/1823 1573/1803/1824
f  1094/1235/1311 1095/1234/1310 1575/1805/1826 1574/1806/1827
f  1095/1234/1310 1088/1229/1305 1572/1804/1825 1575/1805/1826
f  1100/1241/1317 1101/1240/1316 1577/1807/1828 1576/1808/1829
f  1101/1240/1316 1094/1235/1311 1574/1806/1827 1577/1807/1828
f  1106/1247/1323 1107/1246/1322 1579/1809/1830 1578/1810/1831
f  1107/1246/1322 1100/1241/1317 1576/1808/1829 1579/1809/1830
f  1112/1253/1329 1113/1252/1328 1581/1811/1832 1580/1812/1833
f  1113/1252/1328 1106/1247/1323 1578/1810/1831 1581/1811/1832
f  1118/1259/1335 1119/1258/1334 1583/1813/1834 1582/1814/1835
f  1119/1258/1334 1112/1253/1329 1580/1812/1833 1583/1813/1834
f  1123/1264/1340 1124/1263/1339 1585/1815/1836 1584/1816/1837
f  1124/1263/1339 1118/1259/1335 1582/1814/1835 1585/1815/1836
f  1127/1268/1344 1128/1267/1343 1587/1817/1838 1586/1818/1839
f  1128/1267/1343 1123/1264/1340 1584/1816/1837 1587/1817/1838
f  1133/1274/1350 1134/1273/1349 1589/1819/1840 1588/1820/1841
f  1134/1273/1349 1127/1268/1344 1586/1818/1839 1589/1819/1840
f  1139/1280/1356 1140/1279/1355 1591/1821/1842 1590/1822/1843
f  1140/1279/1355 1133/1274/1350 1588/1820/1841 1591/1821/1842
f  1145/1286/1362 1146/1285/1361 1593/1823/1844 1592/1824/1845
f  1146/1285/1361 1139/1280/1356 1590/1822/1843 1593/1823/1844
f  1151/1292/1368 1152/1291/1367 1595/1825/1846 1594/1826/1847
f  1152/1291/1367 1145/1286/1362 1592/1824/1845 1595/1825/1846
f  1157/1298/1374 1158/1297/1373 1597/1827/1848 1596/1828/1849
f  1158/1297/1373 1151/1292/1368 1594/1826/1847 1597/1827/1848
f  1163/1304/1380 1164/1303/1379 1599/1829/1850 1598/1830/1851
f  1164/1303/1379 1157/1298/1374 1596/1828/1849 1599/1829/1850
f  1169/1310/1386 1170/1309/1385 1601/1831/1852 1600/1832/1853
f  1170/1309/1385 1163/1304/1380 1598/1830/1851 1601/1831/1852
f  1175/1316/1392 1176/1315/1391 1603/1833/1854 1602/1834/1855
f  1176/1315/1391 1169/1310/1386 1600/1832/1853 1603/1833/1854
f  1181/1322/1398 1182/1321/1397 1605/1835/1856 1604/1836/1857
f  1182/1321/1397 1175/1316/1392 1602/1834/1855 1605/1835/1856
f  1186/316/316 1187/1325/1401 1606/1837/1858 721/841/791
f  1187/1325/1401 1181/1322/1398 1604/1836/1857 1606/1837/1858
f  1059/1199/1275 1548/1780/1801 1607/1838/1859 1563/1794/1815
f  1548/1780/1801 1048/1190/1266 1558/1790/1811 1607/1838/1859
f  1609/1839/1860 1608/1840/1861 1558/1790/1811 1559/1789/1810
f  1560/1791/1812 1610/1841/1862 1609/1839/1860 1559/1789/1810
f  1292/1477/1504 1294/1479/1506 1561/1793/1814 1562/1792/1813
f  1562/1792/1813 1563/1794/1815 1291/1475/1502 1292/1477/1504
f  1296/1481/1508 1298/1483/1510 1564/1796/1817 1565/1795/1816
f  1565/1795/1816 1561/1793/1814 1294/1479/1506 1296/1481/1508
f  1300/1485/1512 1302/1487/1514 1566/1798/1819 1567/1797/1818
f  1567/1797/1818 1564/1796/1817 1298/1483/1510 1300/1485/1512
f  1304/1489/1516 1306/1491/1518 1568/1800/1821 1569/1799/1820
f  1569/1799/1820 1566/1798/1819 1302/1487/1514 1304/1489/1516
f  1308/1493/1520 1310/1495/1522 1570/1802/1823 1571/1801/1822
f  1571/1801/1822 1568/1800/1821 1306/1491/1518 1308/1493/1520
f  1312/1497/1524 1314/1499/1526 1572/1804/1825 1573/1803/1824
f  1573/1803/1824 1570/1802/1823 1310/1495/1522 1312/1497/1524
f  1316/1501/1528 1318/1503/1530 1574/1806/1827 1575/1805/1826
f  1575/1805/1826 1572/1804/1825 1314/1499/1526 1316/1501/1528
f  1320/1505/1532 1322/1507/1534 1576/1808/1829 1577/1807/1828
f  1577/1807/1828 1574/1806/1827 1318/1503/1530 1320/1505/1532
f  1324/1509/1536 1326/1511/1538 1578/1810/1831 1579/1809/1830
f  1579/1809/1830 1576/1808/1829 1322/1507/1534 1324/1509/1536
f  1328/1513/1540 1330/1515/1542 1580/1812/1833 1581/1811/1832
f  1581/1811/1832 1578/1810/1831 1326/1511/1538 1328/1513/1540
f  1332/1517/1544 1334/1519/1546 1582/1814/1835 1583/1813/1834
f  1583/1813/1834 1580/1812/1833 1330/1515/1542 1332/1517/1544
f  1336/1521/1548 1338/1523/1550 1584/1816/1837 1585/1815/1836
f  1585/1815/1836 1582/1814/1835 1334/1519/1546 1336/1521/1548
f  1340/1525/1552 1342/1527/1554 1586/1818/1839 1587/1817/1838
f  1587/1817/1838 1584/1816/1837 1338/1523/1550 1340/1525/1552
f  1344/1529/1556 1346/1531/1558 1588/1820/1841 1589/1819/1840
f  1589/1819/1840 1586/1818/1839 1342/1527/1554 1344/1529/1556
f  1348/1533/1560 1350/1535/1562 1590/1822/1843 1591/1821/1842
f  1591/1821/1842 1588/1820/1841 1346/1531/1558 1348/1533/1560
f  1352/1537/1564 1354/1539/1566 1592/1824/1845 1593/1823/1844
f  1593/1823/1844 1590/1822/1843 1350/1535/1562 1352/1537/1564
f  1356/1541/1568 1358/1543/1570 1594/1826/1847 1595/1825/1846
f  1595/1825/1846 1592/1824/1845 1354/1539/1566 1356/1541/1568
f  1360/1545/1572 1362/1547/1574 1596/1828/1849 1597/1827/1848
f  1597/1827/1848 1594/1826/1847 1358/1543/1570 1360/1545/1572
f  1364/1549/1576 1366/1551/1578 1598/1830/1851 1599/1829/1850
f  1599/1829/1850 1596/1828/1849 1362/1547/1574 1364/1549/1576
f  1368/1553/1580 1370/1555/1582 1600/1832/1853 1601/1831/1852
f  1601/1831/1852 1598/1830/1851 1366/1551/1578 1368/1553/1580
f  1372/1557/1584 1374/1559/1586 1602/1834/1855 1603/1833/1854
f  1603/1833/1854 1600/1832/1853 1370/1555/1582 1372/1557/1584
f  1376/1561/1588 1378/1563/1590 1604/1836/1857 1605/1835/1856
f  1605/1835/1856 1602/1834/1855 1374/1559/1586 1376/1561/1588
f  1380/1565/1592 1382/564/515 721/841/791 1606/1837/1858
f  1606/1837/1858 1604/1836/1857 1378/1563/1590 1380/1565/1592
f  1611/1842/1863 1291/1475/1502 1563/1794/1815 1607/1838/1859
f  1607/1838/1859 1558/1790/1811 1608/1840/1861 1611/1842/1863
f  2611/1843/1864 2610/849/1865 1613/848/1864 1612/1844/1866
f  2612/1845/1867 2611/1843/1868 1612/1844/1867 1616/1846/1869
f  2613/1847/1870 2612/1845/1871 1616/1846/1870 1618/1848/1872
f  2614/1849/1873 2613/1847/1874 1618/1848/1873 1620/1850/1875
f  2615/1851/1876 2614/1849/1877 1620/1850/1876 1622/1852/1878
f  2616/1853/1879 2615/1851/1880 1622/1852/1879 1624/1854/1881
f  2617/1855/1882 2616/1853/1883 1624/1854/1882 1626/1856/1884
f  2618/1857/1885 2617/1855/1886 1626/1856/1885 1628/1858/1887
f  2523/1859/1888 2618/1857/1889 1628/1858/1888 1630/1860/1890
f  2524/1861/1891 2523/1859/1892 1630/1860/1891 1632/1862/1893
f  2525/1863/1894 2524/1861/1895 1632/1862/1894 1634/1864/1896
f  2526/1865/1897 2525/1863/1898 1634/1864/1897 1636/1866/1899
f  2527/1867/1900 2526/1865/1901 1636/1866/1900 1638/1868/1902
f  2528/1869/1903 2527/1867/1904 1638/1868/1903 1640/1870/1905
f  2529/1871/1906 2528/1869/1907 1640/1870/1906 1642/1872/1908
f  2530/1873/1909 2529/1871/1910 1642/1872/1909 1644/1874/1911
f  2531/1875/1912 2530/1873/1913 1644/1874/1912 1646/1876/1914
f  2532/1877/1915 2531/1875/1916 1646/1876/1915 1648/1878/1917
f  2533/1879/1918 2532/1877/1919 1648/1878/1918 1650/1880/1920
f  2534/1881/1921 2533/1879/1921 1650/1880/1921 1652/1882/1921
f  2535/1883/1922 2534/1881/1923 1652/1882/1922 1654/1884/1924
f  2536/1885/1925 2535/1883/1926 1654/1884/1925 1656/1886/1927
f  2537/1887/1928 2536/1885/1929 1656/1886/1928 1658/1888/1930
f  2538/1889/1931 2537/1887/1932 1658/1888/1931 1660/1890/1933
f  2539/1891/1934 2538/1889/1935 1660/1890/1934 1662/1892/1936
f  2540/1893/1937 2539/1891/1938 1662/1892/1937 1664/1894/1939
f  2541/1895/1940 2540/1893/1941 1664/1894/1940 1666/1896/1942
f  2542/1897/1943 2541/1895/1944 1666/1896/1943 1668/1898/1945
f  2543/1899/1946 2542/1897/1947 1668/1898/1946 1670/1900/1948
f  2544/1901/1949 2543/1899/1950 1670/1900/1949 1672/1902/1951
f  2545/1903/1952 2544/1901/1953 1672/1902/1952 1674/1904/1954
f  2546/1905/1955 2545/1903/1956 1674/1904/1955 1676/1906/1957
f  2547/1907/1958 2546/1905/1959 1676/1906/1958 1678/1908/1960
f  2548/1909/1961 2547/1907/1962 1678/1908/1961 1680/1910/1963
f  2549/1911/1964 2548/1909/1965 1680/1910/1964 1682/1912/1966
f  2550/1913/1967 2549/1911/1968 1682/1912/1967 1684/1914/1969
f  2551/1915/1970 2550/1913/1971 1684/1914/1970 1686/1916/1972
f  2552/1917/1973 2551/1915/1974 1686/1916/1973 1688/1918/1975
f  2553/1919/1976 2552/1917/1977 1688/1918/1976 1690/1920/1978
f  2554/1921/1979 2553/1919/1980 1690/1920/1979 1692/1922/1981
f  2555/1923/1982 2554/1921/1983 1692/1922/1982 1694/1924/1984
f  2556/1925/1985 2555/1923/1986 1694/1924/1985 1696/1926/1987
f  2557/1927/1988 2556/1925/1989 1696/1926/1988 1698/1928/1990
f  2558/1929/1991 2557/1927/1992 1698/1928/1991 1700/1930/1993
f  2559/1931/1994 2558/1929/1995 1700/1930/1994 1702/1932/1996
f  2560/1933/1997 2559/1931/1998 1702/1932/1997 1704/1934/1999
f  2561/1935/2000 2560/1933/2000 1704/1934/2000 1706/1936/2000
f  2562/1937/2001 2561/1935/2002 1706/1936/2001 1708/1938/2003
f  1609/1839/1860 1610/1841/1862 1710/1939/2004 1557/1788/1809
f  1549/1782/1803 1711/1940/2005 1287/1471/1498
f  1711/1940/2005 1385/1941/2006 1290/1472/1499 1287/1471/1498
f  1385/1941/2006 1753/1942/1593 1754/1569/1594 1290/1472/1499
f  1609/1839/1860 1557/1788/1809 1556/1787/1808 1608/1840/1861
f  1556/1787/1808 1550/1781/1802 1611/1842/1863 1608/1840/1861
f  1611/1842/1863 1550/1781/1802 1288/1474/1501 1291/1475/1502
f  1288/1474/1501 1289/1473/1500 1291/1475/1502
f  3557/1943/2007 3558/1944/2008 1549/1782/2007 1557/1788/2009
f  3558/1944/2010 3559/1945/2011 1711/1940/2010 1549/1782/2012
f  1711/1940/2013 3559/1945/2014 3560/1946/2013 1385/1941/2015
f  3560/1946/2016 3561/955/2017 1384/954/2016 1385/1941/2018
f  1710/1939/2019 3556/1947/2020 3557/1943/2019 1557/1788/2021
f  1713/1948/2022 1553/1784/2023 1554/1786/2022 1712/1949/2024
f  1712/1949/2025 1554/1786/2026 1285/1470/2025 1714/1950/2027
f  1714/1950/2028 1285/1470/2029 1286/1469/2028 1715/1951/2030
f  1715/1951/2031 1286/1469/2032 737/468/2031 732/961/2033
f  1716/1952/2034 1555/1785/2035 1553/1784/2034 1713/1948/2036
f  1551/786/736 1552/1783/1804 1555/1785/1806 738/963/967
f  738/963/2037 1555/1785/2038 1716/1952/2037 750/964/2039
f  3556/1947/2040 3555/965/2041 750/964/2040 1716/1952/2042
f  751/966/974 1710/1939/2004 1610/1841/1862 752/967/975
f  1610/1841/1862 1560/1791/1812 720/968/976 752/967/975
f  1049/1189/1265 1050/179/179 720/968/976 1560/1791/1812
f  1552/1783/1804 1285/1470/1497 1554/1786/1807
f  1717/1953/2043 1718/1954/2044 1513/1744/1766 887/1031/1109
f  1718/1954/2044 1719/1955/2045 1212/1359/1425 1209/1358/1424
f  1719/1955/2045 1205/1352/1420 1212/1359/1425
f  1205/1352/1420 1719/1955/2045 1720/1956/2046 1208/1353/1421
f  1720/1956/2046 1721/1957/2047 1201/1346/1416 1208/1353/1421
f  1721/1957/2047 1722/1958/2048 1204/1347/1417 1201/1346/1416
f  1510/1741/1763 1722/1958/2048 1723/1959/2049 882/1028/1106
f  882/1028/1106 1723/1959/2049 1724/1960/2050 885/1029/1107
f  1626/1856/2051 1724/1960/2050 1725/1961/2052 1628/1858/2053
f  1628/1858/2053 1725/1961/2052 1726/1962/2054 1630/1860/2055
f  1726/1962/2054 1727/1963/2056 1632/1862/2057 1630/1860/2055
f  1727/1963/2056 1634/1864/2058 1632/1862/2057
f  1727/1963/2056 1728/1964/2059 1636/1866/2060 1634/1864/2058
f  888/1034/1112 1728/1964/2059 1717/1953/2043 887/1031/1109
f  1612/1844/2061 875/1022/1100 876/1021/1099 1616/1846/2062
f  1613/848/997 877/6/6 875/1022/1100 1612/1844/2061
f  1618/1848/2063 880/1026/1104 881/1025/1103 1620/1850/2064
f  1616/1846/2062 876/1021/1099 880/1026/1104 1618/1848/2063
f  1622/1852/2065 884/1030/1108 885/1029/1107 1624/1854/2066
f  1620/1850/2064 881/1025/1103 884/1030/1108 1622/1852/2065
f  1638/1868/2067 888/1034/1112 889/1033/1111 1640/1870/2068
f  1642/1872/2069 892/1038/1116 893/1037/1115 1644/1874/2070
f  1640/1870/2068 889/1033/1111 892/1038/1116 1642/1872/2069
f  1646/1876/2071 896/1042/1120 897/1041/1119 1648/1878/2072
f  1644/1874/2070 893/1037/1115 896/1042/1120 1646/1876/2071
f  1650/1880/2073 900/1046/1124 901/1045/1123 1652/1882/2074
f  1648/1878/2072 897/1041/1119 900/1046/1124 1650/1880/2073
f  1654/1884/2075 904/1050/1128 905/1049/1127 1656/1886/2076
f  1652/1882/2074 901/1045/1123 904/1050/1128 1654/1884/2075
f  1658/1888/2077 908/1054/1132 909/1053/1131 1660/1890/2078
f  1656/1886/2076 905/1049/1127 908/1054/1132 1658/1888/2077
f  1662/1892/2079 912/1058/1136 913/1057/1135 1664/1894/2080
f  1660/1890/2078 909/1053/1131 912/1058/1136 1662/1892/2079
f  1666/1896/2081 916/1062/1140 917/1061/1139 1668/1898/2082
f  1664/1894/2080 913/1057/1135 916/1062/1140 1666/1896/2081
f  1670/1900/2083 920/1066/1144 921/1065/1143 1672/1902/2084
f  1668/1898/2082 917/1061/1139 920/1066/1144 1670/1900/2083
f  1674/1904/2085 924/1070/1148 925/1069/1147 1676/1906/2086
f  1672/1902/2084 921/1065/1143 924/1070/1148 1674/1904/2085
f  1678/1908/2087 928/1074/1152 929/1073/1151 1680/1910/2088
f  1676/1906/2086 925/1069/1147 928/1074/1152 1678/1908/2087
f  1682/1912/2089 932/1078/1156 933/1077/1155 1684/1914/2090
f  1680/1910/2088 929/1073/1151 932/1078/1156 1682/1912/2089
f  1686/1916/2091 936/1082/1160 937/1081/1159 1688/1918/2092
f  1684/1914/2090 933/1077/1155 936/1082/1160 1686/1916/2091
f  1690/1920/2093 940/1086/1164 941/1085/1163 1692/1922/2094
f  1688/1918/2092 937/1081/1159 940/1086/1164 1690/1920/2093
f  1694/1924/2095 944/1090/1168 945/1089/1167 1696/1926/2096
f  1692/1922/2094 941/1085/1163 944/1090/1168 1694/1924/2095
f  948/1094/1172 949/1093/1171 1700/1930/2097 1698/1928/2098
f  1696/1926/2096 945/1089/1167 948/1094/1172 1698/1928/2098
f  952/1098/1176 953/1097/1175 1704/1934/2099 1702/1932/2100
f  949/1093/1171 952/1098/1176 1702/1932/2100 1700/1930/2097
f  1706/1936/2101 956/1102/1178 957/1101/85 1708/1938/1037
f  1704/1934/2099 953/1097/1175 956/1102/1178 1706/1936/2101
f  1188/1328/1404 1506/1737/1759 1507/1738/1760 1191/1329/1405
f  745/5/5 812/741/691 1507/1738/1760 874/1019/1097
f  1193/1334/1408 1508/1739/1761 1509/1740/1762 1196/1335/1409
f  873/1020/1098 1506/1737/1759 1509/1740/1762 879/1023/1101
f  1197/1340/1412 1510/1741/1763 1511/1742/1764 1200/1341/1413
f  878/1024/1102 1508/1739/1761 1511/1742/1764 883/1027/1105
f  1213/1364/1428 1512/1743/1765 1513/1744/1766 1216/1365/1429
f  1217/1370/1432 1514/1745/1767 1515/1746/1768 1220/1371/1433
f  886/1032/1110 1512/1743/1765 1515/1746/1768 891/1035/1113
f  1221/1376/1436 1516/1747/1769 1517/1748/1770 1224/1377/1437
f  890/1036/1114 1514/1745/1767 1517/1748/1770 895/1039/1117
f  1225/1382/1440 1518/1749/1771 1519/1750/1772 1228/1383/1441
f  894/1040/1118 1516/1747/1769 1519/1750/1772 899/1043/1121
f  1229/1388/1444 1520/1751/1773 1521/1752/1774 1232/1389/1445
f  898/1044/1122 1518/1749/1771 1521/1752/1774 903/1047/1125
f  1233/1394/1448 1522/1753/1775 1523/1754/1776 1236/1395/1449
f  902/1048/1126 1520/1751/1773 1523/1754/1776 907/1051/1129
f  1237/1400/1452 1524/1755/1777 1525/1756/1778 1240/1401/1453
f  906/1052/1130 1522/1753/1775 1525/1756/1778 911/1055/1133
f  1241/1406/1456 1526/1757/1779 1527/1758/1780 1244/1407/1457
f  910/1056/1134 1524/1755/1777 1527/1758/1780 915/1059/1137
f  1245/1412/1460 1528/1759/1781 1529/1760/1782 1248/1413/1461
f  914/1060/1138 1526/1757/1779 1529/1760/1782 919/1063/1141
f  1249/1418/1464 1530/1761/1783 1531/1762/1784 1252/1419/1465
f  918/1064/1142 1528/1759/1781 1531/1762/1784 923/1067/1145
f  1253/1424/1468 1532/1763/1785 1533/1764/1786 1256/1425/1469
f  922/1068/1146 1530/1761/1783 1533/1764/1786 927/1071/1149
f  1257/1430/1472 1534/1765/1787 1535/1766/1788 1260/1431/1473
f  926/1072/1150 1532/1763/1785 1535/1766/1788 931/1075/1153
f  1261/1436/1476 1536/1767/1789 1537/1768/1790 1264/1437/1477
f  930/1076/1154 1534/1765/1787 1537/1768/1790 935/1079/1157
f  1265/1442/1480 1538/1769/1791 1539/1770/1792 1268/1443/1481
f  934/1080/1158 1536/1767/1789 1539/1770/1792 939/1083/1161
f  1269/1448/1484 1540/1771/1793 1541/1772/1794 1272/1449/1485
f  938/1084/1162 1538/1769/1791 1541/1772/1794 943/1087/1165
f  1542/1774/1796 1543/1773/1795 1276/1455/1489 1273/1454/1488
f  1540/1771/1793 1543/1773/1795 947/1091/1169 942/1088/1166
f  1544/1776/1798 1545/1775/1797 1280/1461/1493 1277/1460/1492
f  1542/1774/1796 1545/1775/1797 951/1095/1173 946/1092/1170
f  1284/1468/415 813/1777/730 1546/1778/1799 1283/1466/1495
f  1544/1776/1798 1546/1778/1799 955/1099/1177 950/1096/1174
f  1204/1347/1417 1722/1958/2048 1510/1741/1763 1197/1340/1412
f  1624/1854/2066 885/1029/1107 1724/1960/2050 1626/1856/2051
f  1513/1744/1766 1718/1954/2044 1209/1358/1424 1216/1365/1429
f  1636/1866/2060 1728/1964/2059 888/1034/1112 1638/1868/2067
f  1717/1953/2102 1730/1965/2103 1729/1966/2102 1718/1954/2104
f  1718/1954/2105 1729/1966/2106 1731/1967/2105 1719/1955/2107
f  1719/1955/2108 1731/1967/2108 1732/1968/2108 1720/1956/2108
f  1720/1956/2109 1732/1968/2109 1733/1969/2109 1721/1957/2109
f  1721/1957/2110 1733/1969/2110 1734/1970/2110 1722/1958/2110
f  1722/1958/2111 1734/1970/2111 1735/1971/2111 1723/1959/2111
f  1724/1960/2112 1723/1959/2113 1735/1971/2112 1736/1972/2114
f  1725/1961/2115 1724/1960/2116 1736/1972/2115 1737/1973/2117
f  1726/1962/2118 1725/1961/2119 1737/1973/2118 1738/1974/2120
f  1727/1963/2121 1726/1962/2122 1738/1974/2121 1739/1975/2123
f  1728/1964/2124 1727/1963/2124 1739/1975/2124 1740/1976/2124
f  1717/1953/2125 1728/1964/2125 1740/1976/2125 1730/1965/2125
f  1741/1977/2126 1729/1978/2127 1730/1979/2126 1742/1980/2128
f  1743/1981/2129 1731/1982/2130 1729/1978/2129 1741/1977/2131
f  1744/1983/2132 1732/1984/2108 1731/1982/2132 1743/1981/2133
f  1745/1985/2134 1733/1986/2135 1732/1984/2134 1744/1983/2136
f  1746/1987/2137 1734/1988/2138 1733/1986/2137 1745/1985/2139
f  1747/1989/2140 1735/1990/2141 1734/1988/2140 1746/1987/2142
f  1736/1991/2143 1735/1990/2144 1747/1989/2143 1748/1992/2145
f  1737/1993/2146 1736/1994/2147 1748/1995/2146 1749/1996/2148
f  1738/1997/2149 1737/1993/2150 1749/1996/2149 1750/1998/2151
f  1739/1999/2152 1738/1997/2153 1750/1998/2152 1751/2000/2154
f  1740/2001/2155 1739/1999/2156 1751/2000/2155 1752/2002/2157
f  1730/1979/2158 1740/2001/2159 1752/2002/2158 1742/1980/2160
f  128/620/571 527/619/570 1848/2003/522 1847/2004/521
f  528/624/575 128/620/571 1847/2004/521 1846/2005/523
f  127/625/576 528/624/575 1846/2005/523 1845/2006/524
f  529/628/579 127/625/576 1845/2006/524 1844/2007/525
f  126/629/580 529/628/579 1844/2007/525 1843/2008/526
f  530/632/583 126/629/580 1843/2008/526 1842/2009/527
f  125/633/584 530/632/583 1842/2009/527 1841/2010/528
f  531/636/587 125/633/584 1841/2010/528 1840/2011/529
f  124/637/588 531/636/587 1840/2011/529 1839/2012/530
f  532/640/591 124/637/588 1839/2012/530 1838/2013/531
f  123/641/592 532/640/591 1838/2013/531 1837/2014/532
f  533/644/595 123/641/592 1837/2014/532 1836/2015/533
f  122/645/596 533/644/595 1836/2015/533 1835/2016/534
f  534/648/599 122/645/596 1835/2016/534 1834/2017/535
f  121/649/600 534/648/599 1834/2017/535 1833/2018/536
f  535/652/603 121/649/600 1833/2018/536 1832/2019/537
f  120/653/604 535/652/603 1832/2019/537 1831/2020/538
f  536/656/607 120/653/604 1831/2020/538 1830/2021/539
f  119/657/608 536/656/607 1830/2021/539 1829/2022/540
f  537/660/611 119/657/608 1829/2022/540 1828/2023/541
f  118/661/612 537/660/611 1828/2023/541 1827/2024/542
f  538/664/615 118/661/612 1827/2024/542 1826/2025/543
f  117/665/616 538/664/615 1826/2025/543 1825/2026/544
f  539/668/619 117/665/616 1825/2026/544 1824/2027/545
f  116/669/620 539/668/619 1824/2027/545 1823/2028/546
f  540/672/623 116/669/620 1823/2028/546 1822/2029/547
f  115/673/624 540/672/623 1822/2029/547 1821/2030/548
f  541/676/627 115/673/624 1821/2030/548 1820/2031/549
f  114/677/628 541/676/627 1820/2031/549 1819/2032/550
f  542/680/631 114/677/628 1819/2032/550 1818/2033/551
f  113/681/632 542/680/631 1818/2033/551 1817/2034/552
f  543/684/635 113/681/632 1817/2034/552 1816/2035/553
f  112/685/636 543/684/635 1816/2035/553 1815/2036/554
f  544/688/639 112/685/636 1815/2036/554 1814/2037/555
f  111/689/640 544/688/639 1814/2037/555 1813/2038/556
f  545/692/643 111/689/640 1813/2038/556 1812/2039/557
f  110/693/644 545/692/643 1812/2039/557 1811/2040/558
f  546/696/647 110/693/644 1811/2040/558 1810/2041/559
f  109/697/648 546/696/647 1810/2041/559 1809/2042/560
f  547/700/651 109/697/648 1809/2042/560 1808/2043/561
f  108/701/652 547/700/651 1808/2043/561 1807/2044/562
f  548/704/655 108/701/652 1807/2044/562 1806/2045/563
f  107/705/656 548/704/655 1806/2045/563 1805/2046/564
f  549/708/659 107/705/656 1805/2046/564 1804/2047/565
f  106/709/660 549/708/659 1804/2047/565 1803/2048/566
f  550/712/663 106/709/660 1803/2048/566 1802/2049/567
f  1433/713/664 550/712/663 1802/2049/567 1801/2050/568
f  1387/1619/1644 1386/1618/1643 1755/2051/1595 1754/2052/1594
f  1386/1618/1643 1388/1624/1648 1756/2053/1596 1755/2051/1595
f  1388/1624/1648 1389/1623/1647 1757/2054/1597 1756/2053/1596
f  1389/1623/1647 1390/1628/1652 1758/2055/1598 1757/2054/1597
f  1390/1628/1652 1391/1627/1651 1759/2056/1599 1758/2055/1598
f  1391/1627/1651 1392/1632/1656 1760/2057/1600 1759/2056/1599
f  1392/1632/1656 1393/1631/1655 1761/2058/1601 1760/2057/1600
f  1393/1631/1655 1394/1636/1660 1762/2059/1602 1761/2058/1601
f  1394/1636/1660 1395/1635/1659 1763/2060/1603 1762/2059/1602
f  1395/1635/1659 1396/1640/1664 1764/2061/1604 1763/2060/1603
f  1396/1640/1664 1397/1639/1663 1765/2062/1605 1764/2061/1604
f  1397/1639/1663 1398/1644/1668 1766/2063/1606 1765/2062/1605
f  1398/1644/1668 1399/1643/1667 1767/2064/1607 1766/2063/1606
f  1399/1643/1667 1400/1648/1672 1768/2065/1608 1767/2064/1607
f  1400/1648/1672 1401/1647/1671 1769/2066/1609 1768/2065/1608
f  1401/1647/1671 1402/1652/1676 1770/2067/1610 1769/2066/1609
f  1402/1652/1676 1403/1651/1675 1771/2068/1611 1770/2067/1610
f  1403/1651/1675 1404/1656/1680 1772/2069/1612 1771/2068/1611
f  1404/1656/1680 1405/1655/1679 1773/2070/1613 1772/2069/1612
f  1405/1655/1679 1406/1660/1684 1774/2071/1614 1773/2070/1613
f  1406/1660/1684 1407/1659/1683 1775/2072/1615 1774/2071/1614
f  1407/1659/1683 1408/1664/1688 1776/2073/1616 1775/2072/1615
f  1408/1664/1688 1409/1663/1687 1777/2074/1617 1776/2073/1616
f  1409/1663/1687 1410/1668/1692 1778/2075/1618 1777/2074/1617
f  1410/1668/1692 1411/1667/1691 1779/2076/1619 1778/2075/1618
f  1411/1667/1691 1412/1672/1696 1780/2077/1620 1779/2076/1619
f  1412/1672/1696 1413/1671/1695 1781/2078/1621 1780/2077/1620
f  1413/1671/1695 1414/1676/1700 1782/2079/1622 1781/2078/1621
f  1414/1676/1700 1415/1675/1699 1783/2080/1623 1782/2079/1622
f  1415/1675/1699 1416/1680/1704 1784/2081/1624 1783/2080/1623
f  1416/1680/1704 1417/1679/1703 1785/2082/1625 1784/2081/1624
f  1417/1679/1703 1418/1684/1708 1786/2083/1626 1785/2082/1625
f  1418/1684/1708 1419/1683/1707 1787/2084/1627 1786/2083/1626
f  1419/1683/1707 1420/1688/1712 1788/2085/1628 1787/2084/1627
f  1420/1688/1712 1421/1687/1711 1789/2086/1629 1788/2085/1628
f  1421/1687/1711 1422/1692/1716 1790/2087/1630 1789/2086/1629
f  1422/1692/1716 1423/1691/1715 1791/2088/1631 1790/2087/1630
f  1423/1691/1715 1424/1696/1720 1792/2089/1632 1791/2088/1631
f  1424/1696/1720 1425/1695/1719 1793/2090/1633 1792/2089/1632
f  1425/1695/1719 1426/1700/1724 1794/2091/1634 1793/2090/1633
f  1426/1700/1724 1427/1699/1723 1795/2092/1635 1794/2091/1634
f  1427/1699/1723 1428/1704/1728 1796/2093/1636 1795/2092/1635
f  1428/1704/1728 1429/1703/1727 1797/2094/1637 1796/2093/1636
f  1429/1703/1727 1430/1708/1732 1798/2095/1638 1797/2094/1637
f  1430/1708/1732 1431/1707/1731 1799/2096/1639 1798/2095/1638
f  1431/1707/1731 1432/1712/1734 1800/2097/1640 1799/2096/1639
f  1800/2097/1640 1432/1712/1734 1433/1711/664 1801/2098/568
f  1753/1568/1593 749/1567/519 1387/1619/1644 1754/2052/1594
f  1384/954/2161 1850/2099/520 1753/1942/1593 1385/1941/2006
f  1384/954/2161 724/948/936 1849/949/517 1850/2099/520
f  673/2100/2162 1614/2101/2163 2339/2102/2162 2340/2103/2164
f  1615/2104/2165 2338/2105/2166 2339/2102/2165 1614/2101/2167
f  1617/2106/2168 2337/2107/2169 2338/2105/2168 1615/2104/2170
f  1619/2108/2171 2336/2109/2172 2337/2107/2171 1617/2106/2173
f  1621/2110/2174 2335/2111/2175 2336/2109/2174 1619/2108/2176
f  1623/2112/2177 2334/2113/2178 2335/2111/2177 1621/2110/2179
f  1625/2114/2180 2333/2115/2181 2334/2113/2180 1623/2112/2182
f  1627/2116/2183 2332/2117/2184 2333/2115/2183 1625/2114/2185
f  1629/2118/2186 2331/2119/2187 2332/2117/2186 1627/2116/2188
f  1631/2120/2189 2426/2121/2190 2331/2119/2189 1629/2118/2191
f  1633/2122/2192 2425/2123/2193 2426/2121/2192 1631/2120/2194
f  1635/2124/2195 2424/2125/2196 2425/2123/2195 1633/2122/2197
f  1637/2126/2198 2423/2127/2199 2424/2125/2198 1635/2124/2200
f  1639/2128/2201 2422/2129/2202 2423/2127/2201 1637/2126/2203
f  1641/2130/2204 2421/2131/2205 2422/2129/2204 1639/2128/2206
f  1643/2132/2207 2420/2133/2208 2421/2131/2207 1641/2130/2209
f  1645/2134/2210 2419/2135/2211 2420/2133/2210 1643/2132/2212
f  1647/2136/2213 2418/2137/2214 2419/2135/2213 1645/2134/2215
f  1649/2138/2216 2417/2139/2217 2418/2137/2216 1647/2136/2218
f  1651/2140/2219 2416/2141/2220 2417/2139/2219 1649/2138/2221
f  1653/2142/2222 2415/2143/2223 2416/2141/2222 1651/2140/2224
f  1655/2144/2225 2414/2145/2226 2415/2143/2225 1653/2142/2227
f  1657/2146/2228 2413/2147/2229 2414/2145/2228 1655/2144/2230
f  1659/2148/2231 2412/2149/2232 2413/2147/2231 1657/2146/2233
f  1661/2150/2234 2411/2151/2235 2412/2149/2234 1659/2148/2236
f  1663/2152/2237 2410/2153/2238 2411/2151/2237 1661/2150/2239
f  1665/2154/2240 2409/2155/2241 2410/2153/2240 1663/2152/2242
f  1667/2156/2243 2408/2157/2244 2409/2155/2243 1665/2154/2245
f  1669/2158/2246 2407/2159/2247 2408/2157/2246 1667/2156/2248
f  1671/2160/2249 2406/2161/2250 2407/2159/2249 1669/2158/2251
f  1673/2162/2252 2405/2163/2253 2406/2161/2252 1671/2160/2254
f  1675/2164/2255 2404/2165/2256 2405/2163/2255 1673/2162/2257
f  1677/2166/2258 2403/2167/2259 2404/2165/2258 1675/2164/2260
f  1679/2168/2261 2402/2169/2262 2403/2167/2261 1677/2166/2263
f  1681/2170/2264 2401/2171/2265 2402/2169/2264 1679/2168/2266
f  1683/2172/2267 2400/2173/2268 2401/2171/2267 1681/2170/2269
f  1685/2174/2270 2399/2175/2271 2400/2173/2270 1683/2172/2272
f  1687/2176/2273 2398/2177/2274 2399/2175/2273 1685/2174/2275
f  1689/2178/2276 2397/2179/2277 2398/2177/2276 1687/2176/2278
f  1691/2180/2279 2396/2181/2280 2397/2179/2279 1689/2178/2281
f  1693/2182/2282 2395/2183/2283 2396/2181/2282 1691/2180/2284
f  1695/2184/2285 2394/2185/2286 2395/2183/2285 1693/2182/2287
f  1697/2186/2288 2393/2187/2289 2394/2185/2288 1695/2184/2290
f  1699/2188/2291 2392/2189/2292 2393/2187/2291 1697/2186/2293
f  1701/2190/2294 2391/2191/2295 2392/2189/2294 1699/2188/2296
f  1703/2192/2297 2390/2193/2298 2391/2191/2297 1701/2190/2299
f  1705/2194/2300 2389/2195/2301 2390/2193/2300 1703/2192/2302
f  1707/2196/2303 2388/2197/2304 2389/2195/2303 1705/2194/2305
f  1709/2198/2306 2387/2199/2307 2388/2197/2306 1707/2196/2308
f  696/2200/2309 2386/2201/2310 2387/2199/2309 1709/2198/2311
f  719/2202/2312 2385/2203/2313 2386/2201/2312 696/2200/2314
f  695/2204/2315 2384/2205/2316 2385/2203/2315 719/2202/2317
f  718/2206/2318 2383/2207/2319 2384/2205/2318 695/2204/2320
f  694/2208/2321 2382/2209/2322 2383/2207/2321 718/2206/2323
f  717/2210/2324 2381/2211/2325 2382/2209/2324 694/2208/2326
f  693/2212/2327 2380/2213/2328 2381/2211/2327 717/2210/2329
f  716/2214/2330 2379/2215/2331 2380/2213/2330 693/2212/2332
f  692/2216/2333 2378/2217/2334 2379/2215/2333 716/2214/2335
f  715/2218/2336 2377/2219/2337 2378/2217/2336 692/2216/2338
f  691/2220/2339 2376/2221/2340 2377/2219/2339 715/2218/2341
f  714/2222/2342 2375/2223/2343 2376/2221/2342 691/2220/2344
f  690/2224/2345 2374/2225/2346 2375/2223/2345 714/2222/2347
f  713/2226/2348 2373/2227/2349 2374/2225/2348 690/2224/2350
f  689/2228/2351 2372/2229/2352 2373/2227/2351 713/2226/2353
f  712/2230/2354 2371/2231/2355 2372/2229/2354 689/2228/2356
f  688/2232/2357 2370/2233/2358 2371/2231/2357 712/2230/2359
f  711/2234/2360 2369/2235/2361 2370/2233/2360 688/2232/2362
f  687/2236/2363 2368/2237/2364 2369/2235/2363 711/2234/2365
f  710/2238/2366 2367/2239/2367 2368/2237/2366 687/2236/2368
f  686/2240/2369 2366/2241/2370 2367/2239/2369 710/2238/2371
f  709/2242/2372 2365/2243/2373 2366/2241/2372 686/2240/2374
f  685/2244/2375 2364/2245/2376 2365/2243/2375 709/2242/2377
f  708/2246/2378 2363/2247/2379 2364/2245/2378 685/2244/2380
f  684/2248/2381 2362/2249/2382 2363/2247/2381 708/2246/2383
f  707/2250/2384 2361/2251/2385 2362/2249/2384 684/2248/2386
f  683/2252/2387 2360/2253/2388 2361/2251/2387 707/2250/2389
f  706/2254/2390 2359/2255/2391 2360/2253/2390 683/2252/2392
f  682/2256/2393 2358/2257/2394 2359/2255/2393 706/2254/2395
f  705/2258/2396 2357/2259/2397 2358/2257/2396 682/2256/2398
f  681/2260/2399 2356/2261/2400 2357/2259/2399 705/2258/2401
f  704/2262/2402 2355/2263/2403 2356/2261/2402 681/2260/2404
f  680/2264/2405 2354/2265/2406 2355/2263/2405 704/2262/2407
f  703/2266/2408 2353/2267/2409 2354/2265/2408 680/2264/2410
f  679/2268/2411 2352/2269/2412 2353/2267/2411 703/2266/2413
f  702/2270/2414 2351/2271/2415 2352/2269/2414 679/2268/2416
f  678/2272/2417 2350/2273/2418 2351/2271/2417 702/2270/2419
f  701/2274/2420 2349/2275/2421 2350/2273/2420 678/2272/2422
f  677/2276/2423 2348/2277/2424 2349/2275/2423 701/2274/2425
f  700/2278/2426 2347/2279/2427 2348/2277/2426 677/2276/2428
f  676/2280/2429 2346/2281/2430 2347/2279/2429 700/2278/2431
f  699/2282/2432 2345/2283/2433 2346/2281/2432 676/2280/2434
f  675/2284/2435 2344/2285/2436 2345/2283/2435 699/2282/2437
f  698/2286/2438 2343/2287/2439 2344/2285/2438 675/2284/2440
f  674/2288/2441 2342/2289/2442 2343/2287/2441 698/2286/2443
f  697/2290/2444 2341/2291/2445 2342/2289/2444 674/2288/2446
f  673/2100/2447 2340/2103/2448 2341/2291/2447 697/2290/2449
f  1614/2101/2450 673/2100/2451 2034/2292/2450 2035/2293/2452
f  673/2100/2453 697/2290/2454 2033/2294/2453 2034/2292/2455
f  697/2290/2456 674/2288/2457 2032/2295/2456 2033/2294/2458
f  674/2288/2459 698/2286/2460 2031/2296/2459 2032/2295/2461
f  698/2286/2462 675/2284/2463 2030/2297/2462 2031/2296/2464
f  675/2284/2465 699/2282/2466 2029/2298/2465 2030/2297/2467
f  699/2282/2468 676/2280/2469 2028/2299/2468 2029/2298/2470
f  676/2280/2471 700/2278/2472 2027/2300/2471 2028/2299/2473
f  700/2278/2474 677/2276/2475 2026/2301/2474 2027/2300/2476
f  677/2276/2477 701/2274/2478 2025/2302/2477 2026/2301/2479
f  701/2274/2480 678/2272/2481 2024/2303/2480 2025/2302/2482
f  678/2272/2483 702/2270/2484 2023/2304/2483 2024/2303/2485
f  702/2270/2486 679/2268/2487 2022/2305/2486 2023/2304/2488
f  679/2268/2489 703/2266/2490 2021/2306/2489 2022/2305/2491
f  703/2266/2492 680/2264/2493 2020/2307/2492 2021/2306/2494
f  680/2264/2495 704/2262/2496 2019/2308/2495 2020/2307/2497
f  704/2262/2498 681/2260/2499 2018/2309/2498 2019/2308/2500
f  681/2260/2501 705/2258/2502 2017/2310/2501 2018/2309/2503
f  705/2258/2504 682/2256/2505 2016/2311/2504 2017/2310/2506
f  682/2256/2507 706/2254/2508 2015/2312/2507 2016/2311/2509
f  706/2254/2510 683/2252/2511 2014/2313/2510 2015/2312/2512
f  683/2252/2513 707/2250/2514 2013/2314/2513 2014/2313/2515
f  707/2250/2516 684/2248/2517 2012/2315/2516 2013/2314/2518
f  684/2248/2519 708/2246/2520 2011/2316/2519 2012/2315/2521
f  708/2246/2522 685/2244/2523 2010/2317/2522 2011/2316/2524
f  685/2244/2525 709/2242/2526 2009/2318/2525 2010/2317/2527
f  709/2242/2528 686/2240/2529 2008/2319/2528 2009/2318/2530
f  686/2240/2531 710/2238/2532 2007/2320/2531 2008/2319/2533
f  710/2238/2534 687/2236/2535 2006/2321/2534 2007/2320/2536
f  687/2236/2537 711/2234/2538 2005/2322/2537 2006/2321/2539
f  711/2234/2540 688/2232/2541 2004/2323/2540 2005/2322/2542
f  688/2232/2543 712/2230/2544 2003/2324/2543 2004/2323/2545
f  712/2230/2546 689/2228/2547 2002/2325/2546 2003/2324/2548
f  689/2228/2549 713/2226/2550 2001/2326/2549 2002/2325/2551
f  713/2226/2552 690/2224/2553 2000/2327/2552 2001/2326/2554
f  690/2224/2555 714/2222/2556 1999/2328/2555 2000/2327/2557
f  714/2222/2558 691/2220/2559 1998/2329/2558 1999/2328/2560
f  691/2220/2561 715/2218/2562 1997/2330/2561 1998/2329/2563
f  715/2218/2564 692/2216/2565 1996/2331/2564 1997/2330/2566
f  692/2216/2567 716/2214/2568 1995/2332/2567 1996/2331/2569
f  716/2214/2570 693/2212/2571 1994/2333/2570 1995/2332/2572
f  693/2212/2573 717/2210/2574 1993/2334/2573 1994/2333/2575
f  717/2210/2576 694/2208/2577 1992/2335/2576 1993/2334/2578
f  694/2208/2579 718/2206/2580 1991/2336/2579 1992/2335/2581
f  718/2206/2582 695/2204/2583 1990/2337/2582 1991/2336/2584
f  695/2204/2585 719/2202/2586 1989/2338/2585 1990/2337/2587
f  719/2202/2588 696/2200/2589 1988/2339/2588 1989/2338/2590
f  696/2200/2591 1709/2198/2592 1987/2340/2591 1988/2339/2593
f  1615/2104/2594 1614/2101/2595 2035/2293/2594 2036/2341/2596
f  1617/2106/2597 1615/2104/2598 2036/2341/2597 2037/2342/2599
f  1619/2108/2600 1617/2106/2601 2037/2342/2600 2038/2343/2602
f  1621/2110/2603 1619/2108/2604 2038/2343/2603 2039/2344/2605
f  1623/2112/2606 1621/2110/2607 2039/2344/2606 2040/2345/2608
f  1625/2114/2609 1623/2112/2610 2040/2345/2609 2041/2346/2611
f  1627/2116/2612 1625/2114/2613 2041/2346/2612 2042/2347/2614
f  1629/2118/2615 1627/2116/2616 2042/2347/2615 1947/2348/2617
f  1631/2120/2618 1629/2118/2619 1947/2348/2618 1948/2349/2620
f  1633/2122/2621 1631/2120/2622 1948/2349/2621 1949/2350/2623
f  1635/2124/2624 1633/2122/2625 1949/2350/2624 1950/2351/2626
f  1637/2126/2627 1635/2124/2628 1950/2351/2627 1951/2352/2629
f  1639/2128/2630 1637/2126/2631 1951/2352/2630 1952/2353/2632
f  1641/2130/2633 1639/2128/2634 1952/2353/2633 1953/2354/2635
f  1643/2132/2636 1641/2130/2637 1953/2354/2636 1954/2355/2638
f  1645/2134/2639 1643/2132/2640 1954/2355/2639 1955/2356/2641
f  1647/2136/2642 1645/2134/2643 1955/2356/2642 1956/2357/2644
f  1649/2138/2645 1647/2136/2646 1956/2357/2645 1957/2358/2647
f  1651/2140/2648 1649/2138/2649 1957/2358/2648 1958/2359/2650
f  1653/2142/2651 1651/2140/2652 1958/2359/2651 1959/2360/2653
f  1655/2144/2654 1653/2142/2655 1959/2360/2654 1960/2361/2656
f  1657/2146/2657 1655/2144/2658 1960/2361/2657 1961/2362/2659
f  1659/2148/2660 1657/2146/2661 1961/2362/2660 1962/2363/2662
f  1661/2150/2663 1659/2148/2664 1962/2363/2663 1963/2364/2665
f  1663/2152/2666 1661/2150/2667 1963/2364/2666 1964/2365/2668
f  1665/2154/2669 1663/2152/2670 1964/2365/2669 1965/2366/2671
f  1667/2156/2672 1665/2154/2673 1965/2366/2672 1966/2367/2674
f  1669/2158/2675 1667/2156/2676 1966/2367/2675 1967/2368/2677
f  1671/2160/2678 1669/2158/2679 1967/2368/2678 1968/2369/2680
f  1673/2162/2681 1671/2160/2682 1968/2369/2681 1969/2370/2683
f  1675/2164/2684 1673/2162/2685 1969/2370/2684 1970/2371/2686
f  1677/2166/2687 1675/2164/2688 1970/2371/2687 1971/2372/2689
f  1679/2168/2690 1677/2166/2691 1971/2372/2690 1972/2373/2692
f  1681/2170/2693 1679/2168/2694 1972/2373/2693 1973/2374/2695
f  1683/2172/2696 1681/2170/2697 1973/2374/2696 1974/2375/2698
f  1685/2174/2699 1683/2172/2700 1974/2375/2699 1975/2376/2701
f  1687/2176/2702 1685/2174/2703 1975/2376/2702 1976/2377/2704
f  1689/2178/2705 1687/2176/2706 1976/2377/2705 1977/2378/2707
f  1691/2180/2708 1689/2178/2709 1977/2378/2708 1978/2379/2710
f  1693/2182/2711 1691/2180/2712 1978/2379/2711 1979/2380/2713
f  1695/2184/2714 1693/2182/2715 1979/2380/2714 1980/2381/2716
f  1697/2186/2717 1695/2184/2718 1980/2381/2717 1981/2382/2719
f  1699/2188/2720 1697/2186/2721 1981/2382/2720 1982/2383/2722
f  1701/2190/2723 1699/2188/2724 1982/2383/2723 1983/2384/2725
f  1703/2192/2726 1701/2190/2727 1983/2384/2726 1984/2385/2728
f  1705/2194/2729 1703/2192/2730 1984/2385/2729 1985/2386/2731
f  1707/2196/2732 1705/2194/2733 1985/2386/2732 1986/2387/2734
f  1709/2198/2735 1707/2196/2736 1986/2387/2735 1987/2340/2737
f  2247/2388/2738 2248/2389/2739 2056/2390/2738 2055/2391/2740
f  2054/2392/2741 2246/2393/2742 2247/2388/2741 2055/2391/2743
f  2245/2394/2744 2246/2393/2745 2054/2392/2744 2053/2395/2746
f  2244/2396/2747 2245/2394/2748 2053/2395/2747 2052/2397/2749
f  2243/2398/2750 2244/2396/2751 2052/2397/2750 2051/2399/2752
f  2242/2400/2753 2243/2398/2754 2051/2399/2753 2050/2401/2755
f  2241/2402/2756 2242/2400/2757 2050/2401/2756 2049/2403/2758
f  2240/2404/2759 2241/2402/2760 2049/2403/2759 2048/2405/2761
f  2239/2406/2762 2240/2404/2763 2048/2405/2762 2047/2407/2764
f  2238/2408/2765 2239/2406/2766 2047/2407/2765 2046/2409/2767
f  2237/2410/2768 2238/2408/2769 2046/2409/2768 2045/2411/2770
f  2236/2412/2771 2237/2410/2772 2045/2411/2771 2044/2413/2773
f  2235/2414/2774 2236/2412/2775 2044/2413/2774 2043/2415/2776
f  2330/2416/2777 2235/2414/2778 2043/2415/2777 2138/2417/2779
f  2329/2418/2780 2330/2416/2781 2138/2417/2780 2137/2419/2782
f  2328/2420/2783 2329/2418/2784 2137/2419/2783 2136/2421/2785
f  2327/2422/2786 2328/2420/2787 2136/2421/2786 2135/2423/2788
f  2326/2424/2789 2327/2422/2790 2135/2423/2789 2134/2425/2791
f  2325/2426/2792 2326/2424/2793 2134/2425/2792 2133/2427/2794
f  2324/2428/2795 2325/2426/2796 2133/2427/2795 2132/2429/2797
f  2323/2430/2798 2324/2428/2799 2132/2429/2798 2131/2431/2800
f  2322/2432/2801 2323/2430/2802 2131/2431/2801 2130/2433/2803
f  2321/2434/2804 2322/2432/2805 2130/2433/2804 2129/2435/2806
f  2320/2436/2807 2321/2434/2808 2129/2435/2807 2128/2437/2809
f  2319/2438/2810 2320/2436/2811 2128/2437/2810 2127/2439/2812
f  2318/2440/2813 2319/2438/2814 2127/2439/2813 2126/2441/2815
f  2317/2442/2816 2318/2440/2817 2126/2441/2816 2125/2443/2818
f  2316/2444/2819 2317/2442/2820 2125/2443/2819 2124/2445/2821
f  2315/2446/2822 2316/2444/2823 2124/2445/2822 2123/2447/2824
f  2314/2448/2825 2315/2446/2826 2123/2447/2825 2122/2449/2827
f  2313/2450/2828 2314/2448/2829 2122/2449/2828 2121/2451/2830
f  2312/2452/2831 2313/2450/2832 2121/2451/2831 2120/2453/2833
f  2311/2454/2834 2312/2452/2835 2120/2453/2834 2119/2455/2836
f  2310/2456/2837 2311/2454/2838 2119/2455/2837 2118/2457/2839
f  2309/2458/2840 2310/2456/2841 2118/2457/2840 2117/2459/2842
f  2308/2460/2843 2309/2458/2844 2117/2459/2843 2116/2461/2845
f  2307/2462/2846 2308/2460/2847 2116/2461/2846 2115/2463/2848
f  2306/2464/2849 2307/2462/2850 2115/2463/2849 2114/2465/2851
f  2305/2466/2852 2306/2464/2853 2114/2465/2852 2113/2467/2854
f  2304/2468/2855 2305/2466/2856 2113/2467/2855 2112/2469/2857
f  2303/2470/2858 2304/2468/2859 2112/2469/2858 2111/2471/2860
f  2302/2472/2861 2303/2470/2862 2111/2471/2861 2110/2473/2863
f  2301/2474/2864 2302/2472/2865 2110/2473/2864 2109/2475/2866
f  2300/2476/2867 2301/2474/2868 2109/2475/2867 2108/2477/2869
f  2299/2478/2870 2300/2476/2871 2108/2477/2870 2107/2479/2872
f  2298/2480/2873 2299/2478/2874 2107/2479/2873 2106/2481/2875
f  2297/2482/2876 2298/2480/2877 2106/2481/2876 2105/2483/2878
f  2296/2484/2879 2297/2482/2880 2105/2483/2879 2104/2485/2881
f  2295/2486/2882 2296/2484/2883 2104/2485/2882 2103/2487/2884
f  2294/2488/2885 2295/2486/2886 2103/2487/2885 2102/2489/2887
f  2293/2490/2888 2294/2488/2889 2102/2489/2888 2101/2491/2890
f  2292/2492/2891 2293/2490/2892 2101/2491/2891 2100/2493/2893
f  2291/2494/2894 2292/2492/2895 2100/2493/2894 2099/2495/2896
f  2290/2496/2897 2291/2494/2898 2099/2495/2897 2098/2497/2899
f  2289/2498/2900 2290/2496/2901 2098/2497/2900 2097/2499/2902
f  2288/2500/2903 2289/2498/2904 2097/2499/2903 2096/2501/2905
f  2287/2502/2906 2288/2500/2907 2096/2501/2906 2095/2503/2908
f  2286/2504/2909 2287/2502/2910 2095/2503/2909 2094/2505/2911
f  2285/2506/2912 2286/2504/2913 2094/2505/2912 2093/2507/2914
f  2284/2508/2915 2285/2506/2916 2093/2507/2915 2092/2509/2917
f  2283/2510/2918 2284/2508/2918 2092/2509/2918 2091/2511/2919
f  2282/2512/2920 2283/2510/2921 2091/2511/2920 2090/2513/2922
f  2281/2514/2923 2282/2512/2924 2090/2513/2923 2089/2515/2925
f  2280/2516/2926 2281/2514/2927 2089/2515/2926 2088/2517/2928
f  2279/2518/2929 2280/2516/2930 2088/2517/2929 2087/2519/2929
f  2278/2520/2931 2279/2518/2932 2087/2519/2931 2086/2521/2933
f  2277/2522/2934 2278/2520/2935 2086/2521/2934 2085/2523/2936
f  2276/2524/2937 2277/2522/2938 2085/2523/2937 2084/2525/2939
f  2275/2526/2940 2276/2524/2941 2084/2525/2940 2083/2527/2942
f  2274/2528/2943 2275/2526/2944 2083/2527/2943 2082/2529/2945
f  2273/2530/2946 2274/2528/2947 2082/2529/2946 2081/2531/2948
f  2272/2532/2949 2273/2530/2950 2081/2531/2949 2080/2533/2951
f  2271/2534/2952 2272/2532/2953 2080/2533/2952 2079/2535/2954
f  2270/2536/2955 2271/2534/2956 2079/2535/2955 2078/2537/2957
f  2269/2538/2958 2270/2536/2959 2078/2537/2958 2077/2539/2960
f  2268/2540/2961 2269/2538/2962 2077/2539/2961 2076/2541/2963
f  2267/2542/2964 2268/2540/2965 2076/2541/2964 2075/2543/2966
f  2266/2544/2967 2267/2542/2968 2075/2543/2967 2074/2545/2969
f  2265/2546/2970 2266/2544/2971 2074/2545/2970 2073/2547/2972
f  2264/2548/2973 2265/2546/2974 2073/2547/2973 2072/2549/2975
f  2263/2550/2976 2264/2548/2977 2072/2549/2976 2071/2551/2978
f  2262/2552/2979 2263/2550/2980 2071/2551/2979 2070/2553/2981
f  2261/2554/2982 2262/2552/2983 2070/2553/2982 2069/2555/2984
f  2260/2556/2985 2261/2554/2986 2069/2555/2985 2068/2557/2987
f  2259/2558/2988 2260/2556/2989 2068/2557/2988 2067/2559/2990
f  2258/2560/2991 2259/2558/2992 2067/2559/2991 2066/2561/2993
f  2257/2562/2994 2258/2560/2995 2066/2561/2994 2065/2563/2996
f  2256/2564/2997 2257/2562/2998 2065/2563/2997 2064/2565/2999
f  2255/2566/3000 2256/2564/3001 2064/2565/3000 2063/2567/3002
f  2254/2568/3003 2255/2566/3004 2063/2567/3003 2062/2569/3005
f  2253/2570/3006 2254/2568/3007 2062/2569/3006 2061/2571/3008
f  2252/2572/3009 2253/2570/3010 2061/2571/3009 2060/2573/3011
f  2251/2574/3012 2252/2572/3013 2060/2573/3012 2059/2575/3014
f  2250/2576/3015 2251/2574/3016 2059/2575/3015 2058/2577/3017
f  2249/2578/3018 2250/2576/3019 2058/2577/3018 2057/2579/3020
f  2248/2389/3021 2249/2578/3022 2057/2579/3021 2056/2390/3023
f  2438/2580/3024 2439/2581/3025 2152/2582/3024 2151/2583/3026
f  2150/2584/3027 2437/2585/3028 2438/2580/3027 2151/2583/3029
f  2436/2586/3030 2437/2585/3031 2150/2584/3030 2149/2587/3032
f  2435/2588/3033 2436/2586/3034 2149/2587/3033 2148/2589/3035
f  2434/2590/3036 2435/2588/3037 2148/2589/3036 2147/2591/3038
f  2433/2592/3039 2434/2590/3040 2147/2591/3039 2146/2593/3041
f  2432/2594/3042 2433/2592/3043 2146/2593/3042 2145/2595/3044
f  2431/2596/3045 2432/2594/3046 2145/2595/3045 2144/2597/3047
f  2430/2598/3048 2431/2596/3049 2144/2597/3048 2143/2599/3050
f  2429/2600/3051 2430/2598/3052 2143/2599/3051 2142/2601/3053
f  2428/2602/3054 2429/2600/3055 2142/2601/3054 2141/2603/3056
f  2427/2604/3057 2428/2602/3058 2141/2603/3057 2140/2605/3059
f  2522/2606/3060 2427/2604/3061 2140/2605/3060 2139/2607/3062
f  2521/2608/3063 2522/2606/3064 2139/2607/3063 2234/2609/3065
f  2520/2610/3066 2521/2608/3067 2234/2609/3066 2233/2611/3068
f  2519/2612/3069 2520/2610/3070 2233/2611/3069 2232/2613/3071
f  2518/2614/3072 2519/2612/3073 2232/2613/3072 2231/2615/3074
f  2517/2616/3075 2518/2614/3076 2231/2615/3075 2230/2617/3077
f  2516/2618/3078 2517/2616/3079 2230/2617/3078 2229/2619/3080
f  2515/2620/3081 2516/2618/3082 2229/2619/3081 2228/2621/3083
f  2514/2622/3084 2515/2620/3085 2228/2621/3084 2227/2623/3086
f  2513/2624/3087 2514/2622/3088 2227/2623/3087 2226/2625/3089
f  2512/2626/3090 2513/2624/3091 2226/2625/3090 2225/2627/3092
f  2511/2628/3093 2512/2626/3094 2225/2627/3093 2224/2629/3095
f  2510/2630/3096 2511/2628/3097 2224/2629/3096 2223/2631/3098
f  2509/2632/3099 2510/2630/3100 2223/2631/3099 2222/2633/3101
f  2508/2634/3102 2509/2632/3103 2222/2633/3102 2221/2635/3104
f  2507/2636/3105 2508/2634/3106 2221/2635/3105 2220/2637/3107
f  2506/2638/3108 2507/2636/3109 2220/2637/3108 2219/2639/3110
f  2505/2640/3111 2506/2638/3112 2219/2639/3111 2218/2641/3113
f  2504/2642/3114 2505/2640/3115 2218/2641/3114 2217/2643/3116
f  2503/2644/3117 2504/2642/3118 2217/2643/3117 2216/2645/3119
f  2502/2646/3120 2503/2644/3121 2216/2645/3120 2215/2647/3122
f  2501/2648/3123 2502/2646/3124 2215/2647/3123 2214/2649/3125
f  2500/2650/3126 2501/2648/3127 2214/2649/3126 2213/2651/3128
f  2499/2652/3129 2500/2650/3130 2213/2651/3129 2212/2653/3131
f  2498/2654/3132 2499/2652/3133 2212/2653/3132 2211/2655/3134
f  2497/2656/3135 2498/2654/3136 2211/2655/3135 2210/2657/3137
f  2496/2658/3138 2497/2656/3139 2210/2657/3138 2209/2659/3140
f  2495/2660/3141 2496/2658/3142 2209/2659/3141 2208/2661/3143
f  2494/2662/3144 2495/2660/3145 2208/2661/3144 2207/2663/3146
f  2493/2664/3147 2494/2662/3148 2207/2663/3147 2206/2665/3149
f  2492/2666/3150 2493/2664/3151 2206/2665/3150 2205/2667/3152
f  2491/2668/3153 2492/2666/3154 2205/2667/3153 2204/2669/3155
f  2490/2670/3156 2491/2668/3157 2204/2669/3156 2203/2671/3158
f  2489/2672/3159 2490/2670/3160 2203/2671/3159 2202/2673/3161
f  2488/2674/3162 2489/2672/3163 2202/2673/3162 2201/2675/3164
f  2487/2676/3165 2488/2674/3166 2201/2675/3165 2200/2677/3167
f  2486/2678/3168 2487/2676/3169 2200/2677/3168 2199/2679/3170
f  2485/2680/3171 2486/2678/3172 2199/2679/3171 2198/2681/3173
f  2484/2682/3174 2485/2680/3175 2198/2681/3174 2197/2683/3176
f  2483/2684/3177 2484/2682/3178 2197/2683/3177 2196/2685/3179
f  2482/2686/3180 2483/2684/3181 2196/2685/3180 2195/2687/3182
f  2481/2688/3183 2482/2686/3184 2195/2687/3183 2194/2689/3185
f  2480/2690/3186 2481/2688/3187 2194/2689/3186 2193/2691/3188
f  2479/2692/3189 2480/2690/3190 2193/2691/3189 2192/2693/3191
f  2478/2694/3192 2479/2692/3193 2192/2693/3192 2191/2695/3194
f  2477/2696/3195 2478/2694/3196 2191/2695/3195 2190/2697/3197
f  2476/2698/3198 2477/2696/3199 2190/2697/3198 2189/2699/3200
f  2475/2700/3201 2476/2698/3202 2189/2699/3201 2188/2701/3203
f  2474/2702/3204 2475/2700/3205 2188/2701/3204 2187/2703/3206
f  2473/2704/3207 2474/2702/3208 2187/2703/3207 2186/2705/3209
f  2472/2706/3210 2473/2704/3211 2186/2705/3210 2185/2707/3212
f  2471/2708/3213 2472/2706/3214 2185/2707/3213 2184/2709/3215
f  2470/2710/3216 2471/2708/3217 2184/2709/3216 2183/2711/3218
f  2469/2712/3219 2470/2710/3220 2183/2711/3219 2182/2713/3221
f  2468/2714/3222 2469/2712/3223 2182/2713/3222 2181/2715/3224
f  2467/2716/3225 2468/2714/3226 2181/2715/3225 2180/2717/3227
f  2466/2718/3228 2467/2716/3229 2180/2717/3228 2179/2719/3230
f  2465/2720/3231 2466/2718/3232 2179/2719/3231 2178/2721/3233
f  2464/2722/3234 2465/2720/3235 2178/2721/3234 2177/2723/3236
f  2463/2724/3237 2464/2722/3238 2177/2723/3237 2176/2725/3239
f  2462/2726/3240 2463/2724/3241 2176/2725/3240 2175/2727/3242
f  2461/2728/3243 2462/2726/3244 2175/2727/3243 2174/2729/3245
f  2460/2730/3246 2461/2728/3247 2174/2729/3246 2173/2731/3248
f  2459/2732/3249 2460/2730/3250 2173/2731/3249 2172/2733/3251
f  2458/2734/3252 2459/2732/3253 2172/2733/3252 2171/2735/3254
f  2457/2736/3255 2458/2734/3256 2171/2735/3255 2170/2737/3257
f  2456/2738/3258 2457/2736/3259 2170/2737/3258 2169/2739/3260
f  2455/2740/3261 2456/2738/3262 2169/2739/3261 2168/2741/3263
f  2454/2742/3264 2455/2740/3265 2168/2741/3264 2167/2743/3266
f  2453/2744/3267 2454/2742/3268 2167/2743/3267 2166/2745/3269
f  2452/2746/3270 2453/2744/3271 2166/2745/3270 2165/2747/3272
f  2451/2748/3273 2452/2746/3274 2165/2747/3273 2164/2749/3275
f  2450/2750/3276 2451/2748/3277 2164/2749/3276 2163/2751/3278
f  2449/2752/3279 2450/2750/3280 2163/2751/3279 2162/2753/3281
f  2448/2754/3282 2449/2752/3283 2162/2753/3282 2161/2755/3284
f  2447/2756/3285 2448/2754/3286 2161/2755/3285 2160/2757/3287
f  2446/2758/3288 2447/2756/3289 2160/2757/3288 2159/2759/3290
f  2445/2760/3291 2446/2758/3292 2159/2759/3291 2158/2761/3293
f  2444/2762/3294 2445/2760/3295 2158/2761/3294 2157/2763/3296
f  2443/2764/3297 2444/2762/3298 2157/2763/3297 2156/2765/3299
f  2442/2766/3300 2443/2764/3301 2156/2765/3300 2155/2767/3302
f  2441/2768/3303 2442/2766/3304 2155/2767/3303 2154/2769/3305
f  2440/2770/3306 2441/2768/3307 2154/2769/3306 2153/2771/3308
f  2439/2581/3309 2440/2770/3310 2153/2771/3309 2152/2582/3311
f  2151/2583/3312 2152/2582/3313 2248/2389/3312 2247/2388/3314
f  2246/2393/3315 2150/2584/3316 2151/2583/3315 2247/2388/3317
f  2149/2587/3318 2150/2584/3319 2246/2393/3318 2245/2394/3320
f  2148/2589/3321 2149/2587/3322 2245/2394/3321 2244/2396/3323
f  2147/2591/3324 2148/2589/3325 2244/2396/3324 2243/2398/3326
f  2146/2593/3327 2147/2591/3328 2243/2398/3327 2242/2400/3329
f  2145/2595/3330 2146/2593/3331 2242/2400/3330 2241/2402/3332
f  2144/2597/3333 2145/2595/3334 2241/2402/3333 2240/2404/3335
f  2143/2599/3336 2144/2597/3337 2240/2404/3336 2239/2406/3338
f  2142/2601/3339 2143/2599/3340 2239/2406/3339 2238/2408/3341
f  2141/2603/3342 2142/2601/3342 2238/2408/3342 2237/2410/3343
f  2140/2605/3344 2141/2603/3345 2237/2410/3344 2236/2412/3346
f  2139/2607/3347 2140/2605/3348 2236/2412/3347 2235/2414/3349
f  2234/2609/3350 2139/2607/3351 2235/2414/3350 2330/2416/3352
f  2233/2611/3353 2234/2609/3354 2330/2416/3353 2329/2418/3355
f  2232/2613/3356 2233/2611/3357 2329/2418/3356 2328/2420/3358
f  2231/2615/3359 2232/2613/3360 2328/2420/3359 2327/2422/3361
f  2230/2617/3362 2231/2615/3363 2327/2422/3362 2326/2424/3364
f  2229/2619/3365 2230/2617/3366 2326/2424/3365 2325/2426/3367
f  2228/2621/3368 2229/2619/3369 2325/2426/3368 2324/2428/3370
f  2227/2623/3371 2228/2621/3372 2324/2428/3371 2323/2430/3373
f  2226/2625/3374 2227/2623/3375 2323/2430/3374 2322/2432/3376
f  2225/2627/3377 2226/2625/3378 2322/2432/3377 2321/2434/3379
f  2224/2629/3380 2225/2627/3381 2321/2434/3380 2320/2436/3382
f  2223/2631/3383 2224/2629/3384 2320/2436/3383 2319/2438/3385
f  2222/2633/3386 2223/2631/3387 2319/2438/3386 2318/2440/3388
f  2221/2635/3389 2222/2633/3390 2318/2440/3389 2317/2442/3391
f  2220/2637/3392 2221/2635/3393 2317/2442/3392 2316/2444/3394
f  2219/2639/3395 2220/2637/3396 2316/2444/3395 2315/2446/3397
f  2218/2641/3398 2219/2639/3399 2315/2446/3398 2314/2448/3400
f  2217/2643/3401 2218/2641/3402 2314/2448/3401 2313/2450/3403
f  2216/2645/3404 2217/2643/3405 2313/2450/3404 2312/2452/3406
f  2215/2647/3407 2216/2645/3408 2312/2452/3407 2311/2454/3409
f  2214/2649/3410 2215/2647/3411 2311/2454/3410 2310/2456/3412
f  2213/2651/3413 2214/2649/3414 2310/2456/3413 2309/2458/3415
f  2212/2653/3416 2213/2651/3417 2309/2458/3416 2308/2460/3418
f  2211/2655/3419 2212/2653/3420 2308/2460/3419 2307/2462/3421
f  2210/2657/3422 2211/2655/3423 2307/2462/3422 2306/2464/3424
f  2209/2659/3425 2210/2657/3426 2306/2464/3425 2305/2466/3427
f  2208/2661/3428 2209/2659/3429 2305/2466/3428 2304/2468/3430
f  2207/2663/3431 2208/2661/3432 2304/2468/3431 2303/2470/3433
f  2206/2665/3434 2207/2663/3435 2303/2470/3434 2302/2472/3436
f  2205/2667/3437 2206/2665/3438 2302/2472/3437 2301/2474/3439
f  2204/2669/3440 2205/2667/3441 2301/2474/3440 2300/2476/3442
f  2203/2671/3443 2204/2669/3444 2300/2476/3443 2299/2478/3445
f  2202/2673/3446 2203/2671/3447 2299/2478/3446 2298/2480/3448
f  2201/2675/3449 2202/2673/3450 2298/2480/3449 2297/2482/3451
f  2200/2677/3452 2201/2675/3453 2297/2482/3452 2296/2484/3454
f  2199/2679/3455 2200/2677/3456 2296/2484/3455 2295/2486/3457
f  2198/2681/3458 2199/2679/3459 2295/2486/3458 2294/2488/3460
f  2197/2683/3461 2198/2681/3462 2294/2488/3461 2293/2490/3463
f  2196/2685/3464 2197/2683/3465 2293/2490/3464 2292/2492/3466
f  2195/2687/3467 2196/2685/3468 2292/2492/3467 2291/2494/3469
f  2194/2689/3470 2195/2687/3471 2291/2494/3470 2290/2496/3472
f  2193/2691/3473 2194/2689/3474 2290/2496/3473 2289/2498/3475
f  2192/2693/3476 2193/2691/3477 2289/2498/3476 2288/2500/3478
f  2191/2695/3479 2192/2693/3480 2288/2500/3479 2287/2502/3481
f  2190/2697/3482 2191/2695/3483 2287/2502/3482 2286/2504/3484
f  2189/2699/3485 2190/2697/3486 2286/2504/3485 2285/2506/3487
f  2188/2701/3488 2189/2699/3489 2285/2506/3488 2284/2508/3490
f  2187/2703/3491 2188/2701/3492 2284/2508/3491 2283/2510/3493
f  2186/2705/3494 2187/2703/3495 2283/2510/3494 2282/2512/3496
f  2185/2707/3497 2186/2705/3498 2282/2512/3497 2281/2514/3499
f  2184/2709/3500 2185/2707/3501 2281/2514/3500 2280/2516/3502
f  2183/2711/3503 2184/2709/3504 2280/2516/3503 2279/2518/3505
f  2182/2713/3506 2183/2711/3507 2279/2518/3506 2278/2520/3508
f  2181/2715/3509 2182/2713/3510 2278/2520/3509 2277/2522/3511
f  2180/2717/3512 2181/2715/3513 2277/2522/3512 2276/2524/3514
f  2179/2719/3515 2180/2717/3516 2276/2524/3515 2275/2526/3517
f  2178/2721/3518 2179/2719/3519 2275/2526/3518 2274/2528/3520
f  2177/2723/3521 2178/2721/3522 2274/2528/3521 2273/2530/3523
f  2176/2725/3524 2177/2723/3525 2273/2530/3524 2272/2532/3526
f  2175/2727/3527 2176/2725/3528 2272/2532/3527 2271/2534/3529
f  2174/2729/3530 2175/2727/3531 2271/2534/3530 2270/2536/3532
f  2173/2731/3533 2174/2729/3534 2270/2536/3533 2269/2538/3535
f  2172/2733/3536 2173/2731/3537 2269/2538/3536 2268/2540/3538
f  2171/2735/3539 2172/2733/3540 2268/2540/3539 2267/2542/3541
f  2170/2737/3542 2171/2735/3543 2267/2542/3542 2266/2544/3544
f  2169/2739/3545 2170/2737/3546 2266/2544/3545 2265/2546/3547
f  2168/2741/3548 2169/2739/3549 2265/2546/3548 2264/2548/3550
f  2167/2743/3551 2168/2741/3552 2264/2548/3551 2263/2550/3553
f  2166/2745/3554 2167/2743/3555 2263/2550/3554 2262/2552/3556
f  2165/2747/3557 2166/2745/3558 2262/2552/3557 2261/2554/3559
f  2164/2749/3560 2165/2747/3561 2261/2554/3560 2260/2556/3562
f  2163/2751/3563 2164/2749/3564 2260/2556/3563 2259/2558/3565
f  2162/2753/3566 2163/2751/3567 2259/2558/3566 2258/2560/3568
f  2161/2755/3569 2162/2753/3570 2258/2560/3569 2257/2562/3571
f  2160/2757/3572 2161/2755/3573 2257/2562/3572 2256/2564/3574
f  2159/2759/3575 2160/2757/3576 2256/2564/3575 2255/2566/3577
f  2158/2761/3578 2159/2759/3579 2255/2566/3578 2254/2568/3580
f  2157/2763/3581 2158/2761/3582 2254/2568/3581 2253/2570/3583
f  2156/2765/3584 2157/2763/3585 2253/2570/3584 2252/2572/3586
f  2155/2767/3587 2156/2765/3588 2252/2572/3587 2251/2574/3589
f  2154/2769/3590 2155/2767/3591 2251/2574/3590 2250/2576/3592
f  2153/2771/3593 2154/2769/3594 2250/2576/3593 2249/2578/3595
f  2152/2582/3596 2153/2771/3597 2249/2578/3596 2248/2389/3598
f  2055/2391/3599 2056/2390/3600 2340/2103/3599 2339/2102/3601
f  2338/2105/3602 2054/2392/3603 2055/2391/3602 2339/2102/3604
f  2053/2395/3605 2054/2392/3606 2338/2105/3605 2337/2107/3607
f  2052/2397/3608 2053/2395/3609 2337/2107/3608 2336/2109/3610
f  2051/2399/3611 2052/2397/3612 2336/2109/3611 2335/2111/3613
f  2050/2401/3614 2051/2399/3615 2335/2111/3614 2334/2113/3616
f  2049/2403/3617 2050/2401/3618 2334/2113/3617 2333/2115/3619
f  2048/2405/3620 2049/2403/3621 2333/2115/3620 2332/2117/3622
f  2047/2407/3623 2048/2405/3624 2332/2117/3623 2331/2119/3625
f  2046/2409/3626 2047/2407/3627 2331/2119/3626 2426/2121/3628
f  2045/2411/3629 2046/2409/3630 2426/2121/3629 2425/2123/3631
f  2044/2413/3632 2045/2411/3633 2425/2123/3632 2424/2125/3634
f  2043/2415/3635 2044/2413/3636 2424/2125/3635 2423/2127/3637
f  2138/2417/3638 2043/2415/3639 2423/2127/3638 2422/2129/3640
f  2137/2419/3641 2138/2417/3642 2422/2129/3641 2421/2131/3643
f  2136/2421/3644 2137/2419/3645 2421/2131/3644 2420/2133/3646
f  2135/2423/3647 2136/2421/3648 2420/2133/3647 2419/2135/3649
f  2134/2425/3650 2135/2423/3651 2419/2135/3650 2418/2137/3652
f  2133/2427/3653 2134/2425/3654 2418/2137/3653 2417/2139/3655
f  2132/2429/3656 2133/2427/3657 2417/2139/3656 2416/2141/3658
f  2131/2431/3659 2132/2429/3660 2416/2141/3659 2415/2143/3661
f  2130/2433/3662 2131/2431/3663 2415/2143/3662 2414/2145/3664
f  2129/2435/3665 2130/2433/3666 2414/2145/3665 2413/2147/3667
f  2128/2437/3668 2129/2435/3669 2413/2147/3668 2412/2149/3670
f  2127/2439/3671 2128/2437/3672 2412/2149/3671 2411/2151/3673
f  2126/2441/3674 2127/2439/3675 2411/2151/3674 2410/2153/3676
f  2125/2443/3677 2126/2441/3678 2410/2153/3677 2409/2155/3679
f  2124/2445/3680 2125/2443/3681 2409/2155/3680 2408/2157/3682
f  2123/2447/3683 2124/2445/3684 2408/2157/3683 2407/2159/3685
f  2122/2449/3686 2123/2447/3687 2407/2159/3686 2406/2161/3688
f  2121/2451/3689 2122/2449/3690 2406/2161/3689 2405/2163/3691
f  2120/2453/3692 2121/2451/3693 2405/2163/3692 2404/2165/3694
f  2119/2455/3695 2120/2453/3696 2404/2165/3695 2403/2167/3697
f  2118/2457/3698 2119/2455/3699 2403/2167/3698 2402/2169/3700
f  2117/2459/3701 2118/2457/3702 2402/2169/3701 2401/2171/3703
f  2116/2461/3704 2117/2459/3705 2401/2171/3704 2400/2173/3706
f  2115/2463/3707 2116/2461/3708 2400/2173/3707 2399/2175/3709
f  2114/2465/3710 2115/2463/3711 2399/2175/3710 2398/2177/3712
f  2113/2467/3713 2114/2465/3714 2398/2177/3713 2397/2179/3715
f  2112/2469/3716 2113/2467/3717 2397/2179/3716 2396/2181/3718
f  2111/2471/3719 2112/2469/3720 2396/2181/3719 2395/2183/3721
f  2110/2473/3722 2111/2471/3723 2395/2183/3722 2394/2185/3724
f  2109/2475/3725 2110/2473/3726 2394/2185/3725 2393/2187/3727
f  2108/2477/3728 2109/2475/3729 2393/2187/3728 2392/2189/3730
f  2107/2479/3731 2108/2477/3732 2392/2189/3731 2391/2191/3733
f  2106/2481/3734 2107/2479/3735 2391/2191/3734 2390/2193/3736
f  2105/2483/3737 2106/2481/3738 2390/2193/3737 2389/2195/3739
f  2104/2485/3740 2105/2483/3741 2389/2195/3740 2388/2197/3742
f  2103/2487/3743 2104/2485/3744 2388/2197/3743 2387/2199/3745
f  2102/2489/3746 2103/2487/3747 2387/2199/3746 2386/2201/3748
f  2101/2491/3749 2102/2489/3750 2386/2201/3749 2385/2203/3751
f  2100/2493/3752 2101/2491/3753 2385/2203/3752 2384/2205/3754
f  2099/2495/3755 2100/2493/3756 2384/2205/3755 2383/2207/3757
f  2098/2497/3758 2099/2495/3759 2383/2207/3758 2382/2209/3760
f  2097/2499/3761 2098/2497/3762 2382/2209/3761 2381/2211/3763
f  2096/2501/3764 2097/2499/3765 2381/2211/3764 2380/2213/3766
f  2095/2503/3767 2096/2501/3768 2380/2213/3767 2379/2215/3769
f  2094/2505/3770 2095/2503/3771 2379/2215/3770 2378/2217/3772
f  2093/2507/3773 2094/2505/3774 2378/2217/3773 2377/2219/3775
f  2092/2509/3776 2093/2507/3777 2377/2219/3776 2376/2221/3778
f  2091/2511/3779 2092/2509/3780 2376/2221/3779 2375/2223/3781
f  2090/2513/3782 2091/2511/3783 2375/2223/3782 2374/2225/3784
f  2089/2515/3785 2090/2513/3786 2374/2225/3785 2373/2227/3787
f  2088/2517/3788 2089/2515/3789 2373/2227/3788 2372/2229/3790
f  2087/2519/3791 2088/2517/3792 2372/2229/3791 2371/2231/3793
f  2086/2521/3794 2087/2519/3795 2371/2231/3794 2370/2233/3796
f  2085/2523/3797 2086/2521/3798 2370/2233/3797 2369/2235/3799
f  2084/2525/3800 2085/2523/3801 2369/2235/3800 2368/2237/3802
f  2083/2527/3803 2084/2525/3804 2368/2237/3803 2367/2239/3805
f  2082/2529/3806 2083/2527/3807 2367/2239/3806 2366/2241/3808
f  2081/2531/3809 2082/2529/3810 2366/2241/3809 2365/2243/3811
f  2080/2533/3812 2081/2531/3813 2365/2243/3812 2364/2245/3814
f  2079/2535/3815 2080/2533/3816 2364/2245/3815 2363/2247/3817
f  2078/2537/3818 2079/2535/3819 2363/2247/3818 2362/2249/3820
f  2077/2539/3821 2078/2537/3822 2362/2249/3821 2361/2251/3823
f  2076/2541/3824 2077/2539/3825 2361/2251/3824 2360/2253/3826
f  2075/2543/3827 2076/2541/3828 2360/2253/3827 2359/2255/3829
f  2074/2545/3830 2075/2543/3831 2359/2255/3830 2358/2257/3832
f  2073/2547/3833 2074/2545/3834 2358/2257/3833 2357/2259/3835
f  2072/2549/3836 2073/2547/3837 2357/2259/3836 2356/2261/3838
f  2071/2551/3839 2072/2549/3840 2356/2261/3839 2355/2263/3841
f  2070/2553/3842 2071/2551/3843 2355/2263/3842 2354/2265/3844
f  2069/2555/3845 2070/2553/3846 2354/2265/3845 2353/2267/3847
f  2068/2557/3848 2069/2555/3849 2353/2267/3848 2352/2269/3850
f  2067/2559/3851 2068/2557/3852 2352/2269/3851 2351/2271/3853
f  2066/2561/3854 2067/2559/3855 2351/2271/3854 2350/2273/3856
f  2065/2563/3857 2066/2561/3858 2350/2273/3857 2349/2275/3859
f  2064/2565/3860 2065/2563/3861 2349/2275/3860 2348/2277/3862
f  2063/2567/3863 2064/2565/3864 2348/2277/3863 2347/2279/3865
f  2062/2569/3866 2063/2567/3867 2347/2279/3866 2346/2281/3868
f  2061/2571/3869 2062/2569/3870 2346/2281/3869 2345/2283/3871
f  2060/2573/3872 2061/2571/3873 2345/2283/3872 2344/2285/3874
f  2059/2575/3875 2060/2573/3876 2344/2285/3875 2343/2287/3877
f  2058/2577/3878 2059/2575/3879 2343/2287/3878 2342/2289/3880
f  2057/2579/3881 2058/2577/3882 2342/2289/3881 2341/2291/3883
f  2056/2390/3884 2057/2579/3885 2341/2291/3884 2340/2103/3886
f  3343/2772/3887 3344/2773/3888 2439/2581/3887 2438/2580/3889
f  2437/2585/3890 3342/2774/3891 3343/2772/3890 2438/2580/3892
f  3341/2775/3893 3342/2774/3894 2437/2585/3893 2436/2586/3895
f  3340/2776/3896 3341/2775/3897 2436/2586/3896 2435/2588/3898
f  3339/2777/3899 3340/2776/3900 2435/2588/3899 2434/2590/3901
f  3338/2778/3902 3339/2777/3903 2434/2590/3902 2433/2592/3904
f  3337/2779/3905 3338/2778/3906 2433/2592/3905 2432/2594/3907
f  3336/2780/3908 3337/2779/3909 2432/2594/3908 2431/2596/3910
f  3335/2781/3911 3336/2780/3912 2431/2596/3911 2430/2598/3913
f  3334/2782/3914 3335/2781/3915 2430/2598/3914 2429/2600/3916
f  3333/2783/3917 3334/2782/3918 2429/2600/3917 2428/2602/3919
f  3332/2784/3920 3333/2783/3921 2428/2602/3920 2427/2604/3922
f  3331/2785/3923 3332/2784/3924 2427/2604/3923 2522/2606/3925
f  3330/2786/3926 3331/2785/3927 2522/2606/3926 2521/2608/3928
f  3329/2787/3929 3330/2786/3930 2521/2608/3929 2520/2610/3931
f  3328/2788/3932 3329/2787/3933 2520/2610/3932 2519/2612/3934
f  3327/2789/3935 3328/2788/3936 2519/2612/3935 2518/2614/3937
f  3326/2790/3938 3327/2789/3939 2518/2614/3938 2517/2616/3940
f  3325/2791/3941 3326/2790/3942 2517/2616/3941 2516/2618/3943
f  3324/2792/3944 3325/2791/3945 2516/2618/3944 2515/2620/3946
f  3323/2793/3947 3324/2792/3948 2515/2620/3947 2514/2622/3949
f  3322/2794/3950 3323/2793/3951 2514/2622/3950 2513/2624/3952
f  3321/2795/3953 3322/2794/3954 2513/2624/3953 2512/2626/3955
f  3320/2796/3956 3321/2795/3957 2512/2626/3956 2511/2628/3958
f  3319/2797/3959 3320/2796/3960 2511/2628/3959 2510/2630/3961
f  3318/2798/3962 3319/2797/3963 2510/2630/3962 2509/2632/3964
f  3317/2799/3965 3318/2798/3966 2509/2632/3965 2508/2634/3967
f  3316/2800/3968 3317/2799/3969 2508/2634/3968 2507/2636/3970
f  3315/2801/3971 3316/2800/3972 2507/2636/3971 2506/2638/3973
f  3314/2802/3974 3315/2801/3975 2506/2638/3974 2505/2640/3976
f  3313/2803/3977 3314/2802/3978 2505/2640/3977 2504/2642/3979
f  3312/2804/3980 3313/2803/3981 2504/2642/3980 2503/2644/3982
f  3311/2805/3983 3312/2804/3984 2503/2644/3983 2502/2646/3985
f  3310/2806/3986 3311/2805/3987 2502/2646/3986 2501/2648/3988
f  3309/2807/3989 3310/2806/3990 2501/2648/3989 2500/2650/3991
f  3308/2808/3992 3309/2807/3993 2500/2650/3992 2499/2652/3994
f  3307/2809/3995 3308/2808/3996 2499/2652/3995 2498/2654/3997
f  3306/2810/3998 3307/2809/3999 2498/2654/3998 2497/2656/4000
f  3305/2811/4001 3306/2810/4002 2497/2656/4001 2496/2658/4003
f  3304/2812/4004 3305/2811/4005 2496/2658/4004 2495/2660/4006
f  3303/2813/4007 3304/2812/4008 2495/2660/4007 2494/2662/4009
f  3302/2814/4010 3303/2813/4011 2494/2662/4010 2493/2664/4012
f  3301/2815/4013 3302/2814/4014 2493/2664/4013 2492/2666/4015
f  3300/2816/4016 3301/2815/4017 2492/2666/4016 2491/2668/4018
f  3299/2817/4019 3300/2816/4020 2491/2668/4019 2490/2670/4021
f  3298/2818/4022 3299/2817/4023 2490/2670/4022 2489/2672/4024
f  3297/2819/4025 3298/2818/4026 2489/2672/4025 2488/2674/4027
f  3296/2820/4028 3297/2819/4029 2488/2674/4028 2487/2676/4030
f  3295/2821/4031 3296/2820/4032 2487/2676/4031 2486/2678/4033
f  3294/2822/4034 3295/2821/4035 2486/2678/4034 2485/2680/4036
f  3293/2823/4037 3294/2822/4038 2485/2680/4037 2484/2682/4039
f  3292/2824/4040 3293/2823/4041 2484/2682/4040 2483/2684/4042
f  3291/2825/4043 3292/2824/4044 2483/2684/4043 2482/2686/4045
f  3290/2826/4046 3291/2825/4047 2482/2686/4046 2481/2688/4048
f  3289/2827/4049 3290/2826/4050 2481/2688/4049 2480/2690/4051
f  3288/2828/4052 3289/2827/4053 2480/2690/4052 2479/2692/4054
f  3287/2829/4055 3288/2828/4056 2479/2692/4055 2478/2694/4057
f  3286/2830/4058 3287/2829/4059 2478/2694/4058 2477/2696/4060
f  3285/2831/4061 3286/2830/4062 2477/2696/4061 2476/2698/4063
f  3284/2832/4064 3285/2831/4065 2476/2698/4064 2475/2700/4066
f  3108/2833/4067 3109/2834/4068 3397/2835/4067 3398/2836/4069
f  3107/2837/4070 3108/2833/4071 3398/2836/4070 3399/2838/4072
f  3400/2839/4073 3106/2840/4074 3107/2837/4073 3399/2838/4075
f  3550/2841/4076 3390/2842/4077 2714/2843/4076 2619/2844/4078
f  2713/2845/4079 2714/2843/4079 3390/2842/4079
f  2712/2846/4080 2713/2845/4081 3390/2842/4080 3391/2847/4082
f  2711/2848/4083 2712/2846/4083 3391/2847/4083
f  2710/2849/4084 2711/2848/4085 3391/2847/4084 3392/2850/4086
f  2463/2724/4087 3368/2851/4088 3370/2852/4087 2464/2722/4089
f  3367/2853/4090 3368/2851/4091 2463/2724/4090 2462/2726/4092
f  3366/2854/4093 3367/2853/4094 2462/2726/4093 2461/2728/4095
f  3365/2855/4096 3366/2854/4097 2461/2728/4096 2460/2730/4098
f  3364/2856/4099 3365/2855/4100 2460/2730/4099 2459/2732/4101
f  3363/2857/4102 3364/2856/4103 2459/2732/4102 2458/2734/4104
f  3362/2858/4105 3363/2857/4106 2458/2734/4105 2457/2736/4107
f  3361/2859/4108 3362/2858/4109 2457/2736/4108 2456/2738/4110
f  3360/2860/4111 3361/2859/4112 2456/2738/4111 2455/2740/4113
f  3359/2861/4114 3360/2860/4115 2455/2740/4114 2454/2742/4116
f  3358/2862/4117 3359/2861/4118 2454/2742/4117 2453/2744/4119
f  3357/2863/4120 3358/2862/4121 2453/2744/4120 2452/2746/4122
f  3356/2864/4123 3357/2863/4124 2452/2746/4123 2451/2748/4125
f  3355/2865/4126 3356/2864/4127 2451/2748/4126 2450/2750/4128
f  3354/2866/4129 3355/2865/4130 2450/2750/4129 2449/2752/4131
f  3353/2867/4132 3354/2866/4133 2449/2752/4132 2448/2754/4134
f  3352/2868/4135 3353/2867/4136 2448/2754/4135 2447/2756/4137
f  3351/2869/4138 3352/2868/4139 2447/2756/4138 2446/2758/4140
f  3350/2870/4141 3351/2869/4142 2446/2758/4141 2445/2760/4143
f  3349/2871/4144 3350/2870/4145 2445/2760/4144 2444/2762/4146
f  3348/2872/4147 3349/2871/4148 2444/2762/4147 2443/2764/4149
f  3347/2873/4150 3348/2872/4151 2443/2764/4150 2442/2766/4152
f  3346/2874/4153 3347/2873/4154 2442/2766/4153 2441/2768/4155
f  3345/2875/4156 3346/2874/4157 2441/2768/4156 2440/2770/4158
f  3344/2773/4159 3345/2875/4160 2440/2770/4159 2439/2581/4161
f  2035/2876/4162 2034/2877/4162 2609/850/4162 2610/849/4163
f  2034/2877/4164 2033/2878/4165 2608/852/4164 2609/850/4166
f  2033/2878/4167 2032/2879/4168 2607/854/4167 2608/852/4169
f  2032/2879/4170 2031/2880/4170 2606/856/4170 2607/854/4170
f  2031/2880/4171 2030/2881/4172 2605/858/4171 2606/856/4173
f  2030/2881/4174 2029/2882/4175 2604/860/4174 2605/858/814
f  2029/2882/4176 2028/2883/4177 2603/862/4176 2604/860/4178
f  2028/2883/4179 2027/2884/4180 2602/864/4179 2603/862/4181
f  2027/2884/4182 2026/2885/4183 2601/866/4182 2602/864/4184
f  2026/2885/4185 2025/2886/4186 2600/868/4185 2601/866/4187
f  2025/2886/4188 2024/2887/4189 2599/870/4188 2600/868/4190
f  2024/2887/4191 2023/2888/4191 2598/872/4191 2599/870/4192
f  2023/2888/4193 2022/2889/4194 2597/874/4193 2598/872/4195
f  2022/2889/4196 2021/2890/4197 2596/876/4196 2597/874/4198
f  2021/2890/4199 2020/2891/4200 2595/878/4199 2596/876/4201
f  2020/2891/4202 2019/2892/4203 2594/880/4202 2595/878/843
f  2019/2892/4204 2018/2893/4205 2593/882/4204 2594/880/4206
f  2018/2893/4207 2017/2894/4207 2592/884/4207 2593/882/4207
f  2017/2894/852 2016/2895/852 2591/886/852 2592/884/852
f  2016/2895/853 2015/2896/853 2590/888/853 2591/886/853
f  2015/2896/4208 2014/2897/855 2589/890/4208 2590/888/4209
f  2014/2897/4210 2013/2898/4210 2588/892/4210 2589/890/4210
f  2013/2898/4211 2012/2899/4212 2587/894/4211 2588/892/4213
f  2012/2899/4214 2011/2900/4215 2586/896/4214 2587/894/4216
f  2011/2900/4217 2010/2901/4218 2585/898/4217 2586/896/4219
f  2010/2901/4220 2009/2902/4221 2584/900/4220 2585/898/4222
f  2009/2902/4223 2008/2903/4223 2583/902/4223 2584/900/4223
f  2008/2903/4224 2007/2904/4224 2582/904/4224 2583/902/4224
f  2007/2904/4225 2006/2905/4225 2581/906/4225 2582/904/4226
f  2006/2905/4227 2005/2906/4227 2580/908/4227 2581/906/4227
f  2005/2906/4228 2004/2907/4229 2579/910/4228 2580/908/4230
f  2004/2907/4231 2003/2908/4232 2578/912/4231 2579/910/4233
f  2003/2908/4234 2002/2909/4235 2577/914/4234 2578/912/4236
f  2002/2909/4237 2001/2910/4238 2576/916/4237 2577/914/4239
f  2001/2910/4240 2000/2911/4241 2575/918/4240 2576/916/4242
f  2000/2911/4243 1999/2912/4243 2574/920/4243 2575/918/4243
f  1999/2912/4244 1998/2913/4245 2573/922/4244 2574/920/900
f  1998/2913/4246 1997/2914/4247 2572/924/4246 2573/922/4248
f  1997/2914/4249 1996/2915/4250 2571/926/4249 2572/924/4251
f  1996/2915/4252 1995/2916/4253 2570/928/4252 2571/926/4254
f  1995/2916/4255 1994/2917/4255 2569/930/4255 2570/928/4255
f  1994/2917/4256 1993/2918/4257 2568/932/4256 2569/930/4258
f  1993/2918/4259 1992/2919/4260 2567/934/4259 2568/932/4261
f  1992/2919/4262 1991/2920/4263 2566/936/4262 2567/934/4264
f  1991/2920/4265 1990/2921/4266 2565/938/4265 2566/936/4267
f  1990/2921/4268 1989/2922/4269 2564/940/4268 2565/938/4270
f  1989/2922/4271 1988/2923/4272 2563/942/4271 2564/940/4273
f  1988/2923/932 1987/2924/932 2562/944/932 2563/942/932
f  2036/2925/4274 2035/2876/4274 2610/849/4274 2611/1843/4274
f  2037/2926/4275 2036/2925/4276 2611/1843/4275 2612/1845/4277
f  2038/2927/4278 2037/2926/4279 2612/1845/4278 2613/1847/4280
f  2039/2928/4281 2038/2927/4281 2613/1847/4281 2614/1849/4281
f  2040/2929/4282 2039/2928/4283 2614/1849/4282 2615/1851/4284
f  2041/2930/4285 2040/2929/4286 2615/1851/4285 2616/1853/4287
f  2042/2931/4288 2041/2930/4289 2616/1853/4288 2617/1855/1883
f  1947/2932/4290 2042/2931/4291 2617/1855/4290 2618/1857/4292
f  1948/2933/4293 1947/2932/4294 2618/1857/4293 2523/1859/4295
f  1949/2934/4296 1948/2933/4297 2523/1859/4296 2524/1861/4298
f  1950/2935/4299 1949/2934/4300 2524/1861/4299 2525/1863/4301
f  1951/2936/4302 1950/2935/4303 2525/1863/4302 2526/1865/4304
f  1952/2937/4305 1951/2936/4306 2526/1865/4305 2527/1867/4307
f  1953/2938/4308 1952/2937/4309 2527/1867/4308 2528/1869/4310
f  1954/2939/4311 1953/2938/4312 2528/1869/4311 2529/1871/1907
f  1955/2940/4313 1954/2939/4313 2529/1871/4313 2530/1873/4313
f  1956/2941/4314 1955/2940/4314 2530/1873/4314 2531/1875/4314
f  1957/2942/4315 1956/2941/4315 2531/1875/4315 2532/1877/4316
f  1958/2943/4317 1957/2942/4317 2532/1877/4317 2533/1879/4318
f  1959/2944/1921 1958/2943/1921 2533/1879/1921 2534/1881/1921
f  1960/2945/4319 1959/2944/4319 2534/1881/4319 2535/1883/4319
f  1961/2946/4320 1960/2945/4320 2535/1883/4320 2536/1885/4320
f  1962/2947/4321 1961/2946/4322 2536/1885/4321 2537/1887/4323
f  1963/2948/4324 1962/2947/4325 2537/1887/4324 2538/1889/4326
f  1964/2949/4327 1963/2948/4328 2538/1889/4327 2539/1891/4329
f  1965/2950/4330 1964/2949/4331 2539/1891/4330 2540/1893/4332
f  1966/2951/4333 1965/2950/4333 2540/1893/4333 2541/1895/4333
f  1967/2952/4334 1966/2951/4335 2541/1895/4334 2542/1897/4336
f  1968/2953/4337 1967/2952/4338 2542/1897/4337 2543/1899/4339
f  1969/2954/4340 1968/2953/4340 2543/1899/4340 2544/1901/4340
f  1970/2955/4341 1969/2954/4342 2544/1901/4341 2545/1903/4343
f  1971/2956/4344 1970/2955/4345 2545/1903/4344 2546/1905/4346
f  1972/2957/4347 1971/2956/4348 2546/1905/4347 2547/1907/4349
f  1973/2958/4350 1972/2957/4351 2547/1907/4350 2548/1909/4352
f  1974/2959/4353 1973/2958/4354 2548/1909/4353 2549/1911/4355
f  1975/2960/4356 1974/2959/4357 2549/1911/4356 2550/1913/4358
f  1976/2961/4359 1975/2960/4360 2550/1913/4359 2551/1915/4361
f  1977/2962/4362 1976/2961/4363 2551/1915/4362 2552/1917/4364
f  1978/2963/4365 1977/2962/4366 2552/1917/4365 2553/1919/4367
f  1979/2964/4368 1978/2963/4369 2553/1919/4368 2554/1921/1980
f  1980/2965/4370 1979/2964/4370 2554/1921/4370 2555/1923/4370
f  1981/2966/4371 1980/2965/4372 2555/1923/4371 2556/1925/4373
f  1982/2967/4374 1981/2966/4375 2556/1925/4374 2557/1927/4376
f  1983/2968/4377 1982/2967/4378 2557/1927/4377 2558/1929/4379
f  1984/2969/4380 1983/2968/4381 2558/1929/4380 2559/1931/4382
f  1985/2970/4383 1984/2969/4383 2559/1931/4383 2560/1933/4383
f  1986/2971/2000 1985/2970/2000 2560/1933/2000 2561/1935/2000
f  1987/2972/4384 1986/2971/4384 2561/1935/4384 2562/1937/4384
f  3079/2973/4385 3080/2974/4386 2685/2975/4385 2684/2976/4387
f  2683/2977/4388 3078/2978/4389 3079/2973/4388 2684/2976/4390
f  3077/2979/4391 3078/2978/4392 2683/2977/4391 2682/2980/4393
f  3076/2981/4394 3077/2979/4395 2682/2980/4394 2681/2982/4396
f  3075/2983/4397 3076/2981/4398 2681/2982/4397 2680/2984/4399
f  3074/2985/4400 3075/2983/4401 2680/2984/4400 2679/2986/4402
f  3073/2987/4403 3074/2985/4404 2679/2986/4403 2678/2988/4405
f  3072/2989/4406 3073/2987/4407 2678/2988/4406 2677/2990/4408
f  3071/2991/4409 3072/2989/4410 2677/2990/4409 2676/2992/4411
f  3070/2993/4412 3071/2991/4413 2676/2992/4412 2675/2994/4414
f  3069/2995/4415 3070/2993/4415 2675/2994/4415 2674/2996/4416
f  3068/2997/4417 3069/2995/4418 2674/2996/4417 2673/2998/4419
f  3067/2999/4420 3068/2997/4421 2673/2998/4420 2672/3000/4422
f  3066/3001/4423 3067/2999/4424 2672/3000/4423 2671/3002/4425
f  3065/3003/4426 3066/3001/4427 2671/3002/4426 2670/3004/4426
f  3064/3005/4428 3065/3003/4429 2670/3004/4428 2669/3006/4430
f  3063/3007/4431 3064/3005/4432 2669/3006/4431 2668/3008/4433
f  3062/3009/4434 3063/3007/4435 2668/3008/4434 2667/3010/4436
f  3061/3011/4437 3062/3009/4438 2667/3010/4437 2666/3012/4439
f  3060/3013/4440 3061/3011/4441 2666/3012/4440 2665/3014/4442
f  3059/3015/4443 3060/3013/4444 2665/3014/4443 2664/3016/4445
f  3058/3017/4446 3059/3015/4447 2664/3016/4446 2663/3018/4448
f  3057/3019/4449 3058/3017/4450 2663/3018/4449 2662/3020/4451
f  3056/3021/4452 3057/3019/4453 2662/3020/4452 2661/3022/4454
f  3055/3023/4455 3056/3021/4456 2661/3022/4455 2660/3024/4457
f  3054/3025/4458 3055/3023/4459 2660/3024/4458 2659/3026/4460
f  3053/3027/4461 3054/3025/4462 2659/3026/4461 2658/3028/4463
f  3052/3029/4464 3053/3027/4464 2658/3028/4464 2657/3030/4465
f  3051/3031/4466 3052/3029/4467 2657/3030/4466 2656/3032/4468
f  3050/3033/4469 3051/3031/4470 2656/3032/4469 2655/3034/4471
f  3049/3035/4472 3050/3033/4473 2655/3034/4472 2654/3036/4474
f  3048/3037/4475 3049/3035/4476 2654/3036/4475 2653/3038/4477
f  3047/3039/4478 3048/3037/4479 2653/3038/4478 2652/3040/4480
f  3046/3041/4481 3047/3039/4482 2652/3040/4481 2651/3042/4483
f  3045/3043/4484 3046/3041/4485 2651/3042/4484 2650/3044/4486
f  3044/3045/4487 3045/3043/4488 2650/3044/4487 2649/3046/4489
f  3043/3047/4490 3044/3045/4491 2649/3046/4490 2648/3048/4492
f  3042/3049/4493 3043/3047/4494 2648/3048/4493 2647/3050/4495
f  3041/3051/4496 3042/3049/4497 2647/3050/4496 2646/3052/4498
f  3040/3053/4499 3041/3051/4500 2646/3052/4499 2645/3054/4501
f  3039/3055/4502 3040/3053/4503 2645/3054/4502 2644/3056/4504
f  3038/3057/4505 3039/3055/4506 2644/3056/4505 2643/3058/4507
f  3037/3059/4508 3038/3057/4509 2643/3058/4508 2642/3060/4510
f  3036/3061/4511 3037/3059/4512 2642/3060/4511 2641/3062/4513
f  3035/3063/4514 3036/3061/4515 2641/3062/4514 2640/3064/4516
f  3034/3065/4517 3035/3063/4518 2640/3064/4517 2639/3066/4519
f  3033/3067/4520 3034/3065/4521 2639/3066/4520 2638/3068/4522
f  3032/3069/4523 3033/3067/4524 2638/3068/4523 2637/3070/4525
f  3031/3071/4526 3032/3069/4527 2637/3070/4526 2636/3072/4528
f  2635/3073/4529 3030/3074/4530 3031/3071/4529 2636/3072/4531
f  3029/3075/4532 3030/3074/4533 2635/3073/4532 2634/3076/4534
f  3028/3077/4535 3029/3075/4536 2634/3076/4535 2633/3078/4537
f  3027/3079/4538 3028/3077/4539 2633/3078/4538 2632/3080/4540
f  3026/3081/4541 3027/3079/4542 2632/3080/4541 2631/3082/4543
f  3025/3083/4544 3026/3081/4545 2631/3082/4544 2630/3084/4546
f  3024/3085/4547 3025/3083/4548 2630/3084/4547 2629/3086/4549
f  3023/3087/4550 3024/3085/4551 2629/3086/4550 2628/3088/4552
f  3022/3089/4553 3023/3087/4554 2628/3088/4553 2627/3090/4555
f  3021/3091/4556 3022/3089/4556 2627/3090/4556 2626/3092/4556
f  3020/3093/4557 3021/3091/4558 2626/3092/4557 2625/3094/4559
f  3019/3095/4560 3020/3093/4561 2625/3094/4560 2624/3096/4562
f  3018/3097/4563 3019/3095/4564 2624/3096/4563 2623/3098/4565
f  3017/3099/4566 3018/3097/4567 2623/3098/4566 2622/3100/4568
f  3016/3101/4569 3017/3099/4570 2622/3100/4569 2621/3102/4571
f  3015/3103/4572 3016/3101/4573 2621/3102/4572 2620/3104/4574
f  3014/3105/4575 3015/3103/4576 2620/3104/4575 2619/2844/4577
f  3013/3106/4578 3014/3105/4579 2619/2844/4578 2714/2843/4580
f  3012/3107/4581 3013/3106/4582 2714/2843/4581 2713/2845/4583
f  3011/3108/4584 3012/3107/4585 2713/2845/4584 2712/2846/4586
f  3010/3109/4587 3011/3108/4588 2712/2846/4587 2711/2848/4589
f  3009/3110/4590 3010/3109/4591 2711/2848/4590 2710/2849/4592
f  3008/3111/4593 3009/3110/4594 2710/2849/4593 2709/3112/4595
f  3007/3113/4596 3008/3111/4597 2709/3112/4596 2708/3114/4598
f  3006/3115/4599 3007/3113/4600 2708/3114/4599 2707/3116/4601
f  3005/3117/4602 3006/3115/4603 2707/3116/4602 2706/3118/4604
f  3004/3119/4605 3005/3117/4606 2706/3118/4605 2705/3120/4607
f  3003/3121/4608 3004/3119/4609 2705/3120/4608 2704/3122/4610
f  3098/3123/4611 3003/3121/4612 2704/3122/4611 2703/3124/4613
f  3097/3125/4614 3098/3123/4615 2703/3124/4614 2702/3126/4616
f  3096/3127/4617 3097/3125/4618 2702/3126/4617 2701/3128/4619
f  3095/3129/4620 3096/3127/4621 2701/3128/4620 2700/3130/4622
f  3094/3131/4623 3095/3129/4624 2700/3130/4623 2699/3132/4625
f  3093/3133/4626 3094/3131/4627 2699/3132/4626 2698/3134/4628
f  3092/3135/4629 3093/3133/4630 2698/3134/4629 2697/3136/4631
f  3091/3137/4632 3092/3135/4633 2697/3136/4632 2696/3138/4634
f  3090/3139/4635 3091/3137/4636 2696/3138/4635 2695/3140/4637
f  3089/3141/4638 3090/3139/4639 2695/3140/4638 2694/3142/4640
f  3088/3143/4641 3089/3141/4642 2694/3142/4641 2693/3144/4641
f  3087/3145/4643 3088/3143/4644 2693/3144/4643 2692/3146/4645
f  3086/3147/4646 3087/3145/4647 2692/3146/4646 2691/3148/4648
f  3085/3149/4649 3086/3147/4650 2691/3148/4649 2690/3150/4651
f  3084/3151/4652 3085/3149/4653 2690/3150/4652 2689/3152/4654
f  3083/3153/4655 3084/3151/4656 2689/3152/4655 2688/3154/4657
f  3082/3155/4658 3083/3153/4659 2688/3154/4658 2687/3156/4660
f  3081/3157/4661 3082/3155/4662 2687/3156/4661 2686/3158/4663
f  3080/2974/4664 3081/3157/4665 2686/3158/4664 2685/2975/4666
f  2982/3159/4667 2983/3160/4668 2786/3161/4667 2785/3162/4669
f  2784/3163/4670 2981/3164/4671 2982/3159/4670 2785/3162/4672
f  2980/3165/4673 2981/3164/4674 2784/3163/4673 2783/3166/4675
f  2979/3167/4676 2980/3165/4677 2783/3166/4676 2782/3168/4678
f  2978/3169/4679 2979/3167/4680 2782/3168/4679 2781/3170/4681
f  2977/3171/4682 2978/3169/4683 2781/3170/4682 2780/3172/4684
f  2976/3173/4685 2977/3171/4686 2780/3172/4685 2779/3174/4687
f  2975/3175/4688 2976/3173/4689 2779/3174/4688 2778/3176/4690
f  2974/3177/4691 2975/3175/4692 2778/3176/4691 2777/3178/4693
f  2973/3179/4694 2974/3177/4695 2777/3178/4694 2776/3180/4696
f  2972/3181/4697 2973/3179/4698 2776/3180/4697 2775/3182/4699
f  2971/3183/4700 2972/3181/4701 2775/3182/4700 2774/3184/4702
f  2970/3185/4703 2971/3183/4704 2774/3184/4703 2773/3186/4705
f  2969/3187/4706 2970/3185/4707 2773/3186/4706 2772/3188/4708
f  2968/3189/4709 2969/3187/4710 2772/3188/4709 2771/3190/4711
f  2967/3191/4712 2968/3189/4713 2771/3190/4712 2770/3192/4714
f  2966/3193/4715 2967/3191/4716 2770/3192/4715 2769/3194/4717
f  2965/3195/4718 2966/3193/4719 2769/3194/4718 2768/3196/4720
f  2964/3197/4721 2965/3195/4722 2768/3196/4721 2767/3198/4723
f  2963/3199/4724 2964/3197/4725 2767/3198/4724 2766/3200/4726
f  2962/3201/4727 2963/3199/4728 2766/3200/4727 2765/3202/4729
f  2961/3203/4730 2962/3201/4731 2765/3202/4730 2764/3204/4732
f  2960/3205/4733 2961/3203/4734 2764/3204/4733 2763/3206/4735
f  2959/3207/4736 2960/3205/4737 2763/3206/4736 2762/3208/4738
f  2958/3209/4739 2959/3207/4740 2762/3208/4739 2761/3210/4741
f  2957/3211/4742 2958/3209/4743 2761/3210/4742 2760/3212/4744
f  2956/3213/4745 2957/3211/4746 2760/3212/4745 2759/3214/4747
f  2955/3215/4748 2956/3213/4749 2759/3214/4748 2758/3216/4750
f  2954/3217/4751 2955/3215/4752 2758/3216/4751 2757/3218/4753
f  2953/3219/4754 2954/3217/4755 2757/3218/4754 2756/3220/4756
f  2952/3221/4757 2953/3219/4758 2756/3220/4757 2755/3222/4759
f  2951/3223/4760 2952/3221/4761 2755/3222/4760 2754/3224/4762
f  2950/3225/4763 2951/3223/4764 2754/3224/4763 2753/3226/4765
f  2949/3227/4766 2950/3225/4767 2753/3226/4766 2752/3228/4768
f  2948/3229/4769 2949/3227/4770 2752/3228/4769 2751/3230/4771
f  2947/3231/4772 2948/3229/4773 2751/3230/4772 2750/3232/4774
f  2946/3233/4775 2947/3231/4776 2750/3232/4775 2749/3234/4777
f  2945/3235/4778 2946/3233/4779 2749/3234/4778 2748/3236/4780
f  2944/3237/4781 2945/3235/4782 2748/3236/4781 2747/3238/4783
f  2943/3239/4784 2944/3237/4785 2747/3238/4784 2746/3240/4786
f  2942/3241/4787 2943/3239/4788 2746/3240/4787 2745/3242/4789
f  2941/3243/4790 2942/3241/4791 2745/3242/4790 2744/3244/4792
f  2940/3245/4793 2941/3243/4794 2744/3244/4793 2743/3246/4795
f  2939/3247/4796 2940/3245/4797 2743/3246/4796 2742/3248/4798
f  2938/3249/4799 2939/3247/4800 2742/3248/4799 2741/3250/4801
f  2937/3251/4802 2938/3249/4803 2741/3250/4802 2740/3252/4804
f  2936/3253/4805 2937/3251/4806 2740/3252/4805 2739/3254/4807
f  2935/3255/4808 2936/3253/4809 2739/3254/4808 2738/3256/4810
f  2934/3257/4811 2935/3255/4812 2738/3256/4811 2737/3258/4813
f  2736/3259/4814 2933/3260/4815 2934/3257/4814 2737/3258/4816
f  2932/3261/4817 2933/3260/4818 2736/3259/4817 2735/3262/4819
f  2931/3263/4820 2932/3261/4821 2735/3262/4820 2734/3264/4822
f  2930/3265/4823 2931/3263/4824 2734/3264/4823 2733/3266/4825
f  2929/3267/4826 2930/3265/4827 2733/3266/4826 2732/3268/4828
f  2928/3269/4829 2929/3267/4830 2732/3268/4829 2731/3270/4831
f  2927/3271/4832 2928/3269/4833 2731/3270/4832 2730/3272/4834
f  2926/3273/4835 2927/3271/4836 2730/3272/4835 2729/3274/4837
f  2925/3275/4838 2926/3273/4839 2729/3274/4838 2728/3276/4840
f  2924/3277/4841 2925/3275/4842 2728/3276/4841 2727/3278/4843
f  2923/3279/4844 2924/3277/4845 2727/3278/4844 2726/3280/4846
f  2922/3281/4847 2923/3279/4848 2726/3280/4847 2725/3282/4849
f  2921/3283/4850 2922/3281/4851 2725/3282/4850 2724/3284/4852
f  2920/3285/4853 2921/3283/4854 2724/3284/4853 2723/3286/4855
f  2919/3287/4856 2920/3285/4857 2723/3286/4856 2722/3288/4858
f  2918/3289/4859 2919/3287/4860 2722/3288/4859 2721/3290/4861
f  2917/3291/4862 2918/3289/4863 2721/3290/4862 2720/3292/4864
f  2916/3293/4865 2917/3291/4866 2720/3292/4865 2719/3294/4867
f  2915/3295/4868 2916/3293/4869 2719/3294/4868 2718/3296/4870
f  2914/3297/4871 2915/3295/4872 2718/3296/4871 2717/3298/4873
f  2913/3299/4874 2914/3297/4875 2717/3298/4874 2716/3300/4876
f  2912/3301/4877 2913/3299/4878 2716/3300/4877 2715/3302/4879
f  2911/3303/4880 2912/3301/4881 2715/3302/4880 2810/3304/4882
f  2910/3305/4883 2911/3303/4884 2810/3304/4883 2809/3306/4885
f  2909/3307/4886 2910/3305/4887 2809/3306/4886 2808/3308/4888
f  2908/3309/4889 2909/3307/4890 2808/3308/4889 2807/3310/4891
f  2907/3311/4892 2908/3309/4893 2807/3310/4892 2806/3312/4894
f  3002/3313/4895 2907/3311/4896 2806/3312/4895 2805/3314/4897
f  3001/3315/4898 3002/3313/4899 2805/3314/4898 2804/3316/4900
f  3000/3317/4901 3001/3315/4902 2804/3316/4901 2803/3318/4903
f  2999/3319/4904 3000/3317/4905 2803/3318/4904 2802/3320/4906
f  2998/3321/4907 2999/3319/4908 2802/3320/4907 2801/3322/4909
f  2997/3323/4910 2998/3321/4911 2801/3322/4910 2800/3324/4912
f  2996/3325/4913 2997/3323/4914 2800/3324/4913 2799/3326/4915
f  2995/3327/4916 2996/3325/4917 2799/3326/4916 2798/3328/4918
f  2994/3329/4919 2995/3327/4920 2798/3328/4919 2797/3330/4921
f  2993/3331/4922 2994/3329/4923 2797/3330/4922 2796/3332/4924
f  2992/3333/4925 2993/3331/4926 2796/3332/4925 2795/3334/4927
f  2991/3335/4928 2992/3333/4929 2795/3334/4928 2794/3336/4930
f  2990/3337/4931 2991/3335/4932 2794/3336/4931 2793/3338/4933
f  2989/3339/4934 2990/3337/4935 2793/3338/4934 2792/3340/4936
f  2988/3341/4937 2989/3339/4938 2792/3340/4937 2791/3342/4939
f  2987/3343/4940 2988/3341/4941 2791/3342/4940 2790/3344/4942
f  2986/3345/4943 2987/3343/4944 2790/3344/4943 2789/3346/4945
f  2985/3347/4946 2986/3345/4947 2789/3346/4946 2788/3348/4948
f  2984/3349/4949 2985/3347/4950 2788/3348/4949 2787/3350/4951
f  2983/3160/4952 2984/3349/4953 2787/3350/4952 2786/3161/4954
f  2785/3162/4955 2786/3161/4956 2877/3351/4955 2876/3352/4957
f  2875/3353/4958 2784/3163/4959 2785/3162/4958 2876/3352/4960
f  2783/3166/4961 2784/3163/4962 2875/3353/4961 2874/3354/4963
f  2782/3168/4964 2783/3166/4965 2874/3354/4964 2873/3355/4966
f  2781/3170/4967 2782/3168/4968 2873/3355/4967 2872/3356/4969
f  2780/3172/4970 2781/3170/4971 2872/3356/4970 2871/3357/4972
f  2779/3174/4973 2780/3172/4974 2871/3357/4973 2870/3358/4975
f  2778/3176/4976 2779/3174/4977 2870/3358/4976 2869/3359/4978
f  2777/3178/4979 2778/3176/4980 2869/3359/4979 2868/3360/4981
f  2776/3180/4982 2777/3178/4983 2868/3360/4982 2867/3361/4984
f  2775/3182/4985 2776/3180/4986 2867/3361/4985 2866/3362/4987
f  2774/3184/4988 2775/3182/4989 2866/3362/4988 2865/3363/4990
f  2773/3186/4991 2774/3184/4992 2865/3363/4991 2864/3364/4993
f  2772/3188/4994 2773/3186/4995 2864/3364/4994 2863/3365/4996
f  2771/3190/4997 2772/3188/4998 2863/3365/4997 2862/3366/4999
f  2770/3192/5000 2771/3190/5001 2862/3366/5000 2861/3367/5002
f  2769/3194/5003 2770/3192/5004 2861/3367/5003 2860/3368/5005
f  2768/3196/5006 2769/3194/5007 2860/3368/5006 2859/3369/5008
f  2767/3198/5009 2768/3196/5010 2859/3369/5009 2858/3370/5011
f  2766/3200/5012 2767/3198/5013 2858/3370/5012 2857/3371/5014
f  2765/3202/5015 2766/3200/5016 2857/3371/5015 2856/3372/5017
f  2764/3204/5018 2765/3202/5019 2856/3372/5018 2855/3373/5020
f  2763/3206/5021 2764/3204/5022 2855/3373/5021 2854/3374/5023
f  2762/3208/5024 2763/3206/5025 2854/3374/5024 2853/3375/5026
f  2761/3210/5027 2762/3208/5028 2853/3375/5027 2852/3376/5029
f  2760/3212/5030 2761/3210/5031 2852/3376/5030 2851/3377/5032
f  2759/3214/5033 2760/3212/5034 2851/3377/5033 2850/3378/5035
f  2758/3216/5036 2759/3214/5037 2850/3378/5036 2849/3379/5038
f  2757/3218/5039 2758/3216/5040 2849/3379/5039 2848/3380/5041
f  2756/3220/5042 2757/3218/5043 2848/3380/5042 2847/3381/5044
f  2755/3222/5045 2756/3220/5046 2847/3381/5045 2846/3382/5047
f  2754/3224/5048 2755/3222/5049 2846/3382/5048 2845/3383/5050
f  2753/3226/5051 2754/3224/5052 2845/3383/5051 2844/3384/5053
f  2752/3228/5054 2753/3226/5055 2844/3384/5054 2843/3385/5056
f  2751/3230/5057 2752/3228/5058 2843/3385/5057 2842/3386/5059
f  2750/3232/5060 2751/3230/5061 2842/3386/5060 2841/3387/5062
f  2749/3234/5063 2750/3232/5064 2841/3387/5063 2840/3388/5065
f  2748/3236/5066 2749/3234/5067 2840/3388/5066 2839/3389/5068
f  2747/3238/5069 2748/3236/5070 2839/3389/5069 2838/3390/5071
f  2746/3240/5072 2747/3238/5073 2838/3390/5072 2837/3391/5074
f  2745/3242/5075 2746/3240/5076 2837/3391/5075 2836/3392/5077
f  2744/3244/5078 2745/3242/5079 2836/3392/5078 2835/3393/5080
f  2743/3246/5081 2744/3244/5082 2835/3393/5081 2834/3394/5083
f  2742/3248/5084 2743/3246/5085 2834/3394/5084 2833/3395/5086
f  2741/3250/5087 2742/3248/5088 2833/3395/5087 2832/3396/5089
f  2740/3252/5090 2741/3250/5091 2832/3396/5090 2831/3397/5092
f  2739/3254/5093 2740/3252/5094 2831/3397/5093 2830/3398/5095
f  2738/3256/5096 2739/3254/5097 2830/3398/5096 2829/3399/5098
f  2737/3258/5099 2738/3256/5100 2829/3399/5099 2828/3400/5101
f  2827/3401/5102 2736/3259/5103 2737/3258/5102 2828/3400/5104
f  2735/3262/5105 2736/3259/5106 2827/3401/5105 2826/3402/5107
f  2734/3264/5108 2735/3262/5109 2826/3402/5108 2825/3403/5110
f  2733/3266/5111 2734/3264/5112 2825/3403/5111 2824/3404/5113
f  2732/3268/5114 2733/3266/5115 2824/3404/5114 2823/3405/5116
f  2731/3270/5117 2732/3268/5118 2823/3405/5117 2822/3406/5119
f  2730/3272/5120 2731/3270/5121 2822/3406/5120 2821/3407/5122
f  2729/3274/5123 2730/3272/5124 2821/3407/5123 2820/3408/5125
f  2728/3276/5126 2729/3274/5127 2820/3408/5126 2819/3409/5128
f  2727/3278/5129 2728/3276/5130 2819/3409/5129 2818/3410/5131
f  2726/3280/5132 2727/3278/5133 2818/3410/5132 2817/3411/5134
f  2725/3282/5135 2726/3280/5136 2817/3411/5135 2816/3412/5137
f  2724/3284/5138 2725/3282/5139 2816/3412/5138 2815/3413/5140
f  2723/3286/5141 2724/3284/5142 2815/3413/5141 2814/3414/5143
f  2722/3288/5144 2723/3286/5145 2814/3414/5144 2813/3415/5146
f  2721/3290/5147 2722/3288/5148 2813/3415/5147 2812/3416/5149
f  2720/3292/5150 2721/3290/5151 2812/3416/5150 2811/3417/5152
f  2719/3294/5153 2720/3292/5154 2811/3417/5153 2906/3418/5155
f  2718/3296/5156 2719/3294/5157 2906/3418/5156 2905/3419/5158
f  2717/3298/5159 2718/3296/5160 2905/3419/5159 2904/3420/5161
f  2716/3300/5162 2717/3298/5163 2904/3420/5162 2903/3421/5164
f  2715/3302/5165 2716/3300/5166 2903/3421/5165 2902/3422/5167
f  2810/3304/5168 2715/3302/5169 2902/3422/5168 2901/3423/5170
f  2809/3306/5171 2810/3304/5172 2901/3423/5171 2900/3424/5173
f  2808/3308/5174 2809/3306/5175 2900/3424/5174 2899/3425/5176
f  2807/3310/5177 2808/3308/5178 2899/3425/5177 2898/3426/5179
f  2806/3312/5180 2807/3310/5181 2898/3426/5180 2897/3427/5182
f  2805/3314/5183 2806/3312/5184 2897/3427/5183 2896/3428/5185
f  2804/3316/5186 2805/3314/5187 2896/3428/5186 2895/3429/5188
f  2803/3318/5189 2804/3316/5190 2895/3429/5189 2894/3430/5191
f  2802/3320/5192 2803/3318/5193 2894/3430/5192 2893/3431/5194
f  2801/3322/5195 2802/3320/5196 2893/3431/5195 2892/3432/5197
f  2800/3324/5198 2801/3322/5199 2892/3432/5198 2891/3433/5200
f  2799/3326/5201 2800/3324/5202 2891/3433/5201 2890/3434/5203
f  2798/3328/5204 2799/3326/5205 2890/3434/5204 2889/3435/5206
f  2797/3330/5207 2798/3328/5208 2889/3435/5207 2888/3436/5209
f  2796/3332/5210 2797/3330/5211 2888/3436/5210 2887/3437/5212
f  2795/3334/5213 2796/3332/5214 2887/3437/5213 2886/3438/5215
f  2794/3336/5216 2795/3334/5217 2886/3438/5216 2885/3439/5218
f  2793/3338/5219 2794/3336/5220 2885/3439/5219 2884/3440/5221
f  2792/3340/5222 2793/3338/5223 2884/3440/5222 2883/3441/5224
f  2791/3342/5225 2792/3340/5226 2883/3441/5225 2882/3442/5227
f  2790/3344/5228 2791/3342/5229 2882/3442/5228 2881/3443/5230
f  2789/3346/5231 2790/3344/5232 2881/3443/5231 2880/3444/5233
f  2788/3348/5234 2789/3346/5235 2880/3444/5234 2879/3445/5236
f  2787/3350/5237 2788/3348/5238 2879/3445/5237 2878/3446/5239
f  2786/3161/5240 2787/3350/5241 2878/3446/5240 2877/3351/5242
f  1852/3447/5243 1851/3448/5244 2983/3160/5243 2982/3159/5245
f  2981/3164/5246 1853/3449/5247 1852/3447/5246 2982/3159/5248
f  1854/3450/5249 1853/3449/5250 2981/3164/5249 2980/3165/5251
f  1855/3451/5252 1854/3450/5253 2980/3165/5252 2979/3167/5254
f  1856/3452/5255 1855/3451/5256 2979/3167/5255 2978/3169/5257
f  1857/3453/5258 1856/3452/5259 2978/3169/5258 2977/3171/5260
f  1858/3454/5261 1857/3453/5262 2977/3171/5261 2976/3173/5263
f  1859/3455/5264 1858/3454/5265 2976/3173/5264 2975/3175/5266
f  1860/3456/5267 1859/3455/5268 2975/3175/5267 2974/3177/5269
f  1861/3457/5270 1860/3456/5271 2974/3177/5270 2973/3179/5272
f  1862/3458/5273 1861/3457/5274 2973/3179/5273 2972/3181/5275
f  1863/3459/5276 1862/3458/5277 2972/3181/5276 2971/3183/5278
f  1864/3460/5279 1863/3459/5280 2971/3183/5279 2970/3185/5281
f  1865/3461/5282 1864/3460/5283 2970/3185/5282 2969/3187/5284
f  1866/3462/5285 1865/3461/5286 2969/3187/5285 2968/3189/5287
f  1867/3463/5288 1866/3462/5289 2968/3189/5288 2967/3191/5290
f  1868/3464/5291 1867/3463/5292 2967/3191/5291 2966/3193/5293
f  1869/3465/5294 1868/3464/5295 2966/3193/5294 2965/3195/5296
f  1870/3466/5297 1869/3465/5298 2965/3195/5297 2964/3197/5299
f  1871/3467/5300 1870/3466/5301 2964/3197/5300 2963/3199/5302
f  1872/3468/5303 1871/3467/5304 2963/3199/5303 2962/3201/5305
f  1873/3469/5306 1872/3468/5307 2962/3201/5306 2961/3203/5308
f  1874/3470/5309 1873/3469/5310 2961/3203/5309 2960/3205/5311
f  1875/3471/5312 1874/3470/5313 2960/3205/5312 2959/3207/5314
f  1876/3472/5315 1875/3471/5316 2959/3207/5315 2958/3209/5317
f  1877/3473/5318 1876/3472/5319 2958/3209/5318 2957/3211/5320
f  1878/3474/5321 1877/3473/5322 2957/3211/5321 2956/3213/5323
f  1879/3475/5324 1878/3474/5325 2956/3213/5324 2955/3215/5326
f  1880/3476/5327 1879/3475/5328 2955/3215/5327 2954/3217/5329
f  1881/3477/5330 1880/3476/5331 2954/3217/5330 2953/3219/5332
f  1882/3478/5333 1881/3477/5334 2953/3219/5333 2952/3221/5335
f  1883/3479/5336 1882/3478/5337 2952/3221/5336 2951/3223/5338
f  1884/3480/5339 1883/3479/5340 2951/3223/5339 2950/3225/5341
f  1885/3481/5342 1884/3480/5343 2950/3225/5342 2949/3227/5344
f  1886/3482/5345 1885/3481/5346 2949/3227/5345 2948/3229/5347
f  1887/3483/5348 1886/3482/5349 2948/3229/5348 2947/3231/5350
f  1888/3484/5351 1887/3483/5352 2947/3231/5351 2946/3233/5353
f  1889/3485/5354 1888/3484/5355 2946/3233/5354 2945/3235/5356
f  1890/3486/5357 1889/3485/5358 2945/3235/5357 2944/3237/5359
f  1891/3487/5360 1890/3486/5361 2944/3237/5360 2943/3239/5362
f  1892/3488/5363 1891/3487/5364 2943/3239/5363 2942/3241/5365
f  1893/3489/5366 1892/3488/5367 2942/3241/5366 2941/3243/5368
f  1894/3490/5369 1893/3489/5370 2941/3243/5369 2940/3245/5371
f  1895/3491/5372 1894/3490/5373 2940/3245/5372 2939/3247/5374
f  1896/3492/5375 1895/3491/5376 2939/3247/5375 2938/3249/5377
f  1897/3493/5378 1896/3492/5379 2938/3249/5378 2937/3251/5380
f  1898/3494/5381 1897/3493/5382 2937/3251/5381 2936/3253/5383
f  1899/3495/5384 1898/3494/5385 2936/3253/5384 2935/3255/5386
f  1900/3496/5387 1899/3495/5388 2935/3255/5387 2934/3257/5389
f  2933/3260/5390 1901/3497/5391 1900/3496/5390 2934/3257/5392
f  1902/3498/5393 1901/3497/5394 2933/3260/5393 2932/3261/5395
f  1903/3499/5396 1902/3498/5397 2932/3261/5396 2931/3263/5398
f  1904/3500/5399 1903/3499/5400 2931/3263/5399 2930/3265/5401
f  1905/3501/5402 1904/3500/5403 2930/3265/5402 2929/3267/5404
f  1906/3502/5405 1905/3501/5406 2929/3267/5405 2928/3269/5407
f  1907/3503/5408 1906/3502/5409 2928/3269/5408 2927/3271/5410
f  1908/3504/5411 1907/3503/5412 2927/3271/5411 2926/3273/5413
f  1909/3505/5414 1908/3504/5415 2926/3273/5414 2925/3275/5416
f  1910/3506/5417 1909/3505/5418 2925/3275/5417 2924/3277/5419
f  1911/3507/5420 1910/3506/5421 2924/3277/5420 2923/3279/5422
f  1912/3508/5423 1911/3507/5424 2923/3279/5423 2922/3281/5425
f  1913/3509/5426 1912/3508/5427 2922/3281/5426 2921/3283/5428
f  1914/3510/5429 1913/3509/5430 2921/3283/5429 2920/3285/5431
f  1915/3511/5432 1914/3510/5433 2920/3285/5432 2919/3287/5434
f  1916/3512/5435 1915/3511/5436 2919/3287/5435 2918/3289/5437
f  1917/3513/5438 1916/3512/5439 2918/3289/5438 2917/3291/5440
f  1918/3514/5441 1917/3513/5442 2917/3291/5441 2916/3293/5443
f  1919/3515/5444 1918/3514/5445 2916/3293/5444 2915/3295/5446
f  1920/3516/5447 1919/3515/5448 2915/3295/5447 2914/3297/5449
f  1921/3517/5450 1920/3516/5451 2914/3297/5450 2913/3299/5452
f  1922/3518/5453 1921/3517/5454 2913/3299/5453 2912/3301/5455
f  1923/3519/5456 1922/3518/5457 2912/3301/5456 2911/3303/5458
f  1924/3520/5459 1923/3519/5460 2911/3303/5459 2910/3305/5461
f  1925/3521/5462 1924/3520/5463 2910/3305/5462 2909/3307/5464
f  1926/3522/5465 1925/3521/5466 2909/3307/5465 2908/3309/5467
f  1927/3523/5468 1926/3522/5469 2908/3309/5468 2907/3311/5470
f  1928/3524/5471 1927/3523/5472 2907/3311/5471 3002/3313/5473
f  1929/3525/5474 1928/3524/5475 3002/3313/5474 3001/3315/5476
f  1930/3526/5477 1929/3525/5478 3001/3315/5477 3000/3317/5479
f  1931/3527/5480 1930/3526/5481 3000/3317/5480 2999/3319/5482
f  1932/3528/5483 1931/3527/5484 2999/3319/5483 2998/3321/5485
f  1933/3529/5486 1932/3528/5487 2998/3321/5486 2997/3323/5488
f  1934/3530/5489 1933/3529/5490 2997/3323/5489 2996/3325/5491
f  1935/3531/5492 1934/3530/5493 2996/3325/5492 2995/3327/5494
f  1936/3532/5495 1935/3531/5496 2995/3327/5495 2994/3329/5497
f  1937/3533/5498 1936/3532/5499 2994/3329/5498 2993/3331/5500
f  1938/3534/5501 1937/3533/5502 2993/3331/5501 2992/3333/5503
f  1939/3535/5504 1938/3534/5505 2992/3333/5504 2991/3335/5506
f  1940/3536/5507 1939/3535/5508 2991/3335/5507 2990/3337/5509
f  1941/3537/5510 1940/3536/5511 2990/3337/5510 2989/3339/5512
f  1942/3538/5513 1941/3537/5514 2989/3339/5513 2988/3341/5515
f  1943/3539/5516 1942/3538/5517 2988/3341/5516 2987/3343/5518
f  1944/3540/5519 1943/3539/5520 2987/3343/5519 2986/3345/5521
f  1945/3541/5522 1944/3540/5523 2986/3345/5522 2985/3347/5524
f  1946/3542/5525 1945/3541/5526 2985/3347/5525 2984/3349/5527
f  1851/3448/5528 1946/3542/5529 2984/3349/5528 2983/3160/5530
f  2876/3352/5531 2877/3351/5532 3080/2974/5531 3079/2973/5533
f  3078/2978/5534 2875/3353/5535 2876/3352/5534 3079/2973/5536
f  2874/3354/5537 2875/3353/5538 3078/2978/5537 3077/2979/5539
f  2873/3355/5540 2874/3354/5541 3077/2979/5540 3076/2981/5542
f  2872/3356/5543 2873/3355/5544 3076/2981/5543 3075/2983/5545
f  2871/3357/5546 2872/3356/5547 3075/2983/5546 3074/2985/5548
f  2870/3358/5549 2871/3357/5550 3074/2985/5549 3073/2987/5551
f  2869/3359/5552 2870/3358/5553 3073/2987/5552 3072/2989/5554
f  2868/3360/5555 2869/3359/5556 3072/2989/5555 3071/2991/5557
f  2867/3361/5558 2868/3360/5559 3071/2991/5558 3070/2993/5560
f  2866/3362/5561 2867/3361/5562 3070/2993/5561 3069/2995/5563
f  2865/3363/5564 2866/3362/5565 3069/2995/5564 3068/2997/5566
f  2864/3364/5567 2865/3363/5568 3068/2997/5567 3067/2999/5569
f  2863/3365/5570 2864/3364/5571 3067/2999/5570 3066/3001/5572
f  2862/3366/5573 2863/3365/5574 3066/3001/5573 3065/3003/5575
f  2861/3367/5576 2862/3366/5577 3065/3003/5576 3064/3005/4429
f  2860/3368/5578 2861/3367/5579 3064/3005/5578 3063/3007/5580
f  2859/3369/5581 2860/3368/5582 3063/3007/5581 3062/3009/5583
f  2858/3370/5584 2859/3369/5585 3062/3009/5584 3061/3011/5586
f  2857/3371/5587 2858/3370/5588 3061/3011/5587 3060/3013/5589
f  2856/3372/5590 2857/3371/5591 3060/3013/5590 3059/3015/5592
f  2855/3373/5593 2856/3372/5594 3059/3015/5593 3058/3017/5595
f  2854/3374/5596 2855/3373/5597 3058/3017/5596 3057/3019/5598
f  2853/3375/5599 2854/3374/5600 3057/3019/5599 3056/3021/5601
f  2852/3376/5602 2853/3375/5603 3056/3021/5602 3055/3023/5604
f  2851/3377/5605 2852/3376/5606 3055/3023/5605 3054/3025/5607
f  2850/3378/5608 2851/3377/5609 3054/3025/5608 3053/3027/5610
f  2849/3379/5611 2850/3378/5612 3053/3027/5611 3052/3029/5613
f  2848/3380/5614 2849/3379/5615 3052/3029/5614 3051/3031/5616
f  2847/3381/5617 2848/3380/5618 3051/3031/5617 3050/3033/5619
f  2846/3382/5620 2847/3381/5621 3050/3033/5620 3049/3035/5622
f  2845/3383/5623 2846/3382/5624 3049/3035/5623 3048/3037/5625
f  2844/3384/5626 2845/3383/5627 3048/3037/5626 3047/3039/5628
f  2843/3385/5629 2844/3384/5630 3047/3039/5629 3046/3041/5631
f  2842/3386/5632 2843/3385/5633 3046/3041/5632 3045/3043/5634
f  2841/3387/5635 2842/3386/5636 3045/3043/5635 3044/3045/5637
f  2840/3388/5638 2841/3387/5639 3044/3045/5638 3043/3047/5640
f  2839/3389/5641 2840/3388/5642 3043/3047/5641 3042/3049/5643
f  2838/3390/5644 2839/3389/5645 3042/3049/5644 3041/3051/5646
f  2837/3391/5647 2838/3390/5648 3041/3051/5647 3040/3053/5649
f  2836/3392/5650 2837/3391/5651 3040/3053/5650 3039/3055/5652
f  2835/3393/5653 2836/3392/5654 3039/3055/5653 3038/3057/5655
f  2834/3394/5656 2835/3393/5657 3038/3057/5656 3037/3059/5658
f  2833/3395/5659 2834/3394/5660 3037/3059/5659 3036/3061/5661
f  2832/3396/5662 2833/3395/5663 3036/3061/5662 3035/3063/5664
f  2831/3397/5665 2832/3396/5666 3035/3063/5665 3034/3065/5667
f  2830/3398/5668 2831/3397/5669 3034/3065/5668 3033/3067/5670
f  2829/3399/5671 2830/3398/5672 3033/3067/5671 3032/3069/5673
f  2828/3400/5674 2829/3399/5675 3032/3069/5674 3031/3071/5676
f  3030/3074/5677 2827/3401/5678 2828/3400/5677 3031/3071/5679
f  2826/3402/5680 2827/3401/5681 3030/3074/5680 3029/3075/5682
f  2825/3403/5683 2826/3402/5684 3029/3075/5683 3028/3077/5685
f  2824/3404/5686 2825/3403/5687 3028/3077/5686 3027/3079/5688
f  2823/3405/5689 2824/3404/5690 3027/3079/5689 3026/3081/5691
f  2822/3406/5692 2823/3405/5693 3026/3081/5692 3025/3083/5694
f  2821/3407/5695 2822/3406/5696 3025/3083/5695 3024/3085/5697
f  2820/3408/5698 2821/3407/5699 3024/3085/5698 3023/3087/5700
f  2819/3409/5701 2820/3408/5702 3023/3087/5701 3022/3089/5703
f  2818/3410/5704 2819/3409/5705 3022/3089/5704 3021/3091/5706
f  2817/3411/5707 2818/3410/5708 3021/3091/5707 3020/3093/5709
f  2816/3412/5710 2817/3411/5711 3020/3093/5710 3019/3095/5712
f  2815/3413/5713 2816/3412/5714 3019/3095/5713 3018/3097/5715
f  2814/3414/5716 2815/3413/5717 3018/3097/5716 3017/3099/5718
f  2813/3415/5719 2814/3414/5720 3017/3099/5719 3016/3101/5721
f  2812/3416/5722 2813/3415/5723 3016/3101/5722 3015/3103/5724
f  2811/3417/5725 2812/3416/5726 3015/3103/5725 3014/3105/5727
f  2906/3418/5728 2811/3417/5729 3014/3105/5728 3013/3106/5730
f  2905/3419/5731 2906/3418/5732 3013/3106/5731 3012/3107/5733
f  2904/3420/5734 2905/3419/5735 3012/3107/5734 3011/3108/5736
f  2903/3421/5737 2904/3420/5738 3011/3108/5737 3010/3109/5739
f  2902/3422/5740 2903/3421/5741 3010/3109/5740 3009/3110/5742
f  2901/3423/5743 2902/3422/5744 3009/3110/5743 3008/3111/5745
f  2900/3424/5746 2901/3423/5747 3008/3111/5746 3007/3113/5748
f  2899/3425/5749 2900/3424/5750 3007/3113/5749 3006/3115/5751
f  2898/3426/5752 2899/3425/5753 3006/3115/5752 3005/3117/5754
f  2897/3427/5755 2898/3426/5756 3005/3117/5755 3004/3119/5757
f  2896/3428/5758 2897/3427/5759 3004/3119/5758 3003/3121/5760
f  2895/3429/5761 2896/3428/5762 3003/3121/5761 3098/3123/5763
f  2894/3430/5764 2895/3429/5765 3098/3123/5764 3097/3125/5766
f  2893/3431/5767 2894/3430/5768 3097/3125/5767 3096/3127/5769
f  2892/3432/5770 2893/3431/5771 3096/3127/5770 3095/3129/5772
f  2891/3433/5773 2892/3432/5774 3095/3129/5773 3094/3131/5775
f  2890/3434/5776 2891/3433/5777 3094/3131/5776 3093/3133/5778
f  2889/3435/5779 2890/3434/5780 3093/3133/5779 3092/3135/5781
f  2888/3436/5782 2889/3435/5783 3092/3135/5782 3091/3137/5784
f  2887/3437/5785 2888/3436/5786 3091/3137/5785 3090/3139/5787
f  2886/3438/5788 2887/3437/5789 3090/3139/5788 3089/3141/5790
f  2885/3439/5791 2886/3438/5792 3089/3141/5791 3088/3143/5793
f  2884/3440/5794 2885/3439/5795 3088/3143/5794 3087/3145/5796
f  2883/3441/5797 2884/3440/5798 3087/3145/5797 3086/3147/5799
f  2882/3442/5800 2883/3441/5801 3086/3147/5800 3085/3149/5802
f  2881/3443/5803 2882/3442/5804 3085/3149/5803 3084/3151/5805
f  2880/3444/5806 2881/3443/5807 3084/3151/5806 3083/3153/5808
f  2879/3445/5809 2880/3444/5810 3083/3153/5809 3082/3155/5811
f  2878/3446/5812 2879/3445/5813 3082/3155/5812 3081/3157/5814
f  2877/3351/5815 2878/3446/5816 3081/3157/5815 3080/2974/5817
f  3400/2839/5818 3401/3543/5819 3105/3544/5818 3106/2840/5820
f  3105/3544/5821 3401/3543/5822 3402/3545/5821 3104/3546/5823
f  3104/3546/5824 3402/3545/5825 3395/3547/5824 3103/3548/5826
f  3395/3547/5827 2466/2718/5828 2465/2720/5827 3394/3549/5829
f  2464/2722/5830 3370/2852/5831 3394/3549/5830 2465/2720/5832
f  2620/3104/5833 2621/3102/5833 3389/3550/5833
f  3389/3550/5834 2621/3102/5835 2622/3100/5834 3388/3551/5836
f  2622/3100/5837 2623/3098/5837 3388/3551/5837
f  3388/3551/5838 2623/3098/5839 2624/3096/5838 3387/3552/5840
f  3111/3553/5841 3387/3552/5842 3396/3554/5841 3110/3555/5843
f  2684/2976/5844 2685/2975/5845 3174/3556/5844 3173/3557/5846
f  3172/3558/5847 2683/2977/5848 2684/2976/5847 3173/3557/5849
f  2682/2980/5850 2683/2977/5851 3172/3558/5850 3171/3559/5852
f  2681/2982/5853 2682/2980/5854 3171/3559/5853 3170/3560/5855
f  2680/2984/5856 2681/2982/5857 3170/3560/5856 3169/3561/5858
f  2679/2986/5859 2680/2984/5860 3169/3561/5859 3168/3562/5861
f  2678/2988/5862 2679/2986/5863 3168/3562/5862 3167/3563/5864
f  2677/2990/5865 2678/2988/5866 3167/3563/5865 3166/3564/5867
f  2676/2992/5868 2677/2990/5869 3166/3564/5868 3165/3565/5870
f  2675/2994/5871 2676/2992/5872 3165/3565/5871 3164/3566/5873
f  2674/2996/5874 2675/2994/5875 3164/3566/5874 3163/3567/5876
f  2673/2998/5877 2674/2996/5878 3163/3567/5877 3162/3568/5879
f  2672/3000/5880 2673/2998/5881 3162/3568/5880 3161/3569/5882
f  2671/3002/5883 2672/3000/5884 3161/3569/5883 3160/3570/5885
f  2670/3004/5886 2671/3002/5887 3160/3570/5886 3159/3571/5888
f  2669/3006/5889 2670/3004/5890 3159/3571/5889 3158/3572/5891
f  2668/3008/5892 2669/3006/5893 3158/3572/5892 3157/3573/5894
f  2667/3010/5895 2668/3008/5896 3157/3573/5895 3156/3574/5897
f  2666/3012/5898 2667/3010/5899 3156/3574/5898 3155/3575/5900
f  2665/3014/5901 2666/3012/5902 3155/3575/5901 3154/3576/5903
f  2664/3016/5904 2665/3014/5905 3154/3576/5904 3153/3577/5906
f  2663/3018/5907 2664/3016/5908 3153/3577/5907 3152/3578/5909
f  2662/3020/5910 2663/3018/5911 3152/3578/5910 3151/3579/5912
f  2661/3022/5913 2662/3020/5914 3151/3579/5913 3150/3580/5915
f  2660/3024/5916 2661/3022/5917 3150/3580/5916 3149/3581/5918
f  2659/3026/5919 2660/3024/5920 3149/3581/5919 3148/3582/5921
f  2658/3028/5922 2659/3026/5923 3148/3582/5922 3147/3583/5924
f  2657/3030/5925 2658/3028/5926 3147/3583/5925 3146/3584/5927
f  2656/3032/5928 2657/3030/5929 3146/3584/5928 3145/3585/5930
f  2655/3034/5931 2656/3032/5932 3145/3585/5931 3144/3586/5933
f  2654/3036/5934 2655/3034/5935 3144/3586/5934 3143/3587/5936
f  2653/3038/5937 2654/3036/5938 3143/3587/5937 3142/3588/5939
f  2652/3040/5940 2653/3038/5941 3142/3588/5940 3141/3589/5942
f  2651/3042/5943 2652/3040/5944 3141/3589/5943 3140/3590/5945
f  2650/3044/5946 2651/3042/5947 3140/3590/5946 3139/3591/5948
f  2649/3046/5949 2650/3044/5950 3139/3591/5949 3138/3592/5951
f  2648/3048/5952 2649/3046/5953 3138/3592/5952 3137/3593/5954
f  2647/3050/5955 2648/3048/5956 3137/3593/5955 3136/3594/5957
f  2646/3052/5958 2647/3050/5959 3136/3594/5958 3135/3595/5960
f  2645/3054/5961 2646/3052/5962 3135/3595/5961 3134/3596/5963
f  2644/3056/5964 2645/3054/5965 3134/3596/5964 3133/3597/5966
f  2643/3058/5967 2644/3056/5968 3133/3597/5967 3132/3598/5969
f  2642/3060/5970 2643/3058/5971 3132/3598/5970 3131/3599/5972
f  2641/3062/5973 2642/3060/5974 3131/3599/5973 3130/3600/5975
f  2640/3064/5976 2641/3062/5977 3130/3600/5976 3129/3601/5978
f  2639/3066/5979 2640/3064/5980 3129/3601/5979 3128/3602/5981
f  2638/3068/5982 2639/3066/5983 3128/3602/5982 3127/3603/5984
f  2637/3070/5985 2638/3068/5986 3127/3603/5985 3126/3604/5987
f  2636/3072/5988 2637/3070/5989 3126/3604/5988 3125/3605/5990
f  3124/3606/5991 2635/3073/5992 2636/3072/5991 3125/3605/5993
f  2634/3076/5994 2635/3073/5995 3124/3606/5994 3123/3607/5996
f  2633/3078/5997 2634/3076/5998 3123/3607/5997 3122/3608/5999
f  2632/3080/6000 2633/3078/6001 3122/3608/6000 3121/3609/6002
f  2631/3082/6003 2632/3080/6004 3121/3609/6003 3120/3610/6005
f  2630/3084/6006 2631/3082/6007 3120/3610/6006 3119/3611/6008
f  2629/3086/6009 2630/3084/6010 3119/3611/6009 3118/3612/6011
f  2628/3088/6012 2629/3086/6013 3118/3612/6012 3117/3613/6014
f  2627/3090/6015 2628/3088/6016 3117/3613/6015 3116/3614/6017
f  2626/3092/6018 2627/3090/6019 3116/3614/6018 3115/3615/6020
f  2625/3094/6021 2626/3092/6022 3115/3615/6021 3114/3616/6023
f  2708/3114/6024 2709/3112/6025 3198/3617/6024 3197/3618/6026
f  2707/3116/6027 2708/3114/6028 3197/3618/6027 3196/3619/6029
f  2706/3118/6030 2707/3116/6031 3196/3619/6030 3195/3620/6032
f  2705/3120/6033 2706/3118/6034 3195/3620/6033 3194/3621/6035
f  2704/3122/6036 2705/3120/6037 3194/3621/6036 3193/3622/6038
f  2703/3124/6039 2704/3122/6040 3193/3622/6039 3192/3623/6041
f  2702/3126/6042 2703/3124/6043 3192/3623/6042 3191/3624/6044
f  2701/3128/6045 2702/3126/6046 3191/3624/6045 3190/3625/6047
f  2700/3130/6048 2701/3128/6049 3190/3625/6048 3189/3626/6050
f  2699/3132/6051 2700/3130/6052 3189/3626/6051 3188/3627/6053
f  2698/3134/6054 2699/3132/6055 3188/3627/6054 3187/3628/6056
f  2697/3136/6057 2698/3134/6058 3187/3628/6057 3186/3629/6059
f  2696/3138/6060 2697/3136/6061 3186/3629/6060 3185/3630/6062
f  2695/3140/6063 2696/3138/6064 3185/3630/6063 3184/3631/6065
f  2694/3142/6066 2695/3140/6067 3184/3631/6066 3183/3632/6068
f  2693/3144/6069 2694/3142/6070 3183/3632/6069 3182/3633/6071
f  2692/3146/6072 2693/3144/6073 3182/3633/6072 3181/3634/6074
f  2691/3148/6075 2692/3146/6076 3181/3634/6075 3180/3635/6077
f  2690/3150/6078 2691/3148/6079 3180/3635/6078 3179/3636/6080
f  2689/3152/6081 2690/3150/6082 3179/3636/6081 3178/3637/6083
f  2688/3154/6084 2689/3152/6085 3178/3637/6084 3177/3638/6086
f  2687/3156/6087 2688/3154/6088 3177/3638/6087 3176/3639/6089
f  2686/3158/6090 2687/3156/6091 3176/3639/6090 3175/3640/6092
f  2685/2975/6093 2686/3158/6094 3175/3640/6093 3174/3556/6095
f  3173/3557/6096 3174/3556/6097 3259/3641/6096 3258/3642/6098
f  3257/3643/6099 3172/3558/6100 3173/3557/6099 3258/3642/6101
f  3171/3559/6102 3172/3558/6103 3257/3643/6102 3256/3644/6104
f  3170/3560/6105 3171/3559/6106 3256/3644/6105 3255/3645/6107
f  3169/3561/6108 3170/3560/6109 3255/3645/6108 3254/3646/6110
f  3168/3562/6111 3169/3561/6112 3254/3646/6111 3253/3647/6113
f  3167/3563/6114 3168/3562/6115 3253/3647/6114 3252/3648/6116
f  3166/3564/6117 3167/3563/6118 3252/3648/6117 3251/3649/6119
f  3165/3565/6120 3166/3564/6121 3251/3649/6120 3250/3650/6122
f  3164/3566/6123 3165/3565/6124 3250/3650/6123 3249/3651/6125
f  3163/3567/6126 3164/3566/6127 3249/3651/6126 3248/3652/6128
f  3162/3568/6129 3163/3567/6130 3248/3652/6129 3247/3653/6131
f  3161/3569/6132 3162/3568/6133 3247/3653/6132 3246/3654/6134
f  3160/3570/6135 3161/3569/6136 3246/3654/6135 3245/3655/6137
f  3159/3571/6138 3160/3570/6139 3245/3655/6138 3244/3656/6140
f  3158/3572/6141 3159/3571/6142 3244/3656/6141 3243/3657/6143
f  3157/3573/6144 3158/3572/6145 3243/3657/6144 3242/3658/6146
f  3156/3574/6147 3157/3573/6148 3242/3658/6147 3241/3659/6149
f  3155/3575/6150 3156/3574/6151 3241/3659/6150 3240/3660/6152
f  3154/3576/6153 3155/3575/6154 3240/3660/6153 3239/3661/6155
f  3153/3577/6156 3154/3576/6157 3239/3661/6156 3238/3662/6158
f  3152/3578/6159 3153/3577/6160 3238/3662/6159 3237/3663/6161
f  3151/3579/6162 3152/3578/6163 3237/3663/6162 3236/3664/6164
f  3150/3580/6165 3151/3579/6166 3236/3664/6165 3235/3665/6167
f  3149/3581/6168 3150/3580/6169 3235/3665/6168 3234/3666/6170
f  3148/3582/6171 3149/3581/6172 3234/3666/6171 3233/3667/6173
f  3147/3583/6174 3148/3582/6175 3233/3667/6174 3232/3668/6176
f  3146/3584/6177 3147/3583/6178 3232/3668/6177 3231/3669/6179
f  3145/3585/6180 3146/3584/6181 3231/3669/6180 3230/3670/6182
f  3144/3586/6183 3145/3585/6184 3230/3670/6183 3229/3671/6185
f  3143/3587/6186 3144/3586/6187 3229/3671/6186 3228/3672/6188
f  3142/3588/6189 3143/3587/6190 3228/3672/6189 3227/3673/6191
f  3141/3589/6192 3142/3588/6193 3227/3673/6192 3226/3674/6194
f  3140/3590/6195 3141/3589/6196 3226/3674/6195 3225/3675/6197
f  3139/3591/6198 3140/3590/6199 3225/3675/6198 3224/3676/6200
f  3138/3592/6201 3139/3591/6202 3224/3676/6201 3223/3677/6203
f  3137/3593/6204 3138/3592/6205 3223/3677/6204 3222/3678/6206
f  3136/3594/6207 3137/3593/6208 3222/3678/6207 3221/3679/6209
f  3135/3595/6210 3136/3594/6211 3221/3679/6210 3220/3680/6212
f  3134/3596/6213 3135/3595/6214 3220/3680/6213 3219/3681/6215
f  3133/3597/6216 3134/3596/6217 3219/3681/6216 3218/3682/6218
f  3132/3598/6219 3133/3597/6220 3218/3682/6219 3217/3683/6221
f  3131/3599/6222 3132/3598/6223 3217/3683/6222 3216/3684/6224
f  3130/3600/6225 3131/3599/6226 3216/3684/6225 3215/3685/6227
f  3129/3601/6228 3130/3600/6229 3215/3685/6228 3214/3686/6230
f  3128/3602/6231 3129/3601/6232 3214/3686/6231 3213/3687/6233
f  3127/3603/6234 3128/3602/6235 3213/3687/6234 3212/3688/6236
f  3126/3604/6237 3127/3603/6238 3212/3688/6237 3211/3689/6239
f  3125/3605/6240 3126/3604/6241 3211/3689/6240 3210/3690/6242
f  3209/3691/6243 3124/3606/6244 3125/3605/6243 3210/3690/6245
f  3123/3607/6246 3124/3606/6247 3209/3691/6246 3208/3692/6248
f  3122/3608/6249 3123/3607/6250 3208/3692/6249 3207/3693/6251
f  3121/3609/6252 3122/3608/6253 3207/3693/6252 3206/3694/6254
f  3120/3610/6255 3121/3609/6256 3206/3694/6255 3205/3695/6257
f  3119/3611/6258 3120/3610/6259 3205/3695/6258 3204/3696/6260
f  3118/3612/6261 3119/3611/6262 3204/3696/6261 3203/3697/6263
f  3117/3613/6264 3118/3612/6265 3203/3697/6264 3202/3698/6266
f  3116/3614/6267 3117/3613/6268 3202/3698/6267 3201/3699/6269
f  3115/3615/6270 3116/3614/6271 3201/3699/6270 3200/3700/6272
f  3114/3616/6273 3115/3615/6274 3200/3700/6273 3199/3701/6275
f  3197/3618/6276 3198/3617/6277 3283/3702/6276 3282/3703/6278
f  3196/3619/6279 3197/3618/6280 3282/3703/6279 3281/3704/6281
f  3195/3620/6282 3196/3619/6283 3281/3704/6282 3280/3705/6284
f  3194/3621/6285 3195/3620/6286 3280/3705/6285 3279/3706/6287
f  3193/3622/6288 3194/3621/6289 3279/3706/6288 3278/3707/6290
f  3192/3623/6291 3193/3622/6292 3278/3707/6291 3277/3708/6293
f  3191/3624/6294 3192/3623/6295 3277/3708/6294 3276/3709/6296
f  3190/3625/6297 3191/3624/6298 3276/3709/6297 3275/3710/6299
f  3189/3626/6300 3190/3625/6301 3275/3710/6300 3274/3711/6302
f  3188/3627/6303 3189/3626/6304 3274/3711/6303 3273/3712/6305
f  3187/3628/6306 3188/3627/6307 3273/3712/6306 3272/3713/6308
f  3186/3629/6309 3187/3628/6310 3272/3713/6309 3271/3714/6311
f  3185/3630/6312 3186/3629/6313 3271/3714/6312 3270/3715/6314
f  3184/3631/6315 3185/3630/6316 3270/3715/6315 3269/3716/6317
f  3183/3632/6318 3184/3631/6319 3269/3716/6318 3268/3717/6320
f  3182/3633/6321 3183/3632/6322 3268/3717/6321 3267/3718/6323
f  3181/3634/6324 3182/3633/6325 3267/3718/6324 3266/3719/6326
f  3180/3635/6327 3181/3634/6328 3266/3719/6327 3265/3720/6329
f  3179/3636/6330 3180/3635/6331 3265/3720/6330 3264/3721/6332
f  3178/3637/6333 3179/3636/6334 3264/3721/6333 3263/3722/6335
f  3177/3638/6336 3178/3637/6337 3263/3722/6336 3262/3723/6338
f  3176/3639/6339 3177/3638/6340 3262/3723/6339 3261/3724/6341
f  3175/3640/6342 3176/3639/6343 3261/3724/6342 3260/3725/6344
f  3174/3556/6345 3175/3640/6346 3260/3725/6345 3259/3641/6347
f  3258/3642/6348 3259/3641/6349 3344/2773/6348 3343/2772/6350
f  3342/2774/6351 3257/3643/6352 3258/3642/6351 3343/2772/6353
f  3256/3644/6354 3257/3643/6355 3342/2774/6354 3341/2775/6356
f  3255/3645/6357 3256/3644/6358 3341/2775/6357 3340/2776/6359
f  3254/3646/6360 3255/3645/6361 3340/2776/6360 3339/2777/6362
f  3253/3647/6363 3254/3646/6364 3339/2777/6363 3338/2778/6365
f  3252/3648/6366 3253/3647/6367 3338/2778/6366 3337/2779/6368
f  3251/3649/6369 3252/3648/6370 3337/2779/6369 3336/2780/6371
f  3250/3650/6372 3251/3649/6373 3336/2780/6372 3335/2781/6374
f  3249/3651/6375 3250/3650/6376 3335/2781/6375 3334/2782/6377
f  3248/3652/6378 3249/3651/6379 3334/2782/6378 3333/2783/6380
f  3247/3653/6381 3248/3652/6382 3333/2783/6381 3332/2784/6383
f  3246/3654/6384 3247/3653/6385 3332/2784/6384 3331/2785/6386
f  3245/3655/6387 3246/3654/6388 3331/2785/6387 3330/2786/6389
f  3244/3656/6390 3245/3655/6391 3330/2786/6390 3329/2787/6392
f  3243/3657/6393 3244/3656/6394 3329/2787/6393 3328/2788/6395
f  3242/3658/6396 3243/3657/6397 3328/2788/6396 3327/2789/6398
f  3241/3659/6399 3242/3658/6400 3327/2789/6399 3326/2790/6401
f  3240/3660/6402 3241/3659/6403 3326/2790/6402 3325/2791/6404
f  3239/3661/6405 3240/3660/6406 3325/2791/6405 3324/2792/6407
f  3238/3662/6408 3239/3661/6409 3324/2792/6408 3323/2793/6410
f  3237/3663/6411 3238/3662/6412 3323/2793/6411 3322/2794/6413
f  3236/3664/6414 3237/3663/6415 3322/2794/6414 3321/2795/6416
f  3235/3665/6417 3236/3664/6418 3321/2795/6417 3320/2796/6419
f  3234/3666/6420 3235/3665/6421 3320/2796/6420 3319/2797/6422
f  3233/3667/6423 3234/3666/6424 3319/2797/6423 3318/2798/6425
f  3232/3668/6426 3233/3667/6427 3318/2798/6426 3317/2799/6428
f  3231/3669/6429 3232/3668/6430 3317/2799/6429 3316/2800/6431
f  3230/3670/6432 3231/3669/6433 3316/2800/6432 3315/2801/6434
f  3229/3671/6435 3230/3670/6436 3315/2801/6435 3314/2802/6437
f  3228/3672/6438 3229/3671/6439 3314/2802/6438 3313/2803/6440
f  3227/3673/6441 3228/3672/6442 3313/2803/6441 3312/2804/6443
f  3226/3674/6444 3227/3673/6445 3312/2804/6444 3311/2805/6446
f  3225/3675/6447 3226/3674/6448 3311/2805/6447 3310/2806/6449
f  3224/3676/6450 3225/3675/6451 3310/2806/6450 3309/2807/6452
f  3223/3677/6453 3224/3676/6454 3309/2807/6453 3308/2808/6455
f  3222/3678/6456 3223/3677/6457 3308/2808/6456 3307/2809/6458
f  3221/3679/6459 3222/3678/6460 3307/2809/6459 3306/2810/6461
f  3220/3680/6462 3221/3679/6463 3306/2810/6462 3305/2811/6464
f  3219/3681/6465 3220/3680/6466 3305/2811/6465 3304/2812/6467
f  3218/3682/6468 3219/3681/6469 3304/2812/6468 3303/2813/6470
f  3217/3683/6471 3218/3682/6472 3303/2813/6471 3302/2814/6473
f  3216/3684/6474 3217/3683/6475 3302/2814/6474 3301/2815/6476
f  3215/3685/6477 3216/3684/6478 3301/2815/6477 3300/2816/6479
f  3214/3686/6480 3215/3685/6481 3300/2816/6480 3299/2817/6482
f  3213/3687/6483 3214/3686/6484 3299/2817/6483 3298/2818/6485
f  3212/3688/6486 3213/3687/6487 3298/2818/6486 3297/2819/6488
f  3211/3689/6489 3212/3688/6490 3297/2819/6489 3296/2820/6491
f  3210/3690/6492 3211/3689/6493 3296/2820/6492 3295/2821/6494
f  3294/2822/6495 3209/3691/6496 3210/3690/6495 3295/2821/6497
f  3208/3692/6498 3209/3691/6499 3294/2822/6498 3293/2823/6500
f  3207/3693/6501 3208/3692/6502 3293/2823/6501 3292/2824/6503
f  3206/3694/6504 3207/3693/6505 3292/2824/6504 3291/2825/6506
f  3205/3695/6507 3206/3694/6508 3291/2825/6507 3290/2826/6509
f  3204/3696/6510 3205/3695/6511 3290/2826/6510 3289/2827/6512
f  3203/3697/6513 3204/3696/6514 3289/2827/6513 3288/2828/6515
f  3202/3698/6516 3203/3697/6517 3288/2828/6516 3287/2829/6518
f  3201/3699/6519 3202/3698/6520 3287/2829/6519 3286/2830/6521
f  3200/3700/6522 3201/3699/6523 3286/2830/6522 3285/2831/6524
f  3199/3701/6525 3200/3700/6526 3285/2831/6525 3284/2832/6527
f  3282/3703/6528 3283/3702/6529 3368/2851/6528 3367/2853/6530
f  3281/3704/6531 3282/3703/6532 3367/2853/6531 3366/2854/6533
f  3280/3705/6534 3281/3704/6535 3366/2854/6534 3365/2855/6536
f  3279/3706/6537 3280/3705/6538 3365/2855/6537 3364/2856/6539
f  3278/3707/6540 3279/3706/6541 3364/2856/6540 3363/2857/6542
f  3277/3708/6543 3278/3707/6544 3363/2857/6543 3362/2858/6545
f  3276/3709/6546 3277/3708/6547 3362/2858/6546 3361/2859/6548
f  3275/3710/6549 3276/3709/6550 3361/2859/6549 3360/2860/6551
f  3274/3711/6552 3275/3710/6553 3360/2860/6552 3359/2861/6554
f  3273/3712/6555 3274/3711/6556 3359/2861/6555 3358/2862/6557
f  3272/3713/6558 3273/3712/6559 3358/2862/6558 3357/2863/6560
f  3271/3714/6561 3272/3713/6562 3357/2863/6561 3356/2864/6563
f  3270/3715/6564 3271/3714/6565 3356/2864/6564 3355/2865/6566
f  3269/3716/6567 3270/3715/6568 3355/2865/6567 3354/2866/6569
f  3268/3717/6570 3269/3716/6571 3354/2866/6570 3353/2867/6572
f  3267/3718/6573 3268/3717/6574 3353/2867/6573 3352/2868/6575
f  3266/3719/6576 3267/3718/6577 3352/2868/6576 3351/2869/6578
f  3265/3720/6579 3266/3719/6580 3351/2869/6579 3350/2870/6581
f  3264/3721/6582 3265/3720/6583 3350/2870/6582 3349/2871/6584
f  3263/3722/6585 3264/3721/6586 3349/2871/6585 3348/2872/6587
f  3262/3723/6588 3263/3722/6589 3348/2872/6588 3347/2873/6590
f  3261/3724/6591 3262/3723/6592 3347/2873/6591 3346/2874/6593
f  3260/3725/6594 3261/3724/6595 3346/2874/6594 3345/2875/6596
f  3259/3641/6597 3260/3725/6598 3345/2875/6597 3344/2773/6599
f  2624/3096/6600 2625/3094/6601 3114/3616/6600 3387/3552/6602
f  3397/2835/6603 3109/2834/6604 3110/3555/6603 3396/3554/6605
f  3198/3617/6606 2709/3112/6607 2710/2849/6606 3392/2850/6608
f  3283/3702/6609 3198/3617/6610 3392/2850/6609 3393/3726/6611
f  3370/2852/6612 3393/3726/6612 3394/3549/6612
f  3113/3727/6613 3415/3728/6613 3416/3729/6613 3099/3730/6614
f  3099/3730/6615 3416/3729/6615 3417/3731/6615 3100/3732/6615
f  3100/3732/6616 3417/3731/6616 3418/3733/6616 3101/3734/6616
f  3369/3735/6617 3403/3736/6617 3404/3737/6617 3102/3738/6617
f  3102/3738/6618 3404/3737/6618 3405/3739/6618 3103/3548/6618
f  3103/3548/6619 3405/3739/6619 3406/3740/6619 3104/3546/6619
f  3104/3546/6620 3406/3740/6620 3407/3741/6620 3105/3544/6620
f  3105/3544/6621 3407/3741/6621 3408/3742/6621 3106/2840/6621
f  3106/2840/6622 3408/3742/6622 3409/3743/6622 3107/2837/6622
f  3107/2837/6623 3409/3743/6624 3410/3744/6623 3108/2833/6625
f  3108/2833/6626 3410/3744/6627 3411/3745/6626 3109/2834/6628
f  3109/2834/6629 3411/3745/6629 3412/3746/6629 3110/3555/6630
f  3110/3555/6631 3412/3746/6631 3413/3747/6631 3111/3553/6631
f  3111/3553/6632 3413/3747/6632 3414/3748/6632 3112/3749/6632
f  3112/3749/6633 3414/3748/6633 3415/3728/6633 3113/3727/6633
f  3101/3734/6634 3418/3733/6634 3403/3736/6634 3369/3735/6634
f  3387/3552/6635 3111/3553/6636 3112/3749/6635 3388/3551/6637
f  3388/3551/6638 3112/3749/6639 3113/3727/6638 3389/3550/6640
f  3113/3727/6641 3099/3730/6642 3390/2842/6641 3550/2841/6643
f  3099/3730/6644 3100/3732/6645 3391/2847/6644 3390/2842/6646
f  3100/3732/6647 3101/3734/6648 3392/2850/6647 3391/2847/6649
f  3101/3734/6650 3369/3735/6651 3393/3726/6650 3392/2850/6652
f  3368/2851/6653 3283/3702/6654 3393/3726/6653 3370/2852/6655
f  3393/3726/6656 3369/3735/6657 3102/3738/6656 3394/3549/6658
f  3394/3549/6659 3102/3738/6660 3103/3548/6659 3395/3547/6661
f  3387/3552/6662 3114/3616/6663 3199/3701/6662 3396/3554/6664
f  3396/3554/6665 3199/3701/6666 3284/2832/6665 3397/2835/6667
f  3397/2835/6668 3284/2832/6669 2475/2700/6668 2474/2702/6670
f  2474/2702/6671 2473/2704/6672 3398/2836/6671 3397/2835/6673
f  2473/2704/6674 2472/2706/6675 3399/2838/6674 3398/2836/6676
f  3399/2838/6677 2472/2706/6678 2471/2708/6677 3400/2839/6679
f  3400/2839/6680 2471/2708/6680 2470/2710/6680
f  2470/2710/6681 2469/2712/6682 3401/3543/6681 3400/2839/6683
f  3401/3543/6684 2469/2712/6685 2468/2714/6684 3402/3545/6686
f  3402/3545/6687 2468/2714/6687 2467/2716/6687
f  2467/2716/6688 2466/2718/6689 3395/3547/6688 3402/3545/6690
f  3386/3750/6691 3371/3751/6692 3416/3752/6691 3415/3753/6693
f  3371/3751/6694 3372/3754/6695 3417/3755/6694 3416/3752/6696
f  3372/3754/6697 3373/3756/6697 3418/3757/6697 3417/3755/6698
f  3374/3758/6699 3375/3759/6700 3404/3760/6699 3403/3761/6701
f  3375/3759/6702 3376/3762/6703 3405/3763/6702 3404/3760/6704
f  3376/3762/6705 3377/3764/6706 3406/3765/6705 3405/3763/6707
f  3377/3764/6708 3378/3766/6708 3407/3767/6708 3406/3765/6620
f  3378/3766/6621 3379/3768/6621 3408/3769/6621 3407/3767/6621
f  3379/3768/6709 3380/3770/6710 3409/3771/6709 3408/3769/6622
f  3380/3770/6711 3381/3772/6712 3410/3773/6711 3409/3771/6713
f  3381/3772/6714 3382/3774/6715 3411/3775/6714 3410/3773/6716
f  3382/3776/6629 3383/3777/6629 3412/3778/6629 3411/3779/6629
f  3383/3777/6717 3384/3780/6631 3413/3781/6717 3412/3778/6717
f  3384/3780/6718 3385/3782/6719 3414/3783/6718 3413/3781/6632
f  3385/3782/6720 3386/3750/6721 3415/3753/6720 3414/3783/6722
f  3373/3756/6723 3374/3758/6724 3403/3761/6723 3418/3757/6725
f  1849/566/517 1848/2003/522 527/619/570 3419/567/518
f  3419/567/518 527/619/570 273/618/569 3420/622/573
f  1945/3541/6726 3507/3784/6726 3508/3785/6727 1944/3540/6728
f  1944/3540/6728 3508/3785/6727 3509/3786/6729 1943/3539/6730
f  1943/3539/6730 3509/3786/6729 3510/3787/6731 1942/3538/6732
f  1942/3538/6732 3510/3787/6731 3511/3788/6733 1941/3537/6734
f  1941/3537/6734 3511/3788/6733 3512/3789/6735 1940/3536/6736
f  1940/3536/6736 3512/3789/6735 3513/3790/6737 1939/3535/6738
f  1939/3535/6738 3513/3790/6737 3514/3791/6739 1938/3534/6740
f  1938/3534/6740 3514/3791/6739 3515/3792/6741 1937/3533/6742
f  1937/3533/6742 3515/3792/6741 3516/3793/6743 1936/3532/6744
f  1936/3532/6744 3516/3793/6743 3517/3794/6745 1935/3531/6746
f  1935/3531/6746 3517/3794/6745 3518/3795/6747 1934/3530/6748
f  1934/3530/6748 3518/3795/6747 3519/3796/6749 1933/3529/6750
f  1933/3529/6750 3519/3796/6749 3520/3797/6751 1932/3528/6752
f  1932/3528/6752 3520/3797/6751 3521/3798/6753 1931/3527/6754
f  1931/3527/6754 3521/3798/6753 3522/3799/6755 1930/3526/6756
f  1930/3526/6756 3522/3799/6755 3523/3800/6757 1929/3525/6758
f  1929/3525/6758 3523/3800/6757 3524/3801/6759 1928/3524/6760
f  1928/3524/6760 3524/3801/6759 3525/3802/6761 1927/3523/6762
f  1927/3523/6762 3525/3802/6761 3526/3803/6763 1926/3522/6764
f  1926/3522/6764 3526/3803/6763 3527/3804/6765 1925/3521/6766
f  1925/3521/6766 3527/3804/6765 3528/3805/6767 1924/3520/6768
f  1924/3520/6768 3528/3805/6767 3529/3806/6769 1923/3519/6770
f  1922/3518/6771 1923/3519/6770 3529/3806/6769 3530/3807/6772
f  1921/3517/6773 1922/3518/6771 3530/3807/6772 3531/3808/6774
f  1920/3516/6775 1921/3517/6773 3531/3808/6774 3532/3809/6776
f  1919/3515/6777 1920/3516/6775 3532/3809/6776 3533/3810/6778
f  1918/3514/6779 1919/3515/6777 3533/3810/6778 3534/3811/6780
f  1917/3513/6781 1918/3514/6779 3534/3811/6780 3535/3812/6782
f  1916/3512/6783 1917/3513/6781 3535/3812/6782 3536/3813/6784
f  1915/3511/6785 1916/3512/6783 3536/3813/6784 3537/3814/6786
f  1914/3510/6787 1915/3511/6785 3537/3814/6786 3538/3815/6788
f  1913/3509/6789 1914/3510/6787 3538/3815/6788 3539/3816/6790
f  1912/3508/6791 1913/3509/6789 3539/3816/6790 3540/3817/6792
f  1911/3507/6793 1912/3508/6791 3540/3817/6792 3541/3818/6794
f  1910/3506/6795 1911/3507/6793 3541/3818/6794 3542/3819/6796
f  1909/3505/6797 1910/3506/6795 3542/3819/6796 3543/3820/6798
f  1908/3504/6799 1909/3505/6797 3543/3820/6798 3544/3821/6800
f  1907/3503/6801 1908/3504/6799 3544/3821/6800 3545/3822/6802
f  1906/3502/6803 1907/3503/6801 3545/3822/6802 3546/3823/6804
f  1905/3501/6805 1906/3502/6803 3546/3823/6804 3547/3824/6806
f  1904/3500/6807 1905/3501/6805 3547/3824/6806 3548/3825/6808
f  1903/3499/6809 1904/3500/6807 3548/3825/6808 3549/3826/6810
f  1902/3498/6811 1903/3499/6812 3549/3826/6811 1901/3497/6813
f  3507/3784/6814 1945/3541/6815 1946/3542/6814 1851/3448/6816
f  1853/3449/6817 3464/3827/6818 3421/3828/6817 1852/3447/6819
f  3464/3827/6726 3465/3829/6820 3422/3830/6820 3421/3828/6726
f  3465/3829/6820 3466/3831/6821 3423/3832/6822 3422/3830/6820
f  3466/3831/6821 3467/3833/6823 3424/3834/6824 3423/3832/6822
f  3467/3833/6823 3468/3835/6825 3425/3836/6825 3424/3834/6824
f  3468/3835/6825 3469/3837/6826 3426/3838/6826 3425/3836/6825
f  3469/3837/6826 3470/3839/6827 3427/3840/6827 3426/3838/6826
f  3470/3839/6827 3471/3841/6828 3428/3842/6829 3427/3840/6827
f  3471/3841/6828 3472/3843/6830 3429/3844/6831 3428/3842/6829
f  3472/3843/6830 3473/3845/6832 3430/3846/6832 3429/3844/6831
f  3473/3845/6832 3474/3847/6833 3431/3848/6833 3430/3846/6832
f  3474/3847/6833 3475/3849/6834 3432/3850/6835 3431/3848/6833
f  3475/3849/6834 3476/3851/6836 3433/3852/6837 3432/3850/6835
f  3476/3851/6836 3477/3853/6838 3434/3854/6838 3433/3852/6837
f  3477/3853/6838 3478/3855/6839 3435/3856/6840 3434/3854/6838
f  3478/3855/6839 3479/3857/6841 3436/3858/6842 3435/3856/6840
f  3479/3857/6841 3480/3859/6843 3437/3860/6844 3436/3858/6842
f  3480/3859/6843 3481/3861/6845 3438/3862/6846 3437/3860/6844
f  3481/3861/6845 3482/3863/6847 3439/3864/6847 3438/3862/6846
f  3482/3863/6847 3483/3865/6848 3440/3866/6848 3439/3864/6847
f  3483/3865/6848 3484/3867/6849 3441/3868/6849 3440/3866/6848
f  3484/3867/6849 3485/3869/6850 3442/3870/6850 3441/3868/6849
f  3485/3869/6850 3486/3871/6851 3443/3872/6852 3442/3870/6850
f  3486/3871/6851 3487/3873/6853 3444/3874/6854 3443/3872/6852
f  3487/3873/6853 3488/3875/6855 3445/3876/6856 3444/3874/6854
f  3488/3875/6855 3489/3877/6857 3446/3878/6776 3445/3876/6856
f  3489/3877/6857 3490/3879/6858 3447/3880/6778 3446/3878/6776
f  3490/3879/6858 3491/3881/6859 3448/3882/6780 3447/3880/6778
f  3491/3881/6859 3492/3883/6860 3449/3884/6861 3448/3882/6780
f  3492/3883/6860 3493/3885/6862 3450/3886/6784 3449/3884/6861
f  3493/3885/6862 3494/3887/6863 3451/3888/6864 3450/3886/6784
f  3494/3887/6863 3495/3889/6865 3452/3890/6866 3451/3888/6864
f  3495/3889/6865 3496/3891/6867 3453/3892/6868 3452/3890/6866
f  3496/3891/6867 3497/3893/6869 3454/3894/6870 3453/3892/6868
f  3497/3893/6869 3498/3895/6871 3455/3896/6872 3454/3894/6870
f  3498/3895/6871 3499/3897/6873 3456/3898/6796 3455/3896/6872
f  3499/3897/6873 3500/3899/6874 3457/3900/6875 3456/3898/6796
f  3500/3899/6874 3501/3901/6876 3458/3902/6877 3457/3900/6875
f  3501/3901/6876 3502/3903/6878 3459/3904/6879 3458/3902/6877
f  3502/3903/6878 3503/3905/6880 3460/3906/6881 3459/3904/6879
f  3503/3905/6880 3504/3907/6882 3461/3908/6883 3460/3906/6881
f  3504/3907/6882 3505/3909/6884 3462/3910/6885 3461/3908/6883
f  3505/3909/6884 3506/3911/6886 3463/3912/6887 3462/3910/6885
f  3463/3912/6888 3506/3911/6889 1899/3495/6888 1900/3496/6890
f  1854/3450/6891 1855/3451/6815 3464/3827/6891 1853/3449/6892
f  1855/3451/6726 1856/3452/6893 3465/3829/6820 3464/3827/6726
f  1856/3452/6893 1857/3453/6894 3466/3831/6821 3465/3829/6820
f  1857/3453/6894 1858/3454/6732 3467/3833/6823 3466/3831/6821
f  1858/3454/6732 1859/3455/6734 3468/3835/6825 3467/3833/6823
f  1859/3455/6734 1860/3456/6736 3469/3837/6826 3468/3835/6825
f  1860/3456/6736 1861/3457/6738 3470/3839/6827 3469/3837/6826
f  1861/3457/6738 1862/3458/6895 3471/3841/6828 3470/3839/6827
f  1862/3458/6895 1863/3459/6896 3472/3843/6830 3471/3841/6828
f  1863/3459/6896 1864/3460/6744 3473/3845/6832 3472/3843/6830
f  1864/3460/6744 1865/3461/6746 3474/3847/6833 3473/3845/6832
f  1865/3461/6746 1866/3462/6897 3475/3849/6834 3474/3847/6833
f  1866/3462/6897 1867/3463/6898 3476/3851/6836 3475/3849/6834
f  1867/3463/6898 1868/3464/6752 3477/3853/6838 3476/3851/6836
f  1868/3464/6752 1869/3465/6899 3478/3855/6839 3477/3853/6838
f  1869/3465/6899 1870/3466/6900 3479/3857/6841 3478/3855/6839
f  1870/3466/6900 1871/3467/6901 3480/3859/6843 3479/3857/6841
f  1871/3467/6901 1872/3468/6760 3481/3861/6845 3480/3859/6843
f  1872/3468/6760 1873/3469/6902 3482/3863/6847 3481/3861/6845
f  1873/3469/6902 1874/3470/6764 3483/3865/6848 3482/3863/6847
f  1874/3470/6764 1875/3471/6766 3484/3867/6849 3483/3865/6848
f  1875/3471/6766 1876/3472/6768 3485/3869/6850 3484/3867/6849
f  1876/3472/6768 1877/3473/6770 3486/3871/6851 3485/3869/6850
f  3486/3871/6851 1877/3473/6770 1878/3474/6903 3487/3873/6853
f  3487/3873/6853 1878/3474/6903 1879/3475/6904 3488/3875/6855
f  3488/3875/6855 1879/3475/6904 1880/3476/6775 3489/3877/6857
f  3489/3877/6857 1880/3476/6775 1881/3477/6777 3490/3879/6858
f  3490/3879/6858 1881/3477/6777 1882/3478/6905 3491/3881/6859
f  3491/3881/6859 1882/3478/6905 1883/3479/6781 3492/3883/6860
f  3492/3883/6860 1883/3479/6781 1884/3480/6783 3493/3885/6862
f  3493/3885/6862 1884/3480/6783 1885/3481/6906 3494/3887/6863
f  3494/3887/6863 1885/3481/6906 1886/3482/6907 3495/3889/6865
f  3495/3889/6865 1886/3482/6907 1887/3483/6908 3496/3891/6867
f  3496/3891/6867 1887/3483/6908 1888/3484/6909 3497/3893/6869
f  3497/3893/6869 1888/3484/6909 1889/3485/6910 3498/3895/6871
f  3498/3895/6871 1889/3485/6910 1890/3486/6911 3499/3897/6873
f  3499/3897/6873 1890/3486/6911 1891/3487/6912 3500/3899/6874
f  3500/3899/6874 1891/3487/6912 1892/3488/6913 3501/3901/6876
f  3501/3901/6876 1892/3488/6913 1893/3489/6801 3502/3903/6878
f  3502/3903/6878 1893/3489/6801 1894/3490/6914 3503/3905/6880
f  3503/3905/6880 1894/3490/6914 1895/3491/6915 3504/3907/6882
f  3504/3907/6882 1895/3491/6915 1896/3492/6916 3505/3909/6884
f  3505/3909/6884 1896/3492/6916 1897/3493/6886 3506/3911/6886
f  3506/3911/6917 1897/3493/6812 1898/3494/6917 1899/3495/6918
f  1851/3448/6919 1852/3447/6920 3421/3828/6919 3507/3784/6818
f  3421/3828/6726 3422/3830/6820 3508/3785/6727 3507/3784/6726
f  3422/3830/6820 3423/3832/6822 3509/3786/6729 3508/3785/6727
f  3423/3832/6822 3424/3834/6824 3510/3787/6731 3509/3786/6729
f  3424/3834/6824 3425/3836/6825 3511/3788/6733 3510/3787/6731
f  3425/3836/6825 3426/3838/6826 3512/3789/6735 3511/3788/6733
f  3426/3838/6826 3427/3840/6827 3513/3790/6737 3512/3789/6735
f  3427/3840/6827 3428/3842/6829 3514/3791/6739 3513/3790/6737
f  3428/3842/6829 3429/3844/6831 3515/3792/6741 3514/3791/6739
f  3429/3844/6831 3430/3846/6832 3516/3793/6743 3515/3792/6741
f  3430/3846/6832 3431/3848/6833 3517/3794/6745 3516/3793/6743
f  3431/3848/6833 3432/3850/6835 3518/3795/6747 3517/3794/6745
f  3432/3850/6835 3433/3852/6837 3519/3796/6749 3518/3795/6747
f  3433/3852/6837 3434/3854/6838 3520/3797/6751 3519/3796/6749
f  3434/3854/6838 3435/3856/6840 3521/3798/6753 3520/3797/6751
f  3435/3856/6840 3436/3858/6842 3522/3799/6755 3521/3798/6753
f  3436/3858/6842 3437/3860/6844 3523/3800/6757 3522/3799/6755
f  3437/3860/6844 3438/3862/6846 3524/3801/6759 3523/3800/6757
f  3438/3862/6846 3439/3864/6847 3525/3802/6761 3524/3801/6759
f  3439/3864/6847 3440/3866/6848 3526/3803/6763 3525/3802/6761
f  3440/3866/6848 3441/3868/6849 3527/3804/6765 3526/3803/6763
f  3441/3868/6849 3442/3870/6850 3528/3805/6767 3527/3804/6765
f  3442/3870/6850 3443/3872/6852 3529/3806/6769 3528/3805/6767
f  3443/3872/6852 3444/3874/6854 3530/3807/6772 3529/3806/6769
f  3444/3874/6854 3445/3876/6856 3531/3808/6774 3530/3807/6772
f  3445/3876/6856 3446/3878/6776 3532/3809/6776 3531/3808/6774
f  3446/3878/6776 3447/3880/6778 3533/3810/6778 3532/3809/6776
f  3447/3880/6778 3448/3882/6780 3534/3811/6780 3533/3810/6778
f  3448/3882/6780 3449/3884/6861 3535/3812/6782 3534/3811/6780
f  3449/3884/6861 3450/3886/6784 3536/3813/6784 3535/3812/6782
f  3450/3886/6784 3451/3888/6864 3537/3814/6786 3536/3813/6784
f  3451/3888/6864 3452/3890/6866 3538/3815/6788 3537/3814/6786
f  3452/3890/6866 3453/3892/6868 3539/3816/6790 3538/3815/6788
f  3453/3892/6868 3454/3894/6870 3540/3817/6792 3539/3816/6790
f  3454/3894/6870 3455/3896/6872 3541/3818/6794 3540/3817/6792
f  3455/3896/6872 3456/3898/6796 3542/3819/6796 3541/3818/6794
f  3456/3898/6796 3457/3900/6875 3543/3820/6798 3542/3819/6796
f  3457/3900/6875 3458/3902/6877 3544/3821/6800 3543/3820/6798
f  3458/3902/6877 3459/3904/6879 3545/3822/6802 3544/3821/6800
f  3459/3904/6879 3460/3906/6881 3546/3823/6804 3545/3822/6802
f  3460/3906/6881 3461/3908/6883 3547/3824/6806 3546/3823/6804
f  3461/3908/6883 3462/3910/6885 3548/3825/6808 3547/3824/6806
f  3462/3910/6885 3463/3912/6887 3549/3826/6810 3548/3825/6808
f  3463/3912/6921 1900/3496/6922 1901/3497/6921 3549/3826/6923
f  2620/3104/6924 3389/3550/6925 3550/2841/6924 2619/2844/6926
f  3550/2841/6927 3389/3550/6927 3113/3727/6927
f  3552/950/6928 729/958/6929 728/957/6928 3553/951/6930
f  3551/952/6931 730/959/6932 729/958/6931 3552/950/6933
f  731/960/6934 730/959/6935 3551/952/6934 3562/953/6936
f  3561/955/6937 732/961/6938 731/960/6937 3562/953/6939
f  728/957/6940 741/962/6941 3554/956/6940 3553/951/6942
f  751/966/6943 742/946/6944 3554/956/6943 3555/965/6945
f  1713/1948/6946 1712/1949/6947 3558/1944/6946 3557/1943/6948
f  1712/1949/6949 1714/1950/6950 3559/1945/6949 3558/1944/6951
f  3559/1945/6952 1714/1950/6953 1715/1951/6952 3560/1946/6954
f  1715/1951/6955 732/961/6956 3561/955/6955 3560/1946/6957
f  3556/1947/6958 1716/1952/6959 1713/1948/6958 3557/1943/6960
f  1710/1939/6961 751/966/6962 3555/965/6961 3556/1947/6963
# object detail_1_pivot
g detail_1_pivot
v 3.78251 -0.95640 6.75509
v 3.60080 -0.95640 7.07745
v 3.39169 -0.95640 7.38275
v 3.15677 -0.95640 7.66866
v 2.89782 -0.95640 7.93301
v 2.61682 -0.95640 8.17378
v 2.31590 -0.95640 8.38915
v 1.99735 -0.95640 8.57747
v 1.66361 -0.95640 8.73731
v 1.31720 -0.95640 8.86746
v 0.96077 -0.95640 8.96692
v 0.59703 -0.95640 9.03493
v 0.22874 -0.95640 9.07099
v -0.14128 -0.95640 9.07480
v -0.51024 -0.95640 9.04636
v -0.87531 -0.95640 8.98586
v -1.23371 -0.95640 8.89378
v -1.58273 -0.95640 8.77081
v -1.91970 -0.95640 8.61789
v -2.24207 -0.95640 8.43619
v -2.54737 -0.95640 8.22708
v -2.83328 -0.95640 7.99215
v -3.09763 -0.95640 7.73320
v -3.33840 -0.95640 7.45220
v -3.55377 -0.95640 7.15128
v -3.74209 -0.95640 6.83274
v -3.90193 -0.95640 6.49899
v -4.03208 -0.95640 6.15259
v -4.13153 -0.95640 5.79615
v -4.19955 -0.95640 5.43241
v -4.23560 -0.95640 5.06413
v -4.23942 -0.95640 4.69410
v -4.21098 -0.95640 4.32515
v -4.15048 -0.95640 3.96008
v -4.05840 -0.95640 3.60167
v -3.93543 -0.95640 3.25265
v -3.78251 -0.95640 2.91568
v -3.60081 -0.95640 2.59332
v -3.39169 -0.95640 2.28802
v -3.15677 -0.95640 2.00210
v -2.89782 -0.95640 1.73776
v -2.61682 -0.95640 1.49698
v -2.31590 -0.95640 1.28161
v -1.99736 -0.95640 1.09329
v -1.66361 -0.95640 0.93345
v -1.31721 -0.95640 0.80331
v -0.96077 -0.95640 0.70385
v -0.59703 -0.95640 0.63583
v -0.22874 -0.95640 0.59978
v 0.14128 -0.95640 0.59596
v 0.51024 -0.95640 0.62441
v 0.87531 -0.95640 0.68490
v 1.23371 -0.95640 0.77698
v 1.58273 -0.95640 0.89995
v 1.91970 -0.95640 1.05287
v 2.24207 -0.95640 1.23458
v 2.54736 -0.95640 1.44369
v 2.83328 -0.95640 1.67861
v 3.09763 -0.95640 1.93756
v 3.33840 -0.95640 2.21856
v 3.55377 -0.95640 2.51948
v 3.74209 -0.95640 2.83802
v 3.90193 -0.95640 3.17177
v 4.03208 -0.95640 3.51818
v 4.13153 -0.95640 3.87461
v 4.19955 -0.95640 4.23835
v 4.23560 -0.95640 4.60664
v 4.23942 -0.95640 4.97666
v 4.21098 -0.95640 5.34562
v 4.15048 -0.95640 5.71069
v 4.05840 -0.95640 6.06909
v 3.93543 -0.95640 6.41811
v 3.78251 -1.22543 6.75509
v 3.60080 -1.22543 7.07745
v 3.39169 -1.22543 7.38275
v 3.15677 -1.22543 7.66866
v 2.89782 -1.22543 7.93301
v 2.61682 -1.22543 8.17378
v 2.31590 -1.22543 8.38915
v 1.99735 -1.22543 8.57747
v 1.66361 -1.22543 8.73731
v 1.31720 -1.22543 8.86746
v 0.96077 -1.22543 8.96692
v 0.59703 -1.22543 9.03493
v 0.22874 -1.22543 9.07099
v -0.14128 -1.22543 9.07480
v -0.51024 -1.22543 9.04636
v -0.87531 -1.22543 8.98586
v -1.23371 -1.22543 8.89378
v -1.58273 -1.22543 8.77081
v -1.91970 -1.22543 8.61789
v -2.24207 -1.22543 8.43619
v -2.54737 -1.22543 8.22708
v -2.83328 -1.22543 7.99215
v -3.09763 -1.22543 7.73320
v -3.33840 -1.22543 7.45220
v -3.55377 -1.22543 7.15128
v -3.74209 -1.22543 6.83274
v -3.90193 -1.22543 6.49899
v -4.03208 -1.22543 6.15259
v -4.13153 -1.22543 5.79615
v -4.19955 -1.22543 5.43241
v -4.23560 -1.22543 5.06413
v -4.23942 -1.22543 4.69410
v -4.21098 -1.22543 4.32515
v -4.15048 -1.22543 3.96008
v -4.05840 -1.22543 3.60167
v -3.93543 -1.22543 3.25265
v -3.78251 -1.22543 2.91568
v -3.60081 -1.22543 2.59332
v -3.39169 -1.22543 2.28802
v -3.15677 -1.22543 2.00210
v -2.89782 -1.22543 1.73776
v -2.61682 -1.22543 1.49698
v -2.31590 -1.22543 1.28161
v -1.99736 -1.22543 1.09329
v -1.66361 -1.22543 0.93345
v -1.31721 -1.22543 0.80331
v -0.96077 -1.22543 0.70385
v -0.59703 -1.22543 0.63583
v -0.22874 -1.22543 0.59978
v 0.14128 -1.22543 0.59596
v 0.51024 -1.22543 0.62441
v 0.87531 -1.22543 0.68490
v 1.23371 -1.22543 0.77698
v 1.58273 -1.22543 0.89995
v 1.91970 -1.22543 1.05287
v 2.24207 -1.22543 1.23458
v 2.54736 -1.22543 1.44369
v 2.83328 -1.22543 1.67861
v 3.09763 -1.22543 1.93756
v 3.33840 -1.22543 2.21856
v 3.55377 -1.22543 2.51948
v 3.74209 -1.22543 2.83802
v 3.90193 -1.22543 3.17177
v 4.03208 -1.22543 3.51818
v 4.13153 -1.22543 3.87461
v 4.19955 -1.22543 4.23835
v 4.23560 -1.22543 4.60664
v 4.23942 -1.22543 4.97666
v 4.21098 -1.22543 5.34562
v 4.15048 -1.22543 5.71069
v 4.05840 -1.22543 6.06909
v 3.93543 -1.22543 6.41811
v 2.02509 -1.43615 5.86316
v 1.92780 -1.43615 6.03574
v 1.81585 -1.43615 6.19919
v 1.69008 -1.43615 6.35227
v 1.55144 -1.43615 6.49379
v 1.40100 -1.43615 6.62270
v 1.23989 -1.43615 6.73800
v 1.06935 -1.43615 6.83883
v 0.89067 -1.43615 6.92440
v 0.70521 -1.43615 6.99408
v 0.51438 -1.43615 7.04733
v 0.31964 -1.43615 7.08374
v 0.12246 -1.43615 7.10304
v -0.07564 -1.43615 7.10509
v -0.27317 -1.43615 7.08986
v -0.46862 -1.43615 7.05747
v -0.66051 -1.43615 7.00817
v -0.84737 -1.43615 6.94234
v -1.02777 -1.43615 6.86047
v -1.20036 -1.43615 6.76319
v -1.36381 -1.43615 6.65123
v -1.51688 -1.43615 6.52546
v -1.65841 -1.43615 6.38682
v -1.78732 -1.43615 6.23638
v -1.90262 -1.43615 6.07527
v -2.00345 -1.43615 5.90473
v -2.08902 -1.43615 5.72605
v -2.15870 -1.43615 5.54059
v -2.21195 -1.43615 5.34976
v -2.24836 -1.43615 5.15502
v -2.26766 -1.43615 4.95785
v -2.26971 -1.43615 4.75974
v -2.25448 -1.43615 4.56221
v -2.22209 -1.43615 4.36676
v -2.17279 -1.43615 4.17487
v -2.10696 -1.43615 3.98802
v -2.02509 -1.43615 3.80761
v -1.92780 -1.43615 3.63502
v -1.81585 -1.43615 3.47157
v -1.69008 -1.43615 3.31850
v -1.55144 -1.43615 3.17697
v -1.40100 -1.43615 3.04806
v -1.23989 -1.43615 2.93276
v -1.06935 -1.43615 2.83194
v -0.89067 -1.43615 2.74636
v -0.70521 -1.43615 2.67668
v -0.51438 -1.43615 2.62344
v -0.31964 -1.43615 2.58702
v -0.12246 -1.43615 2.56772
v 0.07564 -1.43615 2.56567
v 0.27317 -1.43615 2.58090
v 0.46862 -1.43615 2.61329
v 0.66051 -1.43615 2.66259
v 0.84737 -1.43615 2.72842
v 1.02777 -1.43615 2.81029
v 1.20036 -1.43615 2.90758
v 1.36381 -1.43615 3.01953
v 1.51688 -1.43615 3.14531
v 1.65841 -1.43615 3.28394
v 1.78732 -1.43615 3.43439
v 1.90262 -1.43615 3.59549
v 2.00345 -1.43615 3.76603
v 2.08902 -1.43615 3.94472
v 2.15870 -1.43615 4.13017
v 2.21195 -1.43615 4.32100
v 2.24836 -1.43615 4.51574
v 2.26766 -1.43615 4.71292
v 2.26971 -1.43615 4.91102
v 2.25448 -1.43615 5.10855
v 2.22209 -1.43615 5.30400
v 2.17279 -1.43615 5.49589
v 2.10696 -1.43615 5.68274
v 2.02509 -1.55028 5.86316
v 1.92780 -1.55028 6.03574
v 1.81585 -1.55028 6.19919
v 1.69008 -1.55028 6.35227
v 1.55144 -1.55028 6.49379
v 1.40100 -1.55028 6.62270
v 1.23989 -1.55028 6.73800
v 1.06935 -1.55028 6.83883
v 0.89067 -1.55028 6.92440
v 0.70521 -1.55028 6.99408
v 0.51438 -1.55028 7.04733
v 0.31964 -1.55028 7.08374
v 0.12246 -1.55028 7.10304
v -0.07564 -1.55028 7.10509
v -0.27317 -1.55028 7.08986
v -0.46862 -1.55028 7.05747
v -0.66051 -1.55028 7.00817
v -0.84737 -1.55028 6.94234
v -1.02777 -1.55028 6.86047
v -1.20036 -1.55028 6.76319
v -1.36381 -1.55028 6.65123
v -1.51688 -1.55028 6.52546
v -1.65841 -1.55028 6.38682
v -1.78732 -1.55028 6.23638
v -1.90262 -1.55028 6.07527
v -2.00345 -1.55028 5.90473
v -2.08902 -1.55028 5.72605
v -2.15870 -1.55028 5.54059
v -2.21195 -1.55028 5.34976
v -2.24836 -1.55028 5.15502
v -2.26766 -1.55028 4.95785
v -2.26971 -1.55028 4.75974
v -2.25448 -1.55028 4.56221
v -2.22209 -1.55028 4.36676
v -2.17279 -1.55028 4.17487
v -2.10696 -1.55028 3.98802
v -2.02509 -1.55028 3.80761
v -1.92780 -1.55028 3.63502
v -1.81585 -1.55028 3.47157
v -1.69008 -1.55028 3.31850
v -1.55144 -1.55028 3.17697
v -1.40100 -1.55028 3.04806
v -1.23989 -1.55028 2.93276
v -1.06935 -1.55028 2.83194
v -0.89067 -1.55028 2.74636
v -0.70521 -1.55028 2.67668
v -0.51438 -1.55028 2.62344
v -0.31964 -1.55028 2.58702
v -0.12246 -1.55028 2.56772
v 0.07564 -1.55028 2.56567
v 0.27317 -1.55028 2.58090
v 0.46862 -1.55028 2.61329
v 0.66051 -1.55028 2.66259
v 0.84737 -1.55028 2.72842
v 1.02777 -1.55028 2.81029
v 1.20036 -1.55028 2.90758
v 1.36381 -1.55028 3.01953
v 1.51688 -1.55028 3.14531
v 1.65841 -1.55028 3.28394
v 1.78732 -1.55028 3.43439
v 1.90262 -1.55028 3.59549
v 2.00345 -1.55028 3.76603
v 2.08902 -1.55028 3.94472
v 2.15870 -1.55028 4.13017
v 2.21195 -1.55028 4.32100
v 2.24836 -1.55028 4.51574
v 2.26766 -1.55028 4.71292
v 2.26971 -1.55028 4.91102
v 2.25448 -1.55028 5.10855
v 2.22209 -1.55028 5.30400
v 2.17279 -1.55028 5.49589
v 2.10696 -1.55028 5.68274
v 1.73143 -1.55028 5.71412
v 1.83819 -1.55028 5.97995
v 1.55253 -1.55028 6.00143
v 1.61152 -1.55028 6.28176
v 1.32647 -1.55028 6.25331
v 1.33587 -1.55028 6.53962
v 1.06009 -1.55028 6.46211
v 1.01964 -1.55028 6.74570
v 0.76151 -1.55028 6.62148
v 0.67243 -1.55028 6.89374
v 0.43979 -1.55028 6.72658
v 0.30478 -1.55028 6.97923
v 0.10471 -1.55028 6.77421
v -0.07212 -1.55028 6.99959
v -0.23356 -1.55028 6.76294
v -0.44684 -1.55028 6.95418
v -0.56473 -1.55028 6.69310
v -0.80798 -1.55028 6.84440
v -0.87874 -1.55028 6.56681
v -1.14457 -1.55028 6.67358
v -1.16605 -1.55028 6.38792
v -1.44638 -1.55028 6.44690
v -1.41793 -1.55028 6.16185
v -1.70424 -1.55028 6.17126
v -1.62672 -1.55028 5.89548
v -1.91032 -1.55028 5.85502
v -1.78609 -1.55028 5.59689
v -2.05836 -1.55028 5.50781
v -1.89119 -1.55028 5.27517
v -2.14385 -1.55028 5.14016
v -1.93883 -1.55028 4.94009
v -2.16421 -1.55028 4.76326
v -1.92756 -1.55028 4.60182
v -2.11880 -1.55028 4.38854
v -1.85772 -1.55028 4.27065
v -2.00902 -1.55028 4.02740
v -1.73143 -1.55028 3.95665
v -1.83819 -1.55028 3.69082
v -1.55254 -1.55028 3.66933
v -1.61152 -1.55028 3.38901
v -1.32647 -1.55028 3.41745
v -1.33588 -1.55028 3.13114
v -1.06009 -1.55028 3.20866
v -1.01964 -1.55028 2.92506
v -0.76151 -1.55028 3.04929
v -0.67243 -1.55028 2.77703
v -0.43979 -1.55028 2.94419
v -0.30478 -1.55028 2.69153
v -0.10471 -1.55028 2.89655
v 0.07213 -1.55028 2.67118
v 0.23356 -1.55028 2.90782
v 0.44684 -1.55028 2.71658
v 0.56473 -1.55028 2.97766
v 0.80798 -1.55028 2.82636
v 0.87874 -1.55028 3.10395
v 1.14456 -1.55028 2.99719
v 1.16605 -1.55028 3.28285
v 1.44638 -1.55028 3.22386
v 1.41793 -1.55028 3.50891
v 1.70424 -1.55028 3.49951
v 1.62672 -1.55028 3.77529
v 1.91032 -1.55028 3.81574
v 1.78609 -1.55028 4.07387
v 2.05836 -1.55028 4.16295
v 1.89119 -1.55028 4.39559
v 2.14385 -1.55028 4.53060
v 1.93883 -1.55028 4.73068
v 2.16421 -1.55028 4.90751
v 1.92756 -1.55028 5.06894
v 2.11880 -1.55028 5.28222
v 1.85772 -1.55028 5.40011
v 2.00902 -1.55028 5.64336
v 1.60495 -3.64596 5.64993
v 1.70392 -3.64596 5.89634
v 1.43913 -3.64596 5.91625
v 1.49380 -3.64596 6.17610
v 1.22957 -3.64596 6.14973
v 1.23829 -3.64596 6.41513
v 0.98266 -3.64596 6.34328
v 0.94516 -3.64596 6.60616
v 0.70588 -3.64596 6.49101
v 0.62331 -3.64596 6.74338
v 0.40766 -3.64596 6.58843
v 0.28252 -3.64596 6.82263
v 0.09706 -3.64596 6.63259
v -0.06686 -3.64596 6.84150
v -0.21650 -3.64596 6.62214
v -0.41420 -3.64596 6.79941
v -0.52348 -3.64596 6.55740
v -0.74896 -3.64596 6.69765
v -0.81455 -3.64596 6.44033
v -1.06096 -3.64596 6.53930
v -1.08087 -3.64596 6.27451
v -1.34072 -3.64596 6.32918
v -1.31435 -3.64596 6.06495
v -1.57975 -3.64596 6.07367
v -1.50790 -3.64596 5.81804
v -1.77078 -3.64596 5.78054
v -1.65562 -3.64596 5.54127
v -1.90800 -3.64596 5.45869
v -1.75305 -3.64596 5.24305
v -1.98725 -3.64596 5.11790
v -1.79721 -3.64596 4.93244
v -2.00612 -3.64596 4.76853
v -1.78675 -3.64596 4.61888
v -1.96403 -3.64596 4.42118
v -1.72202 -3.64596 4.31191
v -1.86227 -3.64596 4.08642
v -1.60495 -3.64596 4.02083
v -1.70392 -3.64596 3.77442
v -1.43913 -3.64596 3.75451
v -1.49380 -3.64596 3.49466
v -1.22957 -3.64596 3.52103
v -1.23829 -3.64596 3.25563
v -0.98266 -3.64596 3.32749
v -0.94516 -3.64596 3.06461
v -0.70589 -3.64596 3.17976
v -0.62331 -3.64596 2.92738
v -0.40767 -3.64596 3.08233
v -0.28252 -3.64596 2.84813
v -0.09706 -3.64596 3.03818
v 0.06686 -3.64596 2.82927
v 0.21650 -3.64596 3.04863
v 0.41420 -3.64596 2.87135
v 0.52348 -3.64596 3.11337
v 0.74896 -3.64596 2.97312
v 0.81455 -3.64596 3.23043
v 1.06096 -3.64596 3.13146
v 1.08087 -3.64596 3.39625
v 1.34072 -3.64596 3.34158
v 1.31435 -3.64596 3.60581
v 1.57975 -3.64596 3.59709
v 1.50790 -3.64596 3.85272
v 1.77078 -3.64596 3.89022
v 1.65562 -3.64596 4.12950
v 1.90800 -3.64596 4.21207
v 1.75305 -3.64596 4.42772
v 1.98725 -3.64596 4.55286
v 1.79720 -3.64596 4.73832
v 2.00612 -3.64596 4.90224
v 1.78676 -3.64596 5.05188
v 1.96403 -3.64596 5.24958
v 1.72202 -3.64596 5.35886
v 1.86227 -3.64596 5.58434
v 1.54455 -3.64596 5.61927
v 1.47035 -3.64596 5.75090
v 1.38496 -3.64596 5.87557
v 1.28903 -3.64596 5.99232
v 1.18329 -3.64596 6.10026
v 1.06855 -3.64596 6.19858
v 0.94567 -3.64596 6.28652
v 0.81560 -3.64596 6.36342
v 0.67932 -3.64596 6.42869
v 0.53787 -3.64596 6.48184
v 0.39232 -3.64596 6.52245
v 0.24379 -3.64596 6.55022
v 0.09340 -3.64596 6.56494
v -0.05769 -3.64596 6.56650
v -0.20835 -3.64596 6.55489
v -0.35742 -3.64596 6.53018
v -0.50377 -3.64596 6.49258
v -0.64629 -3.64596 6.44237
v -0.78389 -3.64596 6.37993
v -0.91552 -3.64596 6.30573
v -1.04019 -3.64596 6.22034
v -1.15694 -3.64596 6.12441
v -1.26488 -3.64596 6.01867
v -1.36320 -3.64596 5.90393
v -1.45114 -3.64596 5.78105
v -1.52804 -3.64596 5.65098
v -1.59331 -3.64596 5.51470
v -1.64645 -3.64596 5.37325
v -1.68707 -3.64596 5.22770
v -1.71484 -3.64596 5.07917
v -1.72956 -3.64596 4.92879
v -1.73112 -3.64596 4.77769
v -1.71951 -3.64596 4.62703
v -1.69480 -3.64596 4.47796
v -1.65720 -3.64596 4.33161
v -1.60699 -3.64596 4.18909
v -1.54455 -3.64596 4.05149
v -1.47035 -3.64596 3.91986
v -1.38496 -3.64596 3.79519
v -1.28903 -3.64596 3.67844
v -1.18329 -3.64596 3.57050
v -1.06855 -3.64596 3.47218
v -0.94567 -3.64596 3.38424
v -0.81560 -3.64596 3.30734
v -0.67932 -3.64596 3.24207
v -0.53787 -3.64596 3.18893
v -0.39232 -3.64596 3.14831
v -0.24379 -3.64596 3.12054
v -0.09340 -3.64596 3.10582
v 0.05769 -3.64596 3.10426
v 0.20835 -3.64596 3.11588
v 0.35742 -3.64596 3.14058
v 0.50377 -3.64596 3.17818
v 0.64629 -3.64596 3.22839
v 0.78389 -3.64596 3.29083
v 0.91552 -3.64596 3.36503
v 1.04019 -3.64596 3.45042
v 1.15694 -3.64596 3.54635
v 1.26488 -3.64596 3.65209
v 1.36320 -3.64596 3.76683
v 1.45114 -3.64596 3.88971
v 1.52804 -3.64596 4.01978
v 1.59331 -3.64596 4.15606
v 1.64645 -3.64596 4.29751
v 1.68707 -3.64596 4.44306
v 1.71484 -3.64596 4.59159
v 1.72956 -3.64596 4.74198
v 1.73112 -3.64596 4.89307
v 1.71951 -3.64596 5.04373
v 1.69480 -3.64596 5.19280
v 1.65720 -3.64596 5.33916
v 1.60699 -3.64596 5.48167
v 1.54455 -3.79580 5.61927
v 1.47035 -3.79580 5.75090
v 1.38496 -3.79580 5.87557
v 1.28903 -3.79580 5.99232
v 1.18329 -3.79580 6.10026
v 1.06855 -3.79580 6.19858
v 0.94567 -3.79580 6.28652
v 0.81560 -3.79580 6.36342
v 0.67932 -3.79580 6.42869
v 0.53787 -3.79580 6.48184
v 0.39232 -3.79580 6.52245
v 0.24379 -3.79580 6.55022
v 0.09340 -3.79580 6.56494
v -0.05769 -3.79580 6.56650
v -0.20835 -3.79580 6.55489
v -0.35742 -3.79580 6.53018
v -0.50377 -3.79580 6.49258
v -0.64629 -3.79580 6.44237
v -0.78389 -3.79580 6.37993
v -0.91552 -3.79580 6.30573
v -1.04019 -3.79580 6.22034
v -1.15694 -3.79580 6.12441
v -1.26488 -3.79580 6.01867
v -1.36320 -3.79580 5.90393
v -1.45114 -3.79580 5.78105
v -1.52804 -3.79580 5.65098
v -1.59331 -3.79580 5.51470
v -1.64645 -3.79580 5.37325
v -1.68707 -3.79580 5.22770
v -1.71484 -3.79580 5.07917
v -1.72956 -3.79580 4.92879
v -1.73112 -3.79580 4.77769
v -1.71951 -3.79580 4.62703
v -1.69480 -3.79580 4.47796
v -1.65720 -3.79580 4.33161
v -1.60699 -3.79580 4.18909
v -1.54455 -3.79580 4.05149
v -1.47035 -3.79580 3.91986
v -1.38496 -3.79580 3.79519
v -1.28903 -3.79580 3.67844
v -1.18329 -3.79580 3.57050
v -1.06855 -3.79580 3.47218
v -0.94567 -3.79580 3.38424
v -0.81560 -3.79580 3.30734
v -0.67932 -3.79580 3.24207
v -0.53787 -3.79580 3.18893
v -0.39232 -3.79580 3.14831
v -0.24379 -3.79580 3.12054
v -0.09340 -3.79580 3.10582
v 0.05769 -3.79580 3.10426
v 0.20835 -3.79580 3.11588
v 0.35742 -3.79580 3.14058
v 0.50377 -3.79580 3.17818
v 0.64629 -3.79580 3.22839
v 0.78389 -3.79580 3.29083
v 0.91552 -3.79580 3.36503
v 1.04019 -3.79580 3.45042
v 1.15694 -3.79580 3.54635
v 1.26488 -3.79580 3.65209
v 1.36320 -3.79580 3.76683
v 1.45114 -3.79580 3.88971
v 1.52804 -3.79580 4.01978
v 1.59331 -3.79580 4.15606
v 1.64645 -3.79580 4.29751
v 1.68707 -3.79580 4.44306
v 1.71484 -3.79580 4.59159
v 1.72956 -3.79580 4.74198
v 1.73112 -3.79580 4.89307
v 1.71951 -3.79580 5.04373
v 1.69480 -3.79580 5.19280
v 1.65720 -3.79580 5.33916
v 1.60699 -3.79580 5.48167
v 1.24677 -3.87685 5.46814
v 1.18687 -3.87685 5.57440
v 1.11795 -3.87685 5.67503
v 1.04052 -3.87685 5.76927
v 0.95516 -3.87685 5.85640
v 0.86254 -3.87685 5.93577
v 0.76335 -3.87685 6.00675
v 0.65836 -3.87685 6.06883
v 0.54835 -3.87685 6.12151
v 0.43417 -3.87685 6.16441
v 0.31668 -3.87685 6.19719
v 0.19679 -3.87685 6.21961
v 0.07540 -3.87685 6.23149
v -0.04657 -3.87685 6.23275
v -0.16818 -3.87685 6.22338
v -0.28852 -3.87685 6.20344
v -0.40665 -3.87685 6.17309
v -0.52169 -3.87685 6.13255
v -0.63276 -3.87685 6.08215
v -0.73902 -3.87685 6.02226
v -0.83965 -3.87685 5.95333
v -0.93389 -3.87685 5.87590
v -1.02102 -3.87685 5.79054
v -1.10038 -3.87685 5.69792
v -1.17137 -3.87685 5.59873
v -1.23344 -3.87685 5.49374
v -1.28613 -3.87685 5.38373
v -1.32903 -3.87685 5.26955
v -1.36181 -3.87685 5.15207
v -1.38423 -3.87685 5.03217
v -1.39611 -3.87685 4.91078
v -1.39737 -3.87685 4.78881
v -1.38800 -3.87685 4.66720
v -1.36806 -3.87685 4.54687
v -1.33770 -3.87685 4.42873
v -1.29717 -3.87685 4.31369
v -1.24677 -3.87685 4.20262
v -1.18687 -3.87685 4.09637
v -1.11795 -3.87685 3.99573
v -1.04051 -3.87685 3.90149
v -0.95516 -3.87685 3.81436
v -0.86254 -3.87685 3.73500
v -0.76335 -3.87685 3.66401
v -0.65836 -3.87685 3.60194
v -0.54835 -3.87685 3.54925
v -0.43417 -3.87685 3.50635
v -0.31669 -3.87685 3.47357
v -0.19679 -3.87685 3.45115
v -0.07540 -3.87685 3.43927
v 0.04657 -3.87685 3.43801
v 0.16818 -3.87685 3.44739
v 0.28851 -3.87685 3.46733
v 0.40665 -3.87685 3.49768
v 0.52169 -3.87685 3.53821
v 0.63276 -3.87685 3.58861
v 0.73902 -3.87685 3.64851
v 0.83965 -3.87685 3.71743
v 0.93389 -3.87685 3.79487
v 1.02102 -3.87685 3.88022
v 1.10038 -3.87685 3.97284
v 1.17137 -3.87685 4.07203
v 1.23344 -3.87685 4.17703
v 1.28613 -3.87685 4.28703
v 1.32903 -3.87685 4.40121
v 1.36181 -3.87685 4.51870
v 1.38423 -3.87685 4.63859
v 1.39611 -3.87685 4.75999
v 1.39737 -3.87685 4.88195
v 1.38800 -3.87685 5.00356
v 1.36806 -3.87685 5.12389
v 1.33770 -3.87685 5.24203
v 1.29717 -3.87685 5.35707
v -2.13586 -1.65106 5.13903
v -1.88414 -1.67570 5.27353
v -2.05068 -1.65106 5.50530
v -1.77944 -1.67570 5.59406
v -1.90320 -1.65106 5.85122
v -1.62066 -1.67570 5.89152
v -1.69789 -1.65106 6.16628
v -1.41264 -1.67570 6.15690
v -1.44098 -1.65106 6.44089
v -1.16170 -1.67570 6.38213
v -1.14030 -1.65106 6.66672
v -0.87546 -1.67570 6.56036
v -0.80497 -1.65106 6.83691
v -0.56262 -1.67570 6.68617
v -0.44518 -1.65106 6.94629
v -0.23269 -1.67570 6.75575
v -0.07186 -1.65106 6.99152
v 0.10432 -1.67570 6.76699
v 0.30364 -1.65106 6.97124
v 0.43815 -1.67570 6.71953
v 0.66992 -1.65106 6.88607
v 0.75867 -1.67570 6.61482
v 1.01584 -1.65106 6.73858
v 1.05614 -1.67570 6.45604
v 1.33089 -1.65106 6.53327
v 1.32152 -1.67570 6.24802
v 1.60551 -1.65106 6.27637
v 1.54675 -1.67570 5.99708
v 1.83134 -1.65106 5.97568
v 1.72498 -1.67570 5.71084
v 2.00153 -1.65106 5.64035
v 1.85079 -1.67570 5.39800
v 2.11090 -1.65106 5.28055
v 1.92037 -1.67570 5.06807
v 2.15614 -1.65106 4.90724
v 1.93160 -1.67570 4.73107
v 2.13586 -1.65106 4.53174
v 1.88414 -1.67570 4.39723
v 2.05068 -1.65106 4.16546
v 1.77944 -1.67570 4.07671
v 1.90320 -1.65106 3.81954
v 1.62066 -1.67570 3.77924
v 1.69789 -1.65106 3.50449
v 1.41264 -1.67570 3.51386
v 1.44098 -1.65106 3.22987
v 1.16170 -1.67570 3.28863
v 1.14030 -1.65106 3.00404
v 0.87546 -1.67570 3.11040
v 0.80497 -1.65106 2.83385
v 0.56262 -1.67570 2.98459
v 0.44517 -1.65106 2.72448
v 0.23269 -1.67570 2.91501
v 0.07186 -1.65106 2.67924
v -0.10432 -1.67570 2.90378
v -0.30365 -1.65106 2.69952
v -0.43815 -1.67570 2.95124
v -0.66992 -1.65106 2.78470
v -0.75867 -1.67570 3.05595
v -1.01584 -1.65106 2.93218
v -1.05614 -1.67570 3.21472
v -1.33090 -1.65106 3.13750
v -1.32152 -1.67570 3.42274
v -1.60551 -1.65106 3.39440
v -1.54675 -1.67570 3.67368
v -1.83134 -1.65106 3.69508
v -1.72498 -1.67570 3.95992
v -2.00153 -1.65106 4.03042
v -1.85079 -1.67570 4.27276
v -2.11090 -1.65106 4.39021
v -1.92037 -1.67570 4.60269
v -2.15614 -1.65106 4.76353
v -1.93160 -1.67570 4.93970
v -1.75997 -3.52242 5.24466
v -1.91554 -3.54707 5.46115
v -1.66216 -3.52242 5.54406
v -1.77777 -3.54707 5.78427
v -1.51385 -3.52242 5.82192
v -1.58599 -3.54707 6.07856
v -1.31954 -3.52242 6.06981
v -1.34602 -3.54707 6.33508
v -1.08514 -3.52242 6.28019
v -1.06515 -3.54707 6.54603
v -0.81776 -3.52242 6.44667
v -0.75192 -3.54707 6.70500
v -0.52554 -3.52242 6.56420
v -0.41584 -3.54707 6.80717
v -0.21735 -3.52242 6.62919
v -0.06712 -3.54707 6.84942
v 0.09744 -3.52242 6.63969
v 0.28363 -3.54707 6.83048
v 0.40928 -3.52242 6.59535
v 0.62577 -3.54707 6.75092
v 0.70867 -3.52242 6.49755
v 0.94889 -3.54707 6.61315
v 0.98654 -3.52242 6.34923
v 1.24318 -3.54707 6.42137
v 1.23443 -3.52242 6.15492
v 1.49970 -3.54707 6.18140
v 1.44481 -3.52242 5.92052
v 1.71065 -3.54707 5.90053
v 1.61129 -3.52242 5.65315
v 1.86962 -3.54707 5.58730
v 1.72882 -3.52242 5.36092
v 1.97179 -3.54707 5.25122
v 1.79381 -3.52242 5.05273
v 2.01404 -3.54707 4.90250
v 1.80430 -3.52242 4.73794
v 1.99510 -3.54707 4.55175
v 1.75997 -3.52242 4.42611
v 1.91554 -3.54707 4.20961
v 1.66216 -3.52242 4.12671
v 1.77777 -3.54707 3.88649
v 1.51385 -3.52242 3.84884
v 1.58599 -3.54707 3.59220
v 1.31954 -3.52242 3.60095
v 1.34602 -3.54707 3.33568
v 1.08514 -3.52242 3.39057
v 1.06515 -3.54707 3.12473
v 0.81776 -3.52242 3.22409
v 0.75192 -3.54707 2.96576
v 0.52554 -3.52242 3.10656
v 0.41583 -3.54707 2.86359
v 0.21735 -3.52242 3.04157
v 0.06712 -3.54707 2.82134
v -0.09744 -3.52242 3.03108
v -0.28364 -3.54707 2.84028
v -0.40928 -3.52242 3.07541
v -0.62577 -3.54707 2.91985
v -0.70867 -3.52242 3.17322
v -0.94889 -3.54707 3.05761
v -0.98654 -3.52242 3.32153
v -1.24318 -3.54707 3.24939
v -1.23443 -3.52242 3.51584
v -1.49970 -3.54707 3.48936
v -1.44481 -3.52242 3.75024
v -1.71065 -3.54707 3.77023
v -1.61129 -3.52242 4.01762
v -1.86962 -3.54707 4.08347
v -1.72882 -3.52242 4.30984
v -1.97179 -3.54707 4.41955
v -1.79381 -3.52242 4.61803
v -2.01404 -3.54707 4.76826
v -1.80430 -3.52242 4.93282
v -1.99510 -3.54707 5.11901
v -1.26488 -3.70788 6.01867
v -1.15694 -3.70788 6.12441
v -1.04019 -3.70788 6.22034
v -0.91552 -3.70788 6.30573
v -0.78389 -3.70788 6.37993
v -0.64629 -3.70788 6.44237
v -0.50377 -3.70788 6.49258
v -0.35742 -3.70788 6.53018
v -0.20835 -3.70788 6.55489
v -0.05769 -3.70788 6.56650
v 0.09340 -3.70788 6.56494
v 0.24379 -3.70788 6.55022
v 0.39232 -3.70788 6.52245
v 0.53787 -3.70788 6.48184
v 0.67932 -3.70788 6.42869
v 0.81560 -3.70788 6.36342
v 0.94567 -3.70788 6.28652
v 1.06855 -3.70788 6.19858
v 1.18329 -3.70788 6.10026
v 1.28903 -3.70788 5.99232
v 1.38496 -3.70788 5.87557
v 1.47035 -3.70788 5.75090
v 1.54455 -3.70788 5.61927
v 1.60699 -3.70788 5.48167
v 1.65720 -3.70788 5.33916
v 1.69480 -3.70788 5.19280
v 1.71951 -3.70788 5.04373
v 1.73112 -3.70788 4.89307
v 1.72956 -3.70788 4.74198
v 1.71484 -3.70788 4.59159
v 1.68707 -3.70788 4.44306
v 1.64645 -3.70788 4.29751
v 1.59331 -3.70788 4.15606
v 1.52804 -3.70788 4.01978
v 1.45114 -3.70788 3.88971
v 1.36320 -3.70788 3.76683
v 1.26488 -3.70788 3.65209
v 1.15694 -3.70788 3.54635
v 1.04019 -3.70788 3.45042
v 0.91552 -3.70788 3.36503
v 0.78389 -3.70788 3.29083
v 0.64629 -3.70788 3.22839
v 0.50377 -3.70788 3.17818
v 0.35742 -3.70788 3.14058
v 0.20835 -3.70788 3.11588
v 0.05769 -3.70788 3.10426
v -0.09340 -3.70788 3.10582
v -0.24379 -3.70788 3.12054
v -0.39232 -3.70788 3.14832
v -0.53787 -3.70788 3.18893
v -0.67932 -3.70788 3.24207
v -0.81560 -3.70788 3.30734
v -0.94567 -3.70788 3.38424
v -1.06855 -3.70788 3.47218
v -1.18329 -3.70788 3.57050
v -1.28903 -3.70788 3.67844
v -1.38496 -3.70788 3.79519
v -1.47035 -3.70788 3.91986
v -1.54455 -3.70788 4.05149
v -1.60699 -3.70788 4.18909
v -1.65720 -3.70788 4.33161
v -1.69480 -3.70788 4.47796
v -1.71951 -3.70788 4.62703
v -1.73112 -3.70788 4.77769
v -1.72956 -3.70788 4.92879
v -1.71484 -3.70788 5.07917
v -1.68707 -3.70788 5.22770
v -1.64645 -3.70788 5.37325
v -1.59331 -3.70788 5.51470
v -1.52804 -3.70788 5.65098
v -1.45114 -3.70788 5.78105
v -1.36320 -3.70788 5.90393
v -2.08159 -1.42668 5.94644
v -1.97683 -1.42668 6.12363
v -1.85703 -1.42668 6.29102
v -1.72310 -1.42668 6.44733
v -1.57605 -1.42668 6.59138
v -1.41701 -1.42668 6.72206
v -1.24718 -1.42668 6.83838
v -1.06786 -1.42668 6.93946
v -0.88042 -1.42668 7.02452
v -0.68627 -1.42668 7.09292
v -0.48690 -1.42668 7.14414
v -0.28383 -1.42668 7.17779
v -0.07859 -1.42668 7.19362
v 0.12724 -1.42668 7.19149
v 0.33211 -1.42668 7.17144
v 0.53444 -1.42668 7.13360
v 0.73271 -1.42668 7.07828
v 0.92541 -1.42668 7.00588
v 1.11106 -1.42668 6.91697
v 1.28825 -1.42668 6.81221
v 1.45564 -1.42668 6.69241
v 1.61195 -1.42668 6.55848
v 1.75600 -1.42668 6.41143
v 1.88668 -1.42668 6.25239
v 2.00300 -1.42668 6.08256
v 2.10407 -1.42668 5.90324
v 2.18914 -1.42668 5.71580
v 2.25754 -1.42668 5.52165
v 2.30876 -1.42668 5.32228
v 2.34241 -1.42668 5.11921
v 2.35824 -1.42668 4.91397
v 2.35611 -1.42668 4.70814
v 2.33606 -1.42668 4.50327
v 2.29822 -1.42668 4.30094
v 2.24290 -1.42668 4.10267
v 2.17050 -1.42668 3.90998
v 2.08159 -1.42668 3.72433
v 1.97683 -1.42668 3.54713
v 1.85703 -1.42668 3.37974
v 1.72310 -1.42668 3.22343
v 1.57605 -1.42668 3.07939
v 1.41701 -1.42668 2.94871
v 1.24718 -1.42668 2.83238
v 1.06786 -1.42668 2.73131
v 0.88042 -1.42668 2.64624
v 0.68627 -1.42668 2.57784
v 0.48690 -1.42668 2.52662
v 0.28383 -1.42668 2.49297
v 0.07859 -1.42668 2.47715
v -0.12724 -1.42668 2.47927
v -0.33211 -1.42668 2.49933
v -0.53444 -1.42668 2.53716
v -0.73271 -1.42668 2.59248
v -0.92541 -1.42668 2.66488
v -1.11106 -1.42668 2.75379
v -1.28825 -1.42668 2.85855
v -1.45564 -1.42668 2.97835
v -1.61195 -1.42668 3.11228
v -1.75600 -1.42668 3.25933
v -1.88668 -1.42668 3.41837
v -2.00300 -1.42668 3.58820
v -2.10407 -1.42668 3.76752
v -2.18914 -1.42668 3.95497
v -2.25754 -1.42668 4.14911
v -2.30876 -1.42668 4.34848
v -2.34241 -1.42668 4.55156
v -2.35824 -1.42668 4.75679
v -2.35611 -1.42668 4.96262
v -2.33606 -1.42668 5.16749
v -2.29822 -1.42668 5.36982
v -2.24290 -1.42668 5.56809
v -2.17050 -1.42668 5.76079
v -3.64768 -1.23687 6.78235
v -3.46411 -1.23687 7.09285
v -3.25418 -1.23687 7.38618
v -3.01948 -1.23687 7.66010
v -2.76180 -1.23687 7.91251
v -2.48310 -1.23687 8.14151
v -2.18550 -1.23687 8.34534
v -1.87127 -1.23687 8.52247
v -1.54280 -1.23687 8.67153
v -1.20259 -1.23687 8.79140
v -0.85322 -1.23687 8.88115
v -0.49736 -1.23687 8.94012
v -0.13772 -1.23687 8.96785
v 0.22297 -1.23687 8.96413
v 0.58197 -1.23687 8.92898
v 0.93653 -1.23687 8.86268
v 1.28397 -1.23687 8.76573
v 1.62164 -1.23687 8.63887
v 1.94696 -1.23687 8.48307
v 2.25747 -1.23687 8.29949
v 2.55080 -1.23687 8.08956
v 2.82471 -1.23687 7.85486
v 3.07713 -1.23687 7.59718
v 3.30613 -1.23687 7.31848
v 3.50996 -1.23687 7.02089
v 3.68709 -1.23687 6.70666
v 3.83615 -1.23687 6.37818
v 3.95601 -1.23687 6.03797
v 4.04577 -1.23687 5.68860
v 4.10474 -1.23687 5.33274
v 4.13247 -1.23687 4.97310
v 4.12875 -1.23687 4.61241
v 4.09360 -1.23687 4.25341
v 4.02730 -1.23687 3.89885
v 3.93035 -1.23687 3.55141
v 3.80349 -1.23687 3.21374
v 3.64768 -1.23687 2.88841
v 3.46411 -1.23687 2.57791
v 3.25418 -1.23687 2.28458
v 3.01948 -1.23687 2.01067
v 2.76180 -1.23687 1.75825
v 2.48310 -1.23687 1.52925
v 2.18550 -1.23687 1.32542
v 1.87127 -1.23687 1.14830
v 1.54280 -1.23687 0.99923
v 1.20259 -1.23687 0.87937
v 0.85322 -1.23687 0.78961
v 0.49736 -1.23687 0.73064
v 0.13772 -1.23687 0.70291
v -0.22297 -1.23687 0.70663
v -0.58197 -1.23687 0.74178
v -0.93654 -1.23687 0.80808
v -1.28397 -1.23687 0.90503
v -1.62164 -1.23687 1.03189
v -1.94697 -1.23687 1.18770
v -2.25747 -1.23687 1.37127
v -2.55080 -1.23687 1.58120
v -2.82472 -1.23687 1.81590
v -3.07713 -1.23687 2.07358
v -3.30613 -1.23687 2.35228
v -3.50996 -1.23687 2.64988
v -3.68709 -1.23687 2.96411
v -3.83615 -1.23687 3.29258
v -3.95601 -1.23687 3.63279
v -4.04577 -1.23687 3.98216
v -4.10474 -1.23687 4.33802
v -4.13247 -1.23687 4.69766
v -4.12875 -1.23687 5.05835
v -4.09360 -1.23687 5.41735
v -4.02730 -1.23687 5.77192
v -3.93035 -1.23687 6.11935
v -3.80349 -1.23687 6.45702
v -3.55377 -1.13372 7.15128
v -3.33840 -1.13372 7.45220
v -3.09763 -1.13372 7.73320
v -2.83328 -1.13372 7.99215
v -2.54737 -1.13372 8.22708
v -2.24207 -1.13372 8.43619
v -1.91970 -1.13372 8.61789
v -1.58273 -1.13372 8.77081
v -1.23371 -1.13372 8.89378
v -0.87531 -1.13372 8.98586
v -0.51024 -1.13372 9.04636
v -0.14128 -1.13372 9.07480
v 0.22874 -1.13372 9.07099
v 0.59703 -1.13372 9.03493
v 0.96077 -1.13372 8.96692
v 1.31720 -1.13372 8.86746
v 1.66361 -1.13372 8.73731
v 1.99735 -1.13372 8.57747
v 2.31590 -1.13372 8.38915
v 2.61682 -1.13372 8.17378
v 2.89782 -1.13372 7.93301
v 3.15677 -1.13372 7.66866
v 3.39169 -1.13372 7.38275
v 3.60080 -1.13372 7.07745
v 3.78251 -1.13372 6.75509
v 3.93543 -1.13372 6.41811
v 4.05840 -1.13372 6.06909
v 4.15048 -1.13372 5.71069
v 4.21098 -1.13372 5.34562
v 4.23942 -1.13372 4.97666
v 4.23560 -1.13372 4.60664
v 4.19955 -1.13372 4.23835
v 4.13153 -1.13372 3.87461
v 4.03208 -1.13372 3.51818
v 3.90193 -1.13372 3.17177
v 3.74209 -1.13372 2.83802
v 3.55377 -1.13372 2.51948
v 3.33840 -1.13372 2.21856
v 3.09763 -1.13372 1.93756
v 2.83328 -1.13372 1.67861
v 2.54736 -1.13372 1.44369
v 2.24207 -1.13372 1.23458
v 1.91970 -1.13372 1.05287
v 1.58273 -1.13372 0.89995
v 1.23371 -1.13372 0.77698
v 0.87531 -1.13372 0.68490
v 0.51024 -1.13372 0.62441
v 0.14128 -1.13372 0.59596
v -0.22874 -1.13372 0.59978
v -0.59703 -1.13372 0.63583
v -0.96077 -1.13372 0.70385
v -1.31721 -1.13372 0.80331
v -1.66361 -1.13372 0.93345
v -1.99736 -1.13372 1.09329
v -2.31590 -1.13372 1.28161
v -2.61682 -1.13372 1.49698
v -2.89782 -1.13372 1.73776
v -3.15677 -1.13372 2.00210
v -3.39169 -1.13372 2.28802
v -3.60081 -1.13372 2.59332
v -3.78251 -1.13372 2.91568
v -3.93543 -1.13372 3.25265
v -4.05840 -1.13372 3.60167
v -4.15048 -1.13372 3.96008
v -4.21098 -1.13372 4.32515
v -4.23942 -1.13372 4.69410
v -4.23560 -1.13372 5.06413
v -4.19955 -1.13372 5.43241
v -4.13153 -1.13372 5.79615
v -4.03208 -1.13372 6.15259
v -3.90193 -1.13372 6.49899
v -3.74209 -1.13372 6.83274
v 0.59066 -3.92156 5.20316
v 0.55636 -3.92156 5.25324
v 0.51782 -3.92156 5.30014
v 0.47535 -3.92156 5.34350
v 0.42925 -3.92156 5.38300
v 0.37989 -3.92156 5.41833
v 0.32764 -3.92156 5.44922
v 0.27289 -3.92156 5.47544
v 0.21607 -3.92156 5.49679
v 0.15760 -3.92156 5.51310
v 0.09793 -3.92156 5.52426
v 0.03752 -3.92156 5.53017
v -0.02317 -3.92156 5.53080
v -0.08370 -3.92156 5.52613
v -0.14358 -3.92156 5.51621
v -0.20237 -3.92156 5.50110
v -0.25962 -3.92156 5.48093
v -0.31490 -3.92156 5.45585
v -0.36778 -3.92156 5.42604
v -0.41786 -3.92156 5.39174
v -0.46476 -3.92156 5.35321
v -0.50812 -3.92156 5.31073
v -0.54762 -3.92156 5.26463
v -0.58295 -3.92156 5.21527
v -0.61384 -3.92156 5.16302
v -0.64005 -3.92156 5.10828
v -0.66140 -3.92156 5.05145
v -0.67772 -3.92156 4.99298
v -0.68888 -3.92156 4.93331
v -0.69479 -3.92156 4.87290
v -0.69542 -3.92156 4.81221
v -0.69075 -3.92156 4.75168
v -0.68083 -3.92156 4.69180
v -0.66572 -3.92156 4.63301
v -0.64555 -3.92156 4.57576
v -0.59066 -3.92156 4.46760
v -0.55636 -3.92156 4.41752
v -0.51782 -3.92156 4.37062
v -0.47535 -3.92156 4.32726
v -0.42925 -3.92156 4.28777
v -0.37989 -3.92156 4.25244
v -0.32764 -3.92156 4.22155
v -0.27289 -3.92156 4.19533
v -0.21607 -3.92156 4.17398
v -0.15760 -3.92156 4.15766
v -0.09793 -3.92156 4.14651
v -0.03752 -3.92156 4.14059
v 0.02318 -3.92156 4.13997
v 0.08370 -3.92156 4.14463
v 0.14358 -3.92156 4.15455
v 0.20237 -3.92156 4.16966
v 0.25962 -3.92156 4.18983
v 0.31490 -3.92156 4.21491
v 0.36778 -3.92156 4.24472
v 0.41786 -3.92156 4.27902
v 0.46476 -3.92156 4.31756
v 0.50812 -3.92156 4.36004
v 0.54762 -3.92156 4.40613
v 0.58294 -3.92156 4.45549
v 0.61384 -3.92156 4.50774
v 0.64006 -3.92156 4.56249
v 0.66140 -3.92156 4.61931
v 0.67772 -3.92156 4.67778
v 0.68888 -3.92156 4.73745
v 0.69479 -3.92156 4.79786
v 0.69542 -3.92156 4.85856
v 0.69075 -3.92156 4.91908
v 0.68083 -3.92156 4.97896
v 0.66572 -3.92156 5.03776
v 0.64555 -3.92156 5.09500
v 0.91348 -3.92156 5.29899
v 0.86959 -3.92156 5.37684
v 0.81909 -3.92156 5.45057
v 0.76236 -3.92156 5.51962
v 0.69982 -3.92156 5.58346
v 0.63196 -3.92156 5.64161
v 0.55929 -3.92156 5.69362
v 0.48236 -3.92156 5.73910
v 0.40176 -3.92156 5.77770
v 0.31810 -3.92156 5.80913
v 0.23203 -3.92156 5.83315
v 0.14418 -3.92156 5.84957
v 0.05524 -3.92156 5.85828
v -0.03412 -3.92156 5.85920
v -0.12322 -3.92156 5.85233
v -0.21139 -3.92156 5.83772
v -0.29794 -3.92156 5.81549
v -0.38223 -3.92156 5.78579
v -0.46361 -3.92156 5.74886
v -0.54146 -3.92156 5.70497
v -0.61519 -3.92156 5.65448
v -0.68423 -3.92156 5.59774
v -0.74808 -3.92156 5.53520
v -0.80623 -3.92156 5.46734
v -0.85824 -3.92156 5.39467
v -0.90371 -3.92156 5.31774
v -0.94232 -3.92156 5.23715
v -0.97375 -3.92156 5.15349
v -0.99777 -3.92156 5.06741
v -1.01419 -3.92156 4.97956
v -1.02290 -3.92156 4.89062
v -1.02382 -3.92156 4.80126
v -1.01695 -3.92156 4.71216
v -1.00234 -3.92156 4.62399
v -0.98010 -3.92156 4.53744
v -0.95041 -3.92156 4.45315
v -0.91348 -3.92156 4.37178
v -0.86959 -3.92156 4.29392
v -0.81909 -3.92156 4.22019
v -0.76236 -3.92156 4.15114
v -0.69982 -3.92156 4.08730
v -0.63196 -3.92156 4.02916
v -0.55929 -3.92156 3.97715
v -0.48236 -3.92156 3.93167
v -0.40176 -3.92156 3.89306
v -0.31811 -3.92156 3.86164
v -0.23203 -3.92156 3.83762
v -0.14418 -3.92156 3.82119
v -0.05524 -3.92156 3.81248
v 0.03412 -3.92156 3.81156
v 0.12322 -3.92156 3.81843
v 0.21138 -3.92156 3.83304
v 0.29794 -3.92156 3.85528
v 0.38223 -3.92156 3.88497
v 0.46360 -3.92156 3.92190
v 0.54146 -3.92156 3.96579
v 0.61519 -3.92156 4.01629
v 0.68424 -3.92156 4.07302
v 0.74808 -3.92156 4.13556
v 0.80622 -3.92156 4.20342
v 0.85824 -3.92156 4.27609
v 0.90371 -3.92156 4.35302
v 0.94232 -3.92156 4.43362
v 0.97375 -3.92156 4.51728
v 0.99777 -3.92156 4.60335
v 1.01419 -3.92156 4.69120
v 1.02290 -3.92156 4.78014
v 1.02382 -3.92156 4.86950
v 1.01695 -3.92156 4.95860
v 1.00234 -3.92156 5.04677
v 0.98010 -3.92156 5.13332
v 0.95041 -3.92156 5.21761
v -0.00000 -3.92156 4.83538
v -0.05408 -3.92156 4.80794
v 0.05408 -3.92156 4.86283
v -0.10774 -3.92156 4.78070
v -0.16059 -3.92156 4.75388
v -0.21221 -3.92156 4.72768
v -0.26222 -3.92156 4.70230
v -0.31023 -3.92156 4.67793
v -0.35588 -3.92156 4.65476
v -0.39883 -3.92156 4.63297
v -0.43874 -3.92156 4.61271
v -0.47530 -3.92156 4.59415
v -0.50826 -3.92156 4.57743
v -0.53734 -3.92156 4.56267
v -0.56233 -3.92156 4.54999
v -0.58305 -3.92156 4.53947
v -0.59932 -3.92156 4.53121
v -0.61104 -3.92156 4.52526
v -0.62047 -3.92156 4.52049
v 0.62047 -3.92156 5.15028
v 0.61104 -3.92156 5.14550
v 0.59933 -3.92156 5.13955
v 0.58305 -3.92156 5.13129
v 0.56233 -3.92156 5.12078
v 0.53734 -3.92156 5.10809
v 0.50826 -3.92156 5.09333
v 0.47530 -3.92156 5.07661
v 0.43874 -3.92156 5.05805
v 0.39883 -3.92156 5.03780
v 0.35588 -3.92156 5.01600
v 0.31023 -3.92156 4.99283
v 0.26222 -3.92156 4.96846
v 0.21221 -3.92156 4.94308
v 0.16059 -3.92156 4.91688
v 0.10774 -3.92156 4.89006
v -0.93244 -1.41177 7.15388
v -0.72682 -1.41177 7.22633
v -0.51567 -1.41177 7.28057
v -0.30060 -1.41177 7.31621
v -0.08323 -1.41177 7.33297
v 0.13476 -1.41177 7.33072
v 0.35173 -1.41177 7.30948
v 0.56603 -1.41177 7.26941
v 0.77601 -1.41177 7.21082
v 0.98009 -1.41177 7.13414
v 1.17671 -1.41177 7.03998
v 1.36438 -1.41177 6.92903
v 1.54166 -1.41177 6.80215
v 1.70721 -1.41177 6.66030
v 1.85976 -1.41177 6.50456
v 1.99816 -1.41177 6.33612
v 2.12136 -1.41177 6.15626
v 2.22841 -1.41177 5.96635
v 2.31850 -1.41177 5.76782
v 2.39094 -1.41177 5.56220
v 2.44519 -1.41177 5.35105
v 2.48083 -1.41177 5.13598
v 2.49759 -1.41177 4.91862
v 2.49534 -1.41177 4.70062
v 2.47410 -1.41177 4.48365
v 2.43403 -1.41177 4.26936
v 2.37543 -1.41177 4.05937
v 2.29876 -1.41177 3.85529
v 2.20459 -1.41177 3.65867
v 2.09365 -1.41177 3.47100
v 1.96677 -1.41177 3.29372
v 1.82492 -1.41177 3.12817
v 1.66918 -1.41177 2.97562
v 1.50074 -1.41177 2.83722
v 1.32088 -1.41177 2.71402
v 1.13096 -1.41177 2.60697
v 0.93244 -1.41177 2.51688
v 0.72682 -1.41177 2.44444
v 0.51567 -1.41177 2.39019
v 0.30060 -1.41177 2.35455
v 0.08324 -1.41177 2.33779
v -0.13476 -1.41177 2.34004
v -0.35173 -1.41177 2.36128
v -0.56603 -1.41177 2.40135
v -0.77601 -1.41177 2.45995
v -0.98009 -1.41177 2.53662
v -1.17671 -1.41177 2.63079
v -1.36438 -1.41177 2.74173
v -1.54166 -1.41177 2.86862
v -1.70721 -1.41177 3.01046
v -1.85976 -1.41177 3.16620
v -1.99816 -1.41177 3.33464
v -2.12136 -1.41177 3.51450
v -2.22841 -1.41177 3.70442
v -2.31850 -1.41177 3.90294
v -2.39094 -1.41177 4.10856
v -2.44519 -1.41177 4.31971
v -2.48083 -1.41177 4.53478
v -2.49759 -1.41177 4.75215
v -2.49534 -1.41177 4.97014
v -2.47410 -1.41177 5.18711
v -2.43403 -1.41177 5.40141
v -2.37543 -1.41177 5.61139
v -2.29876 -1.41177 5.81547
v -2.20459 -1.41177 6.01209
v -2.09365 -1.41177 6.19976
v -1.96677 -1.41177 6.37704
v -1.82492 -1.41177 6.54259
v -1.66918 -1.41177 6.69514
v -1.50074 -1.41177 6.83355
v -1.32088 -1.41177 6.95674
v -1.13096 -1.41177 7.06379
v -1.08148 -1.36906 7.52446
v -0.84300 -1.36906 7.60849
v -0.59810 -1.36906 7.67141
v -0.34865 -1.36906 7.71274
v -0.09654 -1.36906 7.73218
v 0.15630 -1.36906 7.72957
v 0.40795 -1.36906 7.70494
v 0.65650 -1.36906 7.65846
v 0.90005 -1.36906 7.59050
v 1.13675 -1.36906 7.50157
v 1.36479 -1.36906 7.39235
v 1.58245 -1.36906 7.26367
v 1.78807 -1.36906 7.11651
v 1.98008 -1.36906 6.95199
v 2.15702 -1.36906 6.77136
v 2.31755 -1.36906 6.57600
v 2.46043 -1.36906 6.36739
v 2.58459 -1.36906 6.14712
v 2.68908 -1.36906 5.91686
v 2.77311 -1.36906 5.67838
v 2.83603 -1.36906 5.43348
v 2.87736 -1.36906 5.18402
v 2.89680 -1.36906 4.93192
v 2.89419 -1.36906 4.67908
v 2.86955 -1.36906 4.42743
v 2.82308 -1.36906 4.17888
v 2.75512 -1.36906 3.93533
v 2.66619 -1.36906 3.69864
v 2.55697 -1.36906 3.47059
v 2.42829 -1.36906 3.25293
v 2.28113 -1.36906 3.04731
v 2.11661 -1.36906 2.85530
v 1.93598 -1.36906 2.67836
v 1.74062 -1.36906 2.51783
v 1.53200 -1.36906 2.37495
v 1.31173 -1.36906 2.25079
v 1.08148 -1.36906 2.14630
v 0.84300 -1.36906 2.06227
v 0.59810 -1.36906 1.99935
v 0.34864 -1.36906 1.95802
v 0.09654 -1.36906 1.93858
v -0.15630 -1.36906 1.94119
v -0.40795 -1.36906 1.96583
v -0.65650 -1.36906 2.01230
v -0.90005 -1.36906 2.08026
v -1.13675 -1.36906 2.16919
v -1.36479 -1.36906 2.27841
v -1.58246 -1.36906 2.40709
v -1.78807 -1.36906 2.55425
v -1.98008 -1.36906 2.71877
v -2.15702 -1.36906 2.89940
v -2.31755 -1.36906 3.09477
v -2.46043 -1.36906 3.30338
v -2.58459 -1.36906 3.52365
v -2.68908 -1.36906 3.75390
v -2.77311 -1.36906 3.99238
v -2.83603 -1.36906 4.23729
v -2.87736 -1.36906 4.48674
v -2.89680 -1.36906 4.73884
v -2.89419 -1.36906 4.99168
v -2.86955 -1.36906 5.24333
v -2.82308 -1.36906 5.49188
v -2.75512 -1.36906 5.73543
v -2.66619 -1.36906 5.97213
v -2.55697 -1.36906 6.20018
v -2.42829 -1.36906 6.41784
v -2.28113 -1.36906 6.62345
v -2.11661 -1.36906 6.81546
v -1.93598 -1.36906 6.99240
v -1.74062 -1.36906 7.15293
v -1.53201 -1.36906 7.29581
v -1.31173 -1.36906 7.41997
v -1.60042 -1.30086 7.98878
v -1.31949 -1.30086 8.11627
v -1.02852 -1.30086 8.21879
v -0.72973 -1.30086 8.29555
v -0.42537 -1.30086 8.34599
v -0.11779 -1.30086 8.36970
v 0.19070 -1.30086 8.36652
v 0.49773 -1.30086 8.33646
v 0.80098 -1.30086 8.27976
v 1.09813 -1.30086 8.19684
v 1.38692 -1.30086 8.08834
v 1.66515 -1.30086 7.95509
v 1.93072 -1.30086 7.79809
v 2.18159 -1.30086 7.61854
v 2.41585 -1.30086 7.41781
v 2.63173 -1.30086 7.19743
v 2.82759 -1.30086 6.95907
v 3.00192 -1.30086 6.70455
v 3.15340 -1.30086 6.43580
v 3.28089 -1.30086 6.15487
v 3.38341 -1.30086 5.86390
v 3.46017 -1.30086 5.56510
v 3.51061 -1.30086 5.26075
v 3.53432 -1.30086 4.95317
v 3.53114 -1.30086 4.64468
v 3.50108 -1.30086 4.33765
v 3.44438 -1.30086 4.03440
v 3.36146 -1.30086 3.73725
v 3.25296 -1.30086 3.44846
v 3.11970 -1.30086 3.17023
v 2.96270 -1.30086 2.90466
v 2.78316 -1.30086 2.65379
v 2.58243 -1.30086 2.41953
v 2.36205 -1.30086 2.20365
v 2.12369 -1.30086 2.00779
v 1.86916 -1.30086 1.83346
v 1.60042 -1.30086 1.68198
v 1.31949 -1.30086 1.55449
v 1.02852 -1.30086 1.45198
v 0.72972 -1.30086 1.37521
v 0.42537 -1.30086 1.32478
v 0.11779 -1.30086 1.30106
v -0.19070 -1.30086 1.30425
v -0.49773 -1.30086 1.33430
v -0.80098 -1.30086 1.39101
v -1.09813 -1.30086 1.47392
v -1.38692 -1.30086 1.58242
v -1.66516 -1.30086 1.71568
v -1.93072 -1.30086 1.87268
v -2.18159 -1.30086 2.05223
v -2.41586 -1.30086 2.25295
v -2.63174 -1.30086 2.47334
v -2.82759 -1.30086 2.71169
v -3.00192 -1.30086 2.96622
v -3.15340 -1.30086 3.23496
v -3.28089 -1.30086 3.51589
v -3.38341 -1.30086 3.80686
v -3.46017 -1.30086 4.10566
v -3.51060 -1.30086 4.41001
v -3.53432 -1.30086 4.71760
v -3.53114 -1.30086 5.02608
v -3.50108 -1.30086 5.33311
v -3.44438 -1.30086 5.63636
v -3.36146 -1.30086 5.93351
v -3.25296 -1.30086 6.22230
v -3.11970 -1.30086 6.50054
v -2.96270 -1.30086 6.76610
v -2.78316 -1.30086 7.01697
v -2.58243 -1.30086 7.25124
v -2.36205 -1.30086 7.46712
v -2.12369 -1.30086 7.66297
v -1.86917 -1.30086 7.83730
v -1.91970 -1.18020 8.61789
v -1.58273 -1.18020 8.77081
v -1.23371 -1.18020 8.89378
v -0.87531 -1.18020 8.98586
v -0.51024 -1.18020 9.04636
v -0.14128 -1.18020 9.07480
v 0.22874 -1.18020 9.07099
v 0.59703 -1.18020 9.03493
v 0.96077 -1.18020 8.96692
v 1.31720 -1.18020 8.86746
v 1.66361 -1.18020 8.73731
v 1.99735 -1.18020 8.57747
v 2.31590 -1.18020 8.38915
v 2.61682 -1.18020 8.17378
v 2.89782 -1.18020 7.93301
v 3.15677 -1.18020 7.66866
v 3.39169 -1.18020 7.38275
v 3.60080 -1.18020 7.07745
v 3.78251 -1.18020 6.75509
v 3.93543 -1.18020 6.41811
v 4.05840 -1.18020 6.06909
v 4.15048 -1.18020 5.71069
v 4.21098 -1.18020 5.34562
v 4.23942 -1.18020 4.97666
v 4.23560 -1.18020 4.60664
v 4.19955 -1.18020 4.23835
v 4.13153 -1.18020 3.87461
v 4.03208 -1.18020 3.51818
v 3.90193 -1.18020 3.17177
v 3.74209 -1.18020 2.83802
v 3.55377 -1.18020 2.51948
v 3.33840 -1.18020 2.21856
v 3.09763 -1.18020 1.93756
v 2.83328 -1.18020 1.67861
v 2.54736 -1.18020 1.44369
v 2.24207 -1.18020 1.23458
v 1.91970 -1.18020 1.05287
v 1.58273 -1.18020 0.89995
v 1.23371 -1.18020 0.77698
v 0.87531 -1.18020 0.68490
v 0.51024 -1.18020 0.62441
v 0.14128 -1.18020 0.59596
v -0.22874 -1.18020 0.59978
v -0.59703 -1.18020 0.63583
v -0.96077 -1.18020 0.70385
v -1.31721 -1.18020 0.80331
v -1.66361 -1.18020 0.93345
v -1.99736 -1.18020 1.09329
v -2.31590 -1.18020 1.28161
v -2.61682 -1.18020 1.49698
v -2.89782 -1.18020 1.73776
v -3.15677 -1.18020 2.00210
v -3.39169 -1.18020 2.28802
v -3.60081 -1.18020 2.59332
v -3.78251 -1.18020 2.91568
v -3.93543 -1.18020 3.25265
v -4.05840 -1.18020 3.60167
v -4.15048 -1.18020 3.96008
v -4.21098 -1.18020 4.32515
v -4.23942 -1.18020 4.69410
v -4.23560 -1.18020 5.06413
v -4.19955 -1.18020 5.43241
v -4.13153 -1.18020 5.79615
v -4.03208 -1.18020 6.15259
v -3.90193 -1.18020 6.49899
v -3.74209 -1.18020 6.83274
v -3.55377 -1.18020 7.15128
v -3.33840 -1.18020 7.45220
v -3.09763 -1.18020 7.73320
v -2.83328 -1.18020 7.99215
v -2.54737 -1.18020 8.22708
v -2.24207 -1.18020 8.43619
# 1545 verticies
vt 0.02378 0.51879
vt 0.01308 0.51881
vt 0.01305 0.49648
vt 0.02376 0.49647
vt 0.02382 0.54110
vt 0.01313 0.54113
vt 0.02389 0.56339
vt 0.01321 0.56343
vt 0.02399 0.58567
vt 0.01331 0.58572
vt 0.02410 0.60794
vt 0.01343 0.60800
vt 0.02424 0.63019
vt 0.01358 0.63026
vt 0.02439 0.65243
vt 0.01374 0.65251
vt 0.02456 0.67465
vt 0.01392 0.67474
vt 0.02475 0.69686
vt 0.01411 0.69696
vt 0.02495 0.71907
vt 0.01431 0.71916
vt 0.02516 0.74126
vt 0.01452 0.74137
vt 0.02539 0.76345
vt 0.01475 0.76357
vt 0.02563 0.78565
vt 0.01500 0.78577
vt 0.02590 0.80784
vt 0.01526 0.80797
vt 0.02617 0.83004
vt 0.01553 0.83017
vt 0.02644 0.85224
vt 0.01580 0.85238
vt 0.02672 0.87445
vt 0.01608 0.87458
vt 0.02699 0.89665
vt 0.01635 0.89678
vt 0.03725 0.87496
vt 0.04795 0.87501
vt 0.04784 0.89733
vt 0.03714 0.89728
vt 0.03736 0.85264
vt 0.04805 0.85269
vt 0.03747 0.83032
vt 0.04816 0.83037
vt 0.03758 0.80801
vt 0.04827 0.80806
vt 0.03769 0.78570
vt 0.04838 0.78575
vt 0.03780 0.76340
vt 0.04848 0.76345
vt 0.03790 0.74111
vt 0.04859 0.74116
vt 0.03799 0.71881
vt 0.04868 0.71885
vt 0.03807 0.69651
vt 0.04876 0.69655
vt 0.03814 0.67420
vt 0.04883 0.67423
vt 0.03820 0.65188
vt 0.04889 0.65191
vt 0.03824 0.62956
vt 0.04894 0.62958
vt 0.03827 0.60724
vt 0.04896 0.60725
vt 0.03828 0.58492
vt 0.04898 0.58492
vt 0.03828 0.56259
vt 0.04898 0.56259
vt 0.03826 0.54026
vt 0.04897 0.54025
vt 0.03824 0.51792
vt 0.04894 0.51790
vt 0.03820 0.49558
vt 0.04891 0.49556
vt 0.03816 0.47323
vt 0.04887 0.47321
vt 0.03811 0.45088
vt 0.04882 0.45086
vt 0.03805 0.42853
vt 0.04876 0.42851
vt 0.03800 0.40619
vt 0.04871 0.40616
vt 0.03794 0.38384
vt 0.04865 0.38382
vt 0.03789 0.36150
vt 0.04860 0.36147
vt 0.03784 0.33915
vt 0.04855 0.33913
vt 0.03780 0.31680
vt 0.04851 0.31678
vt 0.03776 0.29445
vt 0.04847 0.29444
vt 0.03773 0.27211
vt 0.04844 0.27209
vt 0.03771 0.24976
vt 0.04842 0.24975
vt 0.03770 0.22740
vt 0.04841 0.22740
vt 0.03769 0.20505
vt 0.04840 0.20504
vt 0.03769 0.18268
vt 0.04840 0.18268
vt 0.03769 0.16032
vt 0.04841 0.16032
vt 0.03769 0.13795
vt 0.04841 0.13795
vt 0.03769 0.11558
vt 0.04841 0.11559
vt 0.03769 0.09322
vt 0.04841 0.09322
vt 0.02673 0.11523
vt 0.01596 0.11509
vt 0.01624 0.09262
vt 0.02701 0.09275
vt 0.02645 0.13770
vt 0.01568 0.13757
vt 0.02617 0.16017
vt 0.01540 0.16004
vt 0.02590 0.18265
vt 0.01513 0.18252
vt 0.02563 0.20512
vt 0.01486 0.20500
vt 0.02538 0.22759
vt 0.01462 0.22747
vt 0.02514 0.25005
vt 0.01438 0.24994
vt 0.02492 0.27251
vt 0.01416 0.27240
vt 0.02472 0.29495
vt 0.01396 0.29486
vt 0.02452 0.31740
vt 0.01377 0.31731
vt 0.02435 0.33983
vt 0.01360 0.33975
vt 0.02419 0.36224
vt 0.01345 0.36217
vt 0.02406 0.38465
vt 0.01332 0.38459
vt 0.02395 0.40704
vt 0.01322 0.40700
vt 0.02386 0.42942
vt 0.01314 0.42939
vt 0.02380 0.45178
vt 0.01308 0.45176
vt 0.02376 0.47413
vt 0.01305 0.47413
vt 0.58650 0.74676
vt 0.58004 0.74615
vt 0.58098 0.72439
vt 0.58747 0.72444
vt 0.58359 0.76892
vt 0.57722 0.76775
vt 0.57878 0.79074
vt 0.57253 0.78903
vt 0.57210 0.81206
vt 0.56602 0.80982
vt 0.56359 0.83273
vt 0.55773 0.82997
vt 0.55332 0.85258
vt 0.54772 0.84933
vt 0.54136 0.87147
vt 0.53607 0.86775
vt 0.52779 0.88926
vt 0.52285 0.88509
vt 0.51273 0.90579
vt 0.50817 0.90122
vt 0.49628 0.92095
vt 0.49213 0.91600
vt 0.47856 0.93462
vt 0.47485 0.92933
vt 0.45971 0.94668
vt 0.45648 0.94109
vt 0.43987 0.95705
vt 0.43713 0.95120
vt 0.41923 0.96563
vt 0.41698 0.95958
vt 0.39772 0.97241
vt 0.39616 0.96615
vt 0.37601 0.97722
vt 0.37484 0.97087
vt 0.35378 0.98013
vt 0.35319 0.97370
vt 0.33161 0.98108
vt 0.33138 0.97461
vt 0.30899 0.98006
vt 0.30957 0.97361
vt 0.28679 0.97708
vt 0.28793 0.97070
vt 0.26494 0.97216
vt 0.26664 0.96590
vt 0.24362 0.96534
vt 0.24585 0.95926
vt 0.22297 0.95669
vt 0.22573 0.95083
vt 0.20317 0.94628
vt 0.20642 0.94067
vt 0.18435 0.93418
vt 0.18808 0.92887
vt 0.16667 0.92048
vt 0.17084 0.91552
vt 0.15024 0.90531
vt 0.15483 0.90072
vt 0.13519 0.88876
vt 0.14017 0.88459
vt 0.12164 0.87098
vt 0.12696 0.86726
vt 0.10969 0.85209
vt 0.11531 0.84884
vt 0.09942 0.83224
vt 0.10531 0.82949
vt 0.09091 0.81157
vt 0.09702 0.80934
vt 0.08423 0.79024
vt 0.09050 0.78856
vt 0.07942 0.76842
vt 0.08582 0.76728
vt 0.07652 0.74626
vt 0.08299 0.74569
vt 0.07554 0.72393
vt 0.08205 0.72392
vt 0.07651 0.70160
vt 0.08299 0.70216
vt 0.07941 0.67944
vt 0.08581 0.68056
vt 0.08421 0.65761
vt 0.09050 0.65928
vt 0.09090 0.63628
vt 0.09701 0.63849
vt 0.09940 0.61560
vt 0.10530 0.61833
vt 0.10967 0.59574
vt 0.11531 0.59898
vt 0.12163 0.57685
vt 0.12697 0.58056
vt 0.13519 0.55906
vt 0.14019 0.56322
vt 0.15026 0.54252
vt 0.15487 0.54710
vt 0.16672 0.52735
vt 0.17091 0.53233
vt 0.18444 0.51368
vt 0.18818 0.51900
vt 0.20330 0.50161
vt 0.20656 0.50724
vt 0.22314 0.49124
vt 0.22590 0.49713
vt 0.24382 0.48265
vt 0.24605 0.48876
vt 0.26518 0.47590
vt 0.26686 0.48218
vt 0.28705 0.47106
vt 0.28818 0.47746
vt 0.30923 0.46816
vt 0.30982 0.47463
vt 0.33137 0.46720
vt 0.33164 0.47372
vt 0.35403 0.46821
vt 0.35344 0.47472
vt 0.37623 0.47119
vt 0.37508 0.47762
vt 0.39808 0.47611
vt 0.39637 0.48242
vt 0.41941 0.48292
vt 0.41715 0.48905
vt 0.44006 0.49157
vt 0.43728 0.49748
vt 0.45988 0.50199
vt 0.45658 0.50763
vt 0.47870 0.51410
vt 0.47492 0.51943
vt 0.49640 0.52780
vt 0.49216 0.53278
vt 0.51282 0.54299
vt 0.50817 0.54757
vt 0.52787 0.55955
vt 0.52283 0.56370
vt 0.54141 0.57734
vt 0.53604 0.58104
vt 0.55336 0.59624
vt 0.54768 0.59945
vt 0.56363 0.61611
vt 0.55770 0.61881
vt 0.57213 0.63678
vt 0.56599 0.63896
vt 0.57881 0.65812
vt 0.57251 0.65974
vt 0.58362 0.67995
vt 0.57720 0.68102
vt 0.58651 0.70211
vt 0.58003 0.70262
vt 0.76194 0.27424
vt 0.76194 0.28827
vt 0.75473 0.28827
vt 0.75473 0.27424
vt 0.76194 0.30229
vt 0.75473 0.30229
vt 0.76194 0.31629
vt 0.75473 0.31629
vt 0.76194 0.33031
vt 0.75473 0.33031
vt 0.76194 0.34433
vt 0.75473 0.34433
vt 0.76194 0.35836
vt 0.75473 0.35836
vt 0.76194 0.37238
vt 0.75473 0.37238
vt 0.76194 0.38641
vt 0.75473 0.38641
vt 0.76194 0.40045
vt 0.75473 0.40045
vt 0.76194 0.41448
vt 0.75473 0.41448
vt 0.76194 0.42851
vt 0.75473 0.42851
vt 0.76194 0.44251
vt 0.75473 0.44251
vt 0.76194 0.45644
vt 0.75473 0.45644
vt 0.76194 0.47022
vt 0.75473 0.47022
vt 0.76194 0.48366
vt 0.75473 0.48366
vt 0.76194 0.49650
vt 0.75473 0.49650
vt 0.76194 0.50841
vt 0.75473 0.50841
vt 0.76194 0.51980
vt 0.75473 0.51980
vt 0.77484 0.52836
vt 0.77484 0.51682
vt 0.78211 0.51682
vt 0.78211 0.52836
vt 0.77484 0.50473
vt 0.78211 0.50473
vt 0.77484 0.49166
vt 0.78211 0.49166
vt 0.77484 0.47794
vt 0.78211 0.47794
vt 0.77484 0.46385
vt 0.78211 0.46385
vt 0.77484 0.44955
vt 0.78211 0.44955
vt 0.77484 0.43512
vt 0.78211 0.43512
vt 0.77484 0.42060
vt 0.78211 0.42060
vt 0.77484 0.40600
vt 0.78211 0.40600
vt 0.77484 0.39133
vt 0.78211 0.39133
vt 0.77484 0.37659
vt 0.78211 0.37659
vt 0.77484 0.36178
vt 0.78211 0.36178
vt 0.77484 0.34692
vt 0.78211 0.34692
vt 0.77484 0.33202
vt 0.78211 0.33202
vt 0.77484 0.31708
vt 0.78211 0.31708
vt 0.77484 0.30209
vt 0.78211 0.30209
vt 0.77484 0.28707
vt 0.78211 0.28707
vt 0.77484 0.27203
vt 0.78211 0.27203
vt 0.77484 0.25696
vt 0.78211 0.25696
vt 0.77484 0.24194
vt 0.78211 0.24194
vt 0.77484 0.22697
vt 0.78211 0.22697
vt 0.77484 0.21202
vt 0.78211 0.21202
vt 0.77484 0.19711
vt 0.78211 0.19711
vt 0.77484 0.18224
vt 0.78211 0.18224
vt 0.77484 0.16742
vt 0.78211 0.16742
vt 0.77484 0.15267
vt 0.78211 0.15267
vt 0.77484 0.13799
vt 0.78211 0.13799
vt 0.77484 0.12338
vt 0.78211 0.12338
vt 0.77484 0.10885
vt 0.78211 0.10885
vt 0.77484 0.09441
vt 0.78211 0.09441
vt 0.77484 0.08010
vt 0.78211 0.08010
vt 0.77484 0.06601
vt 0.78211 0.06601
vt 0.77484 0.05229
vt 0.78211 0.05229
vt 0.77484 0.03922
vt 0.78211 0.03922
vt 0.77484 0.02714
vt 0.78211 0.02714
vt 0.77484 0.01560
vt 0.78211 0.01560
vt 0.76194 0.02869
vt 0.76194 0.04008
vt 0.75473 0.04008
vt 0.75473 0.02869
vt 0.76194 0.05199
vt 0.75473 0.05199
vt 0.76194 0.06483
vt 0.75473 0.06483
vt 0.76194 0.07827
vt 0.75473 0.07827
vt 0.76194 0.09205
vt 0.75473 0.09205
vt 0.76194 0.10598
vt 0.75473 0.10598
vt 0.76194 0.11998
vt 0.75473 0.11998
vt 0.76194 0.13400
vt 0.75473 0.13400
vt 0.76194 0.14804
vt 0.75473 0.14804
vt 0.76194 0.16207
vt 0.75473 0.16207
vt 0.76194 0.17610
vt 0.75473 0.17610
vt 0.76194 0.19013
vt 0.75473 0.19013
vt 0.76194 0.20415
vt 0.75473 0.20415
vt 0.76194 0.21817
vt 0.75473 0.21817
vt 0.76194 0.23220
vt 0.75473 0.23220
vt 0.76194 0.24620
vt 0.75473 0.24620
vt 0.76194 0.26021
vt 0.75473 0.26021
vt 0.73339 0.28827
vt 0.73339 0.27424
vt 0.73339 0.30229
vt 0.73339 0.31629
vt 0.73339 0.33031
vt 0.73339 0.34433
vt 0.73339 0.35836
vt 0.73339 0.37238
vt 0.73339 0.38641
vt 0.73339 0.40045
vt 0.73339 0.41448
vt 0.73339 0.42851
vt 0.73339 0.44251
vt 0.73339 0.45644
vt 0.73339 0.47022
vt 0.73339 0.48366
vt 0.73339 0.49650
vt 0.73339 0.50841
vt 0.73339 0.51980
vt 0.80361 0.51682
vt 0.80361 0.52836
vt 0.80361 0.50473
vt 0.80361 0.49166
vt 0.80361 0.47794
vt 0.80361 0.46385
vt 0.80361 0.44955
vt 0.80361 0.43512
vt 0.80361 0.42060
vt 0.80361 0.40600
vt 0.80361 0.39133
vt 0.80361 0.37659
vt 0.80361 0.36178
vt 0.80361 0.34692
vt 0.80361 0.33202
vt 0.80361 0.31708
vt 0.80361 0.30209
vt 0.80361 0.28707
vt 0.80361 0.27203
vt 0.80361 0.25696
vt 0.80361 0.24194
vt 0.80361 0.22697
vt 0.80361 0.21202
vt 0.80361 0.19711
vt 0.80361 0.18224
vt 0.80361 0.16742
vt 0.80361 0.15267
vt 0.80361 0.13799
vt 0.80361 0.12338
vt 0.80361 0.10885
vt 0.80361 0.09441
vt 0.80361 0.08010
vt 0.80361 0.06601
vt 0.80361 0.05229
vt 0.80361 0.03922
vt 0.80361 0.02714
vt 0.80361 0.01560
vt 0.73339 0.04008
vt 0.73339 0.02869
vt 0.73339 0.05199
vt 0.73339 0.06483
vt 0.73339 0.07827
vt 0.73339 0.09205
vt 0.73339 0.10598
vt 0.73339 0.11998
vt 0.73339 0.13400
vt 0.73339 0.14804
vt 0.73339 0.16207
vt 0.73339 0.17610
vt 0.73339 0.19013
vt 0.73339 0.20415
vt 0.73339 0.21817
vt 0.73339 0.23220
vt 0.73339 0.24620
vt 0.73339 0.26021
vt 0.72521 0.28827
vt 0.72521 0.27424
vt 0.72521 0.30229
vt 0.72521 0.31629
vt 0.72521 0.33031
vt 0.72521 0.34433
vt 0.72521 0.35836
vt 0.72521 0.37238
vt 0.72521 0.38641
vt 0.72521 0.40045
vt 0.72521 0.41448
vt 0.72521 0.42851
vt 0.72521 0.44251
vt 0.72521 0.45644
vt 0.72521 0.47022
vt 0.72521 0.48366
vt 0.72521 0.49650
vt 0.72521 0.50841
vt 0.72521 0.51980
vt 0.81167 0.51682
vt 0.81167 0.52836
vt 0.81167 0.50473
vt 0.81167 0.49166
vt 0.81167 0.47794
vt 0.81167 0.46385
vt 0.81167 0.44955
vt 0.81167 0.43512
vt 0.81167 0.42060
vt 0.81167 0.40600
vt 0.81167 0.39133
vt 0.81167 0.37659
vt 0.81167 0.36178
vt 0.81167 0.34692
vt 0.81167 0.33202
vt 0.81167 0.31708
vt 0.81167 0.30209
vt 0.81167 0.28707
vt 0.81167 0.27203
vt 0.81167 0.25696
vt 0.81167 0.24194
vt 0.81167 0.22697
vt 0.81167 0.21202
vt 0.81167 0.19711
vt 0.81167 0.18224
vt 0.81167 0.16742
vt 0.81167 0.15267
vt 0.81167 0.13799
vt 0.81167 0.12338
vt 0.81167 0.10885
vt 0.81167 0.09441
vt 0.81167 0.08010
vt 0.81167 0.06601
vt 0.81167 0.05229
vt 0.81167 0.03922
vt 0.81167 0.02714
vt 0.81167 0.01560
vt 0.72521 0.04008
vt 0.72521 0.02869
vt 0.72521 0.05199
vt 0.72521 0.06483
vt 0.72521 0.07827
vt 0.72521 0.09205
vt 0.72521 0.10598
vt 0.72521 0.11998
vt 0.72521 0.13400
vt 0.72521 0.14804
vt 0.72521 0.16207
vt 0.72521 0.17610
vt 0.72521 0.19013
vt 0.72521 0.20415
vt 0.72521 0.21817
vt 0.72521 0.23220
vt 0.72521 0.24620
vt 0.72521 0.26021
vt 0.58415 0.27424
vt 0.58415 0.28827
vt 0.57608 0.28827
vt 0.57608 0.27424
vt 0.58415 0.30229
vt 0.57608 0.30229
vt 0.58415 0.31629
vt 0.57608 0.31629
vt 0.58415 0.33031
vt 0.57608 0.33031
vt 0.58415 0.34433
vt 0.57608 0.34433
vt 0.58415 0.35836
vt 0.57608 0.35836
vt 0.58415 0.37238
vt 0.57608 0.37238
vt 0.58415 0.38641
vt 0.57608 0.38641
vt 0.58415 0.40045
vt 0.57608 0.40045
vt 0.58415 0.41448
vt 0.57608 0.41448
vt 0.58415 0.42851
vt 0.57608 0.42851
vt 0.58415 0.44251
vt 0.57608 0.44251
vt 0.58415 0.45644
vt 0.57608 0.45644
vt 0.58415 0.47022
vt 0.57608 0.47022
vt 0.58415 0.48366
vt 0.57608 0.48366
vt 0.58415 0.49650
vt 0.57608 0.49650
vt 0.58415 0.50841
vt 0.57608 0.50841
vt 0.58415 0.51980
vt 0.57608 0.51980
vt 0.95407 0.52836
vt 0.95407 0.51682
vt 0.96210 0.51682
vt 0.96210 0.52836
vt 0.95407 0.50473
vt 0.96210 0.50473
vt 0.95407 0.49166
vt 0.96210 0.49166
vt 0.95407 0.47794
vt 0.96210 0.47794
vt 0.95407 0.46385
vt 0.96210 0.46385
vt 0.95407 0.44955
vt 0.96210 0.44955
vt 0.95407 0.43512
vt 0.96210 0.43512
vt 0.95407 0.42060
vt 0.96210 0.42060
vt 0.95407 0.40600
vt 0.96210 0.40600
vt 0.95407 0.39133
vt 0.96210 0.39133
vt 0.95407 0.37659
vt 0.96210 0.37659
vt 0.95407 0.36178
vt 0.96210 0.36178
vt 0.95407 0.34692
vt 0.96210 0.34692
vt 0.95407 0.33202
vt 0.96210 0.33202
vt 0.95407 0.31708
vt 0.96210 0.31708
vt 0.95407 0.30209
vt 0.96210 0.30209
vt 0.95407 0.28707
vt 0.96210 0.28707
vt 0.95407 0.27203
vt 0.96210 0.27203
vt 0.95407 0.25696
vt 0.96210 0.25696
vt 0.95407 0.24194
vt 0.96210 0.24194
vt 0.95407 0.22697
vt 0.96210 0.22697
vt 0.95407 0.21202
vt 0.96210 0.21202
vt 0.95407 0.19711
vt 0.96210 0.19711
vt 0.95407 0.18224
vt 0.96210 0.18224
vt 0.95407 0.16742
vt 0.96210 0.16742
vt 0.95407 0.15267
vt 0.96210 0.15267
vt 0.95407 0.13799
vt 0.96210 0.13799
vt 0.95407 0.12338
vt 0.96210 0.12338
vt 0.95407 0.10885
vt 0.96210 0.10885
vt 0.95407 0.09441
vt 0.96210 0.09441
vt 0.95407 0.08010
vt 0.96210 0.08010
vt 0.95407 0.06601
vt 0.96210 0.06601
vt 0.95407 0.05229
vt 0.96210 0.05229
vt 0.95407 0.03922
vt 0.96210 0.03922
vt 0.95407 0.02714
vt 0.96210 0.02714
vt 0.95407 0.01560
vt 0.96210 0.01560
vt 0.58415 0.02869
vt 0.58415 0.04008
vt 0.57608 0.04008
vt 0.57608 0.02869
vt 0.58415 0.05199
vt 0.57608 0.05199
vt 0.58415 0.06483
vt 0.57608 0.06483
vt 0.58415 0.07827
vt 0.57608 0.07827
vt 0.58415 0.09205
vt 0.57608 0.09205
vt 0.58415 0.10598
vt 0.57608 0.10598
vt 0.58415 0.11998
vt 0.57608 0.11998
vt 0.58415 0.13400
vt 0.57608 0.13400
vt 0.58415 0.14804
vt 0.57608 0.14804
vt 0.58415 0.16207
vt 0.57608 0.16207
vt 0.58415 0.17610
vt 0.57608 0.17610
vt 0.58415 0.19013
vt 0.57608 0.19013
vt 0.58415 0.20415
vt 0.57608 0.20415
vt 0.58415 0.21817
vt 0.57608 0.21817
vt 0.58415 0.23220
vt 0.57608 0.23220
vt 0.58415 0.24620
vt 0.57608 0.24620
vt 0.58415 0.26021
vt 0.57608 0.26021
vt 0.57113 0.28827
vt 0.57113 0.27424
vt 0.57113 0.30229
vt 0.57113 0.31629
vt 0.57113 0.33031
vt 0.57113 0.34433
vt 0.57113 0.35836
vt 0.57113 0.37238
vt 0.57113 0.38641
vt 0.57113 0.40045
vt 0.57113 0.41448
vt 0.57113 0.42851
vt 0.57113 0.44251
vt 0.57113 0.45644
vt 0.57113 0.47022
vt 0.57113 0.48366
vt 0.57113 0.49650
vt 0.57113 0.50841
vt 0.57113 0.51980
vt 0.96704 0.51682
vt 0.96704 0.52836
vt 0.96704 0.50473
vt 0.96704 0.49166
vt 0.96704 0.47794
vt 0.96704 0.46385
vt 0.96704 0.44955
vt 0.96704 0.43512
vt 0.96704 0.42060
vt 0.96704 0.40600
vt 0.96704 0.39133
vt 0.96704 0.37659
vt 0.96704 0.36178
vt 0.96704 0.34692
vt 0.96704 0.33202
vt 0.96704 0.31708
vt 0.96704 0.30209
vt 0.96704 0.28707
vt 0.96704 0.27203
vt 0.96704 0.25696
vt 0.96704 0.24194
vt 0.96704 0.22697
vt 0.96704 0.21202
vt 0.96704 0.19711
vt 0.96704 0.18224
vt 0.96704 0.16742
vt 0.96704 0.15267
vt 0.96704 0.13799
vt 0.96704 0.12338
vt 0.96704 0.10885
vt 0.96704 0.09441
vt 0.96704 0.08010
vt 0.96704 0.06601
vt 0.96704 0.05229
vt 0.96704 0.03922
vt 0.96704 0.02714
vt 0.96704 0.01560
vt 0.57113 0.04008
vt 0.57113 0.02869
vt 0.57113 0.05199
vt 0.57113 0.06483
vt 0.57113 0.07827
vt 0.57113 0.09205
vt 0.57113 0.10598
vt 0.57113 0.11998
vt 0.57113 0.13400
vt 0.57113 0.14804
vt 0.57113 0.16207
vt 0.57113 0.17610
vt 0.57113 0.19013
vt 0.57113 0.20415
vt 0.57113 0.21817
vt 0.57113 0.23220
vt 0.57113 0.24620
vt 0.57113 0.26021
vt 0.89576 0.77072
vt 0.89537 0.77985
vt 0.87465 0.77805
vt 0.87497 0.77072
vt 0.89418 0.78891
vt 0.87370 0.78533
vt 0.89222 0.79784
vt 0.87212 0.79250
vt 0.88949 0.80656
vt 0.86993 0.79951
vt 0.88602 0.81502
vt 0.86714 0.80630
vt 0.88183 0.82315
vt 0.86377 0.81282
vt 0.87695 0.83088
vt 0.85985 0.81903
vt 0.87142 0.83816
vt 0.85541 0.82488
vt 0.86528 0.84494
vt 0.85048 0.83032
vt 0.85858 0.85117
vt 0.84509 0.83532
vt 0.85136 0.85679
vt 0.83929 0.83984
vt 0.84368 0.86178
vt 0.83312 0.84383
vt 0.83558 0.86608
vt 0.82663 0.84729
vt 0.82709 0.86969
vt 0.81986 0.85017
vt 0.81853 0.87249
vt 0.81286 0.85246
vt 0.80939 0.87463
vt 0.80569 0.85413
vt 0.80037 0.87592
vt 0.79839 0.85519
vt 0.79059 0.87644
vt 0.79054 0.85561
vt 0.78075 0.87591
vt 0.78269 0.85517
vt 0.77163 0.87461
vt 0.77539 0.85411
vt 0.76267 0.87252
vt 0.76822 0.85244
vt 0.75393 0.86967
vt 0.76121 0.85015
vt 0.74548 0.86609
vt 0.75444 0.84727
vt 0.73739 0.86178
vt 0.74794 0.84382
vt 0.72970 0.85680
vt 0.74177 0.83982
vt 0.72247 0.85117
vt 0.73597 0.83530
vt 0.71571 0.84489
vt 0.73058 0.83030
vt 0.70975 0.83831
vt 0.72564 0.82486
vt 0.70405 0.83081
vt 0.72120 0.81901
vt 0.69922 0.82315
vt 0.71728 0.81280
vt 0.69501 0.81508
vt 0.71391 0.80627
vt 0.69154 0.80662
vt 0.71112 0.79948
vt 0.68881 0.79782
vt 0.70893 0.79247
vt 0.68685 0.78888
vt 0.70735 0.78529
vt 0.68567 0.77981
vt 0.70640 0.77801
vt 0.68527 0.77068
vt 0.70608 0.77068
vt 0.68567 0.76153
vt 0.70640 0.76335
vt 0.68686 0.75247
vt 0.70736 0.75607
vt 0.68883 0.74354
vt 0.70894 0.74890
vt 0.69157 0.73482
vt 0.71113 0.74189
vt 0.69505 0.72636
vt 0.71393 0.73510
vt 0.69924 0.71824
vt 0.71730 0.72858
vt 0.70413 0.71051
vt 0.72122 0.72238
vt 0.70966 0.70323
vt 0.72566 0.71653
vt 0.71580 0.69646
vt 0.73059 0.71109
vt 0.72251 0.69024
vt 0.73598 0.70610
vt 0.72973 0.68463
vt 0.74178 0.70159
vt 0.73740 0.67965
vt 0.74794 0.69759
vt 0.74549 0.67536
vt 0.75443 0.69415
vt 0.75393 0.67177
vt 0.76120 0.69127
vt 0.76266 0.66892
vt 0.76819 0.68898
vt 0.77161 0.66684
vt 0.77536 0.68731
vt 0.78069 0.66554
vt 0.78265 0.68625
vt 0.79052 0.66500
vt 0.79052 0.68582
vt 0.80035 0.66552
vt 0.79840 0.68625
vt 0.80947 0.66683
vt 0.80569 0.68731
vt 0.81842 0.66892
vt 0.81287 0.68899
vt 0.82716 0.67177
vt 0.81986 0.69127
vt 0.83559 0.67536
vt 0.82663 0.69416
vt 0.84368 0.67967
vt 0.83312 0.69761
vt 0.85136 0.68465
vt 0.83929 0.70161
vt 0.85857 0.69027
vt 0.84509 0.70612
vt 0.86528 0.69650
vt 0.85048 0.71112
vt 0.87141 0.70327
vt 0.85541 0.71656
vt 0.87694 0.71056
vt 0.85985 0.72241
vt 0.88182 0.71829
vt 0.86377 0.72862
vt 0.88601 0.72641
vt 0.86714 0.73514
vt 0.88949 0.73487
vt 0.86993 0.74193
vt 0.89222 0.74359
vt 0.87212 0.74894
vt 0.89418 0.75252
vt 0.87370 0.75611
vt 0.89537 0.76158
vt 0.87465 0.76338
vt 0.59829 0.28827
vt 0.59829 0.27424
vt 0.59829 0.30229
vt 0.59829 0.31629
vt 0.59829 0.33031
vt 0.59829 0.34433
vt 0.59829 0.35836
vt 0.59829 0.37238
vt 0.59829 0.38641
vt 0.59829 0.40045
vt 0.59829 0.41448
vt 0.59829 0.42851
vt 0.59829 0.44251
vt 0.59829 0.45644
vt 0.59829 0.47022
vt 0.59829 0.48366
vt 0.59829 0.49650
vt 0.59829 0.50841
vt 0.59829 0.51980
vt 0.93989 0.51682
vt 0.93989 0.52836
vt 0.93989 0.50473
vt 0.93989 0.49166
vt 0.93989 0.47794
vt 0.93989 0.46385
vt 0.93989 0.44955
vt 0.93989 0.43512
vt 0.93989 0.42060
vt 0.93989 0.40600
vt 0.93989 0.39133
vt 0.93989 0.37659
vt 0.93989 0.36178
vt 0.93989 0.34692
vt 0.93989 0.33202
vt 0.93989 0.31708
vt 0.93989 0.30209
vt 0.93989 0.28707
vt 0.93989 0.27203
vt 0.93989 0.25696
vt 0.93989 0.24194
vt 0.93989 0.22697
vt 0.93989 0.21202
vt 0.93989 0.19711
vt 0.93989 0.18224
vt 0.93989 0.16742
vt 0.93989 0.15267
vt 0.93989 0.13799
vt 0.93989 0.12338
vt 0.93989 0.10885
vt 0.93989 0.09441
vt 0.93989 0.08010
vt 0.93989 0.06601
vt 0.93989 0.05229
vt 0.93989 0.03922
vt 0.93989 0.02714
vt 0.93989 0.01560
vt 0.59829 0.04008
vt 0.59829 0.02869
vt 0.59829 0.05199
vt 0.59829 0.06483
vt 0.59829 0.07827
vt 0.59829 0.09205
vt 0.59829 0.10598
vt 0.59829 0.11998
vt 0.59829 0.13400
vt 0.59829 0.14804
vt 0.59829 0.16207
vt 0.59829 0.17610
vt 0.59829 0.19013
vt 0.59829 0.20415
vt 0.59829 0.21817
vt 0.59829 0.23220
vt 0.59829 0.24620
vt 0.59829 0.26021
vt 0.90055 0.77033
vt 0.90017 0.77989
vt 0.89897 0.78936
vt 0.89694 0.79870
vt 0.89412 0.80783
vt 0.89052 0.81668
vt 0.88617 0.82519
vt 0.88110 0.83329
vt 0.87535 0.84093
vt 0.86896 0.84803
vt 0.86197 0.85457
vt 0.85445 0.86048
vt 0.84644 0.86573
vt 0.83799 0.87029
vt 0.82909 0.87422
vt 0.81962 0.87734
vt 0.81051 0.87957
vt 0.80101 0.88126
vt 0.79073 0.88196
vt 0.78047 0.88124
vt 0.77100 0.87964
vt 0.76169 0.87736
vt 0.75259 0.87434
vt 0.74378 0.87059
vt 0.73532 0.86611
vt 0.72729 0.86092
vt 0.71971 0.85506
vt 0.71253 0.84853
vt 0.70589 0.84107
vt 0.70047 0.83380
vt 0.69537 0.82587
vt 0.69094 0.81746
vt 0.68728 0.80860
vt 0.68440 0.79946
vt 0.68232 0.79014
vt 0.68105 0.78067
vt 0.68060 0.77113
vt 0.68097 0.76158
vt 0.68217 0.75210
vt 0.68419 0.74277
vt 0.68700 0.73364
vt 0.69060 0.72479
vt 0.69494 0.71628
vt 0.70001 0.70818
vt 0.70575 0.70054
vt 0.71214 0.69343
vt 0.71912 0.68690
vt 0.72663 0.68099
vt 0.73464 0.67574
vt 0.74307 0.67118
vt 0.75189 0.66734
vt 0.76104 0.66422
vt 0.77044 0.66184
vt 0.78004 0.66018
vt 0.79038 0.65947
vt 0.80064 0.66020
vt 0.81012 0.66180
vt 0.81943 0.66409
vt 0.82852 0.66711
vt 0.83733 0.67086
vt 0.84579 0.67534
vt 0.85383 0.68053
vt 0.86139 0.68638
vt 0.86841 0.69286
vt 0.87485 0.69992
vt 0.88066 0.70752
vt 0.88579 0.71558
vt 0.89020 0.72406
vt 0.89386 0.73288
vt 0.89675 0.74200
vt 0.89883 0.75132
vt 0.90010 0.76079
vt 0.46731 0.73634
vt 0.46783 0.72439
vt 0.47320 0.72439
vt 0.47267 0.73681
vt 0.46576 0.74821
vt 0.47106 0.74913
vt 0.46319 0.75989
vt 0.46839 0.76127
vt 0.45962 0.77130
vt 0.46468 0.77312
vt 0.45508 0.78235
vt 0.45996 0.78461
vt 0.44960 0.79297
vt 0.45427 0.79564
vt 0.44323 0.80307
vt 0.44764 0.80614
vt 0.43600 0.81257
vt 0.44013 0.81601
vt 0.42798 0.82139
vt 0.43179 0.82518
vt 0.41922 0.82948
vt 0.42269 0.83359
vt 0.40979 0.83677
vt 0.41289 0.84117
vt 0.39976 0.84320
vt 0.40246 0.84785
vt 0.38922 0.84872
vt 0.39150 0.85359
vt 0.37823 0.85330
vt 0.38007 0.85834
vt 0.36688 0.85688
vt 0.36827 0.86207
vt 0.35527 0.85946
vt 0.35620 0.86475
vt 0.34347 0.86100
vt 0.34393 0.86635
vt 0.33158 0.86149
vt 0.33156 0.86687
vt 0.31968 0.86094
vt 0.31920 0.86629
vt 0.30788 0.85934
vt 0.30693 0.86463
vt 0.29626 0.85672
vt 0.29485 0.86190
vt 0.28491 0.85308
vt 0.28305 0.85812
vt 0.27392 0.84846
vt 0.27162 0.85332
vt 0.26336 0.84290
vt 0.26065 0.84754
vt 0.25333 0.83643
vt 0.25022 0.84082
vt 0.24389 0.82911
vt 0.24042 0.83321
vt 0.23513 0.82099
vt 0.23131 0.82478
vt 0.22709 0.81214
vt 0.22296 0.81558
vt 0.21985 0.80263
vt 0.21543 0.80569
vt 0.21346 0.79252
vt 0.20879 0.79519
vt 0.20797 0.78189
vt 0.20309 0.78415
vt 0.20342 0.77083
vt 0.19836 0.77266
vt 0.19984 0.75942
vt 0.19464 0.76080
vt 0.19727 0.74774
vt 0.19197 0.74866
vt 0.19572 0.73588
vt 0.19036 0.73634
vt 0.19520 0.72393
vt 0.18982 0.72392
vt 0.19572 0.71197
vt 0.19036 0.71151
vt 0.19727 0.70011
vt 0.19197 0.69919
vt 0.19984 0.68843
vt 0.19464 0.68705
vt 0.20340 0.67702
vt 0.19835 0.67520
vt 0.20794 0.66597
vt 0.20306 0.66371
vt 0.21342 0.65535
vt 0.20876 0.65268
vt 0.21980 0.64526
vt 0.21538 0.64219
vt 0.22703 0.63576
vt 0.22290 0.63232
vt 0.23505 0.62694
vt 0.23124 0.62315
vt 0.24381 0.61885
vt 0.24034 0.61474
vt 0.25324 0.61157
vt 0.25014 0.60717
vt 0.26327 0.60514
vt 0.26057 0.60049
vt 0.27381 0.59961
vt 0.27153 0.59475
vt 0.28480 0.59504
vt 0.28296 0.58999
vt 0.29615 0.59145
vt 0.29475 0.58626
vt 0.30776 0.58888
vt 0.30683 0.58358
vt 0.31956 0.58733
vt 0.31910 0.58198
vt 0.33145 0.58684
vt 0.33146 0.58146
vt 0.34334 0.58739
vt 0.34382 0.58203
vt 0.35514 0.58898
vt 0.35609 0.58369
vt 0.36676 0.59161
vt 0.36817 0.58642
vt 0.37811 0.59524
vt 0.37997 0.59019
vt 0.38910 0.59985
vt 0.39139 0.59499
vt 0.39965 0.60541
vt 0.40236 0.60077
vt 0.40968 0.61188
vt 0.41279 0.60749
vt 0.41912 0.61919
vt 0.42259 0.61509
vt 0.42788 0.62731
vt 0.43170 0.62352
vt 0.43591 0.63615
vt 0.44005 0.63271
vt 0.44315 0.64567
vt 0.44757 0.64260
vt 0.44954 0.65578
vt 0.45420 0.65310
vt 0.45503 0.66641
vt 0.45991 0.66415
vt 0.45958 0.67747
vt 0.46464 0.67564
vt 0.46316 0.68889
vt 0.46836 0.68750
vt 0.46574 0.70058
vt 0.47104 0.69965
vt 0.46730 0.71244
vt 0.47266 0.71197
vt 0.54384 0.74300
vt 0.54464 0.72439
vt 0.54143 0.76148
vt 0.53742 0.77967
vt 0.53186 0.79745
vt 0.52477 0.81469
vt 0.51621 0.83124
vt 0.50625 0.84698
vt 0.49496 0.86181
vt 0.48241 0.87559
vt 0.46871 0.88822
vt 0.45396 0.89960
vt 0.43826 0.90965
vt 0.42175 0.91829
vt 0.40453 0.92544
vt 0.38676 0.93106
vt 0.36856 0.93509
vt 0.35007 0.93750
vt 0.33144 0.93828
vt 0.31282 0.93743
vt 0.29434 0.93494
vt 0.27615 0.93084
vt 0.25839 0.92516
vt 0.24120 0.91795
vt 0.22471 0.90927
vt 0.20903 0.89919
vt 0.19430 0.88777
vt 0.18061 0.87512
vt 0.16808 0.86133
vt 0.15679 0.84651
vt 0.14683 0.83076
vt 0.13827 0.81421
vt 0.13118 0.79698
vt 0.12562 0.77920
vt 0.12161 0.76101
vt 0.11919 0.74254
vt 0.11838 0.72392
vt 0.11919 0.70531
vt 0.12160 0.68683
vt 0.12561 0.66864
vt 0.13118 0.65086
vt 0.13826 0.63363
vt 0.14682 0.61708
vt 0.15678 0.60133
vt 0.16808 0.58652
vt 0.18062 0.57274
vt 0.19432 0.56011
vt 0.20907 0.54873
vt 0.22477 0.53868
vt 0.24128 0.53004
vt 0.25849 0.52289
vt 0.27627 0.51728
vt 0.29446 0.51325
vt 0.31295 0.51083
vt 0.33157 0.51005
vt 0.35020 0.51090
vt 0.36867 0.51339
vt 0.38686 0.51748
vt 0.40461 0.52315
vt 0.42180 0.53036
vt 0.43830 0.53903
vt 0.45397 0.54911
vt 0.46870 0.56052
vt 0.48239 0.57317
vt 0.49492 0.58696
vt 0.50621 0.60179
vt 0.51617 0.61754
vt 0.52473 0.63409
vt 0.53182 0.65132
vt 0.53740 0.66910
vt 0.54141 0.68730
vt 0.54383 0.70577
vt 0.01028 0.51881
vt 0.01025 0.49648
vt 0.01033 0.54113
vt 0.01041 0.56344
vt 0.01051 0.58574
vt 0.01064 0.60802
vt 0.01078 0.63028
vt 0.01095 0.65253
vt 0.01112 0.67476
vt 0.01132 0.69698
vt 0.01152 0.71919
vt 0.01173 0.74139
vt 0.01196 0.76360
vt 0.01221 0.78580
vt 0.01247 0.80800
vt 0.01274 0.83021
vt 0.01301 0.85241
vt 0.01329 0.87461
vt 0.01356 0.89681
vt 0.05075 0.87503
vt 0.05064 0.89735
vt 0.05086 0.85271
vt 0.05097 0.83039
vt 0.05107 0.80807
vt 0.05118 0.78576
vt 0.05128 0.76347
vt 0.05139 0.74117
vt 0.05148 0.71887
vt 0.05156 0.69656
vt 0.05164 0.67424
vt 0.05170 0.65191
vt 0.05174 0.62959
vt 0.05177 0.60725
vt 0.05178 0.58492
vt 0.05178 0.56259
vt 0.05177 0.54024
vt 0.05175 0.51790
vt 0.05172 0.49555
vt 0.05167 0.47320
vt 0.05162 0.45085
vt 0.05157 0.42850
vt 0.05151 0.40615
vt 0.05146 0.38381
vt 0.05140 0.36146
vt 0.05135 0.33912
vt 0.05131 0.31678
vt 0.05128 0.29444
vt 0.05125 0.27209
vt 0.05123 0.24974
vt 0.05122 0.22740
vt 0.05121 0.20504
vt 0.05121 0.18268
vt 0.05121 0.16032
vt 0.05122 0.13795
vt 0.05122 0.11559
vt 0.05122 0.09322
vt 0.01313 0.11506
vt 0.01341 0.09258
vt 0.01285 0.13753
vt 0.01258 0.16001
vt 0.01230 0.18249
vt 0.01204 0.20496
vt 0.01179 0.22744
vt 0.01156 0.24991
vt 0.01134 0.27238
vt 0.01114 0.29484
vt 0.01095 0.31729
vt 0.01079 0.33973
vt 0.01064 0.36216
vt 0.01051 0.38458
vt 0.01040 0.40698
vt 0.01032 0.42938
vt 0.01027 0.45176
vt 0.01024 0.47412
vt 0.85232 0.77072
vt 0.85208 0.77609
vt 0.83237 0.77438
vt 0.83252 0.77072
vt 0.85139 0.78142
vt 0.83189 0.77801
vt 0.85023 0.78668
vt 0.83110 0.78158
vt 0.84862 0.79181
vt 0.83001 0.78508
vt 0.84657 0.79678
vt 0.82861 0.78846
vt 0.84410 0.80156
vt 0.82693 0.79171
vt 0.84123 0.80611
vt 0.82497 0.79481
vt 0.83797 0.81039
vt 0.82275 0.79772
vt 0.83435 0.81438
vt 0.82028 0.80043
vt 0.83040 0.81804
vt 0.81759 0.80292
vt 0.82615 0.82134
vt 0.81469 0.80516
vt 0.82162 0.82427
vt 0.81160 0.80715
vt 0.81686 0.82679
vt 0.80835 0.80886
vt 0.81189 0.82889
vt 0.80497 0.81028
vt 0.80675 0.83056
vt 0.80147 0.81140
vt 0.80149 0.83177
vt 0.79789 0.81222
vt 0.79613 0.83253
vt 0.79424 0.81272
vt 0.79054 0.83281
vt 0.79054 0.81288
vt 0.78494 0.83250
vt 0.78683 0.81268
vt 0.77959 0.83175
vt 0.78318 0.81218
vt 0.77432 0.83053
vt 0.77960 0.81137
vt 0.76918 0.82887
vt 0.77610 0.81024
vt 0.76421 0.82676
vt 0.77271 0.80882
vt 0.75944 0.82424
vt 0.76946 0.80711
vt 0.75492 0.82132
vt 0.76638 0.80513
vt 0.75066 0.81801
vt 0.76348 0.80289
vt 0.74671 0.81435
vt 0.76078 0.80040
vt 0.74309 0.81037
vt 0.75831 0.79769
vt 0.73983 0.80608
vt 0.75609 0.79478
vt 0.73695 0.80153
vt 0.75413 0.79168
vt 0.73448 0.79675
vt 0.75245 0.78843
vt 0.73243 0.79178
vt 0.75105 0.78504
vt 0.73083 0.78664
vt 0.74995 0.78155
vt 0.72967 0.78139
vt 0.74917 0.77797
vt 0.72897 0.77606
vt 0.74869 0.77434
vt 0.72874 0.77068
vt 0.74853 0.77069
vt 0.72897 0.76531
vt 0.74869 0.76703
vt 0.72967 0.75998
vt 0.74917 0.76340
vt 0.73083 0.75473
vt 0.74995 0.75982
vt 0.73244 0.74960
vt 0.75105 0.75633
vt 0.73448 0.74462
vt 0.75244 0.75294
vt 0.73695 0.73984
vt 0.75413 0.74969
vt 0.73983 0.73530
vt 0.75608 0.74660
vt 0.74309 0.73102
vt 0.75831 0.74369
vt 0.74671 0.72703
vt 0.76077 0.74098
vt 0.75066 0.72338
vt 0.76346 0.73849
vt 0.75491 0.72008
vt 0.76636 0.73625
vt 0.75943 0.71715
vt 0.76945 0.73426
vt 0.76420 0.71463
vt 0.77269 0.73255
vt 0.76916 0.71253
vt 0.77608 0.73113
vt 0.77429 0.71087
vt 0.77957 0.73001
vt 0.77956 0.70965
vt 0.78316 0.72919
vt 0.78491 0.70889
vt 0.78680 0.72869
vt 0.79052 0.70861
vt 0.79052 0.72853
vt 0.79614 0.70891
vt 0.79424 0.72872
vt 0.80149 0.70966
vt 0.79789 0.72922
vt 0.80676 0.71088
vt 0.80147 0.73004
vt 0.81189 0.71255
vt 0.80497 0.73116
vt 0.81686 0.71465
vt 0.80835 0.73258
vt 0.82162 0.71717
vt 0.81160 0.73429
vt 0.82615 0.72010
vt 0.81469 0.73627
vt 0.83040 0.72340
vt 0.81759 0.73852
vt 0.83435 0.72706
vt 0.82028 0.74101
vt 0.83797 0.73105
vt 0.82275 0.74372
vt 0.84123 0.73533
vt 0.82497 0.74663
vt 0.84411 0.73988
vt 0.82693 0.74972
vt 0.84657 0.74465
vt 0.82861 0.75298
vt 0.84862 0.74963
vt 0.83001 0.75636
vt 0.85023 0.75476
vt 0.83110 0.75985
vt 0.85139 0.76001
vt 0.83189 0.76343
vt 0.85208 0.76535
vt 0.83237 0.76706
vt 0.78693 0.77068
vt 0.79053 0.77070
vt 0.79413 0.77072
vt 0.78328 0.77068
vt 0.77970 0.77068
vt 0.77619 0.77068
vt 0.77280 0.77068
vt 0.76954 0.77068
vt 0.76645 0.77068
vt 0.76354 0.77068
vt 0.76084 0.77068
vt 0.75836 0.77068
vt 0.75613 0.77068
vt 0.75416 0.77069
vt 0.75247 0.77069
vt 0.75107 0.77069
vt 0.74997 0.77069
vt 0.74917 0.77069
vt 0.83188 0.77072
vt 0.83109 0.77072
vt 0.82999 0.77072
vt 0.82859 0.77072
vt 0.82689 0.77072
vt 0.82493 0.77072
vt 0.82269 0.77072
vt 0.82022 0.77072
vt 0.81751 0.77072
vt 0.81461 0.77072
vt 0.81151 0.77072
vt 0.80826 0.77072
vt 0.80486 0.77072
vt 0.80136 0.77072
vt 0.79777 0.77072
vt 0.48167 0.72439
vt 0.48110 0.73754
vt 0.47940 0.75059
vt 0.47657 0.76345
vt 0.47264 0.77600
vt 0.46764 0.78817
vt 0.46161 0.79986
vt 0.45459 0.81097
vt 0.44663 0.82143
vt 0.43779 0.83115
vt 0.42814 0.84006
vt 0.41775 0.84809
vt 0.40671 0.85517
vt 0.39508 0.86125
vt 0.38297 0.86629
vt 0.37047 0.87024
vt 0.35766 0.87308
vt 0.34465 0.87478
vt 0.33155 0.87532
vt 0.31844 0.87472
vt 0.30543 0.87296
vt 0.29263 0.87007
vt 0.28012 0.86606
vt 0.26801 0.86098
vt 0.25639 0.85485
vt 0.24534 0.84773
vt 0.23495 0.83967
vt 0.22530 0.83074
vt 0.21645 0.82100
vt 0.20848 0.81053
vt 0.20145 0.79941
vt 0.19541 0.78771
vt 0.19040 0.77554
vt 0.18647 0.76298
vt 0.18363 0.75013
vt 0.18193 0.73708
vt 0.18136 0.72392
vt 0.18193 0.71077
vt 0.18363 0.69772
vt 0.18646 0.68487
vt 0.19038 0.67231
vt 0.19538 0.66015
vt 0.20142 0.64846
vt 0.20844 0.63735
vt 0.21640 0.62690
vt 0.22524 0.61718
vt 0.23489 0.60827
vt 0.24528 0.60025
vt 0.25632 0.59317
vt 0.26795 0.58708
vt 0.28006 0.58205
vt 0.29256 0.57809
vt 0.30536 0.57525
vt 0.31837 0.57355
vt 0.33147 0.57300
vt 0.34458 0.57361
vt 0.35758 0.57536
vt 0.37039 0.57825
vt 0.38289 0.58225
vt 0.39500 0.58734
vt 0.40662 0.59346
vt 0.41767 0.60057
vt 0.42806 0.60863
vt 0.43771 0.61756
vt 0.44655 0.62730
vt 0.45452 0.63777
vt 0.46155 0.64889
vt 0.46759 0.66059
vt 0.47260 0.67276
vt 0.47654 0.68532
vt 0.47938 0.69818
vt 0.48109 0.71124
vt 0.50592 0.72439
vt 0.50526 0.73964
vt 0.50328 0.75478
vt 0.50000 0.76969
vt 0.49545 0.78426
vt 0.48964 0.79838
vt 0.48264 0.81194
vt 0.47449 0.82484
vt 0.46524 0.83697
vt 0.45498 0.84826
vt 0.44377 0.85860
vt 0.43170 0.86792
vt 0.41886 0.87615
vt 0.40535 0.88321
vt 0.39128 0.88907
vt 0.37674 0.89366
vt 0.36186 0.89695
vt 0.34674 0.89893
vt 0.33151 0.89957
vt 0.31627 0.89886
vt 0.30116 0.89682
vt 0.28628 0.89347
vt 0.27175 0.88882
vt 0.25769 0.88292
vt 0.24419 0.87580
vt 0.23136 0.86754
vt 0.21929 0.85819
vt 0.20809 0.84783
vt 0.19782 0.83653
vt 0.18858 0.82438
vt 0.18042 0.81148
vt 0.17341 0.79792
vt 0.16760 0.78380
vt 0.16304 0.76923
vt 0.15975 0.75432
vt 0.15777 0.73918
vt 0.15711 0.72392
vt 0.15777 0.70867
vt 0.15975 0.69353
vt 0.16303 0.67862
vt 0.16758 0.66405
vt 0.17339 0.64994
vt 0.18039 0.63638
vt 0.18855 0.62349
vt 0.19779 0.61135
vt 0.20806 0.60007
vt 0.21926 0.58973
vt 0.23133 0.58041
vt 0.24417 0.57219
vt 0.25768 0.56512
vt 0.27175 0.55927
vt 0.28628 0.55468
vt 0.30117 0.55138
vt 0.31628 0.54940
vt 0.33151 0.54876
vt 0.34674 0.54946
vt 0.36185 0.55150
vt 0.37673 0.55485
vt 0.39126 0.55950
vt 0.40532 0.56540
vt 0.41882 0.57250
vt 0.43165 0.58076
vt 0.44371 0.59011
vt 0.45492 0.60047
vt 0.46518 0.61177
vt 0.47442 0.62391
vt 0.48258 0.63682
vt 0.48959 0.65038
vt 0.49541 0.66450
vt 0.49997 0.67908
vt 0.50326 0.69399
vt 0.50525 0.70913
vt 0.59019 0.72447
vt 0.58919 0.74706
vt 0.58622 0.76946
vt 0.58133 0.79153
vt 0.57455 0.81309
vt 0.56592 0.83397
vt 0.55551 0.85403
vt 0.54339 0.87311
vt 0.52966 0.89107
vt 0.51441 0.90776
vt 0.49777 0.92306
vt 0.47985 0.93685
vt 0.46079 0.94901
vt 0.44075 0.95946
vt 0.41991 0.96809
vt 0.39857 0.97483
vt 0.37622 0.97978
vt 0.35377 0.98268
vt 0.33151 0.98368
vt 0.30865 0.98270
vt 0.28622 0.97968
vt 0.26416 0.97470
vt 0.24261 0.96781
vt 0.22176 0.95907
vt 0.20176 0.94854
vt 0.18276 0.93632
vt 0.16489 0.92249
vt 0.14830 0.90717
vt 0.13310 0.89047
vt 0.11941 0.87251
vt 0.10733 0.85343
vt 0.09695 0.83338
vt 0.08835 0.81250
vt 0.08159 0.79096
vt 0.07672 0.76891
vt 0.07378 0.74652
vt 0.07280 0.72396
vt 0.07377 0.70139
vt 0.07669 0.67900
vt 0.08154 0.65693
vt 0.08829 0.63537
vt 0.09689 0.61448
vt 0.10726 0.59440
vt 0.11934 0.57530
vt 0.13304 0.55732
vt 0.14827 0.54060
vt 0.16490 0.52527
vt 0.18281 0.51145
vt 0.20187 0.49924
vt 0.22193 0.48875
vt 0.24283 0.48006
vt 0.26442 0.47324
vt 0.28652 0.46834
vt 0.30893 0.46541
vt 0.33117 0.46437
vt 0.35408 0.46531
vt 0.37653 0.46831
vt 0.39863 0.47327
vt 0.42021 0.48014
vt 0.44110 0.48887
vt 0.46116 0.49939
vt 0.48021 0.51163
vt 0.49812 0.52549
vt 0.51474 0.54085
vt 0.52997 0.55760
vt 0.54367 0.57561
vt 0.55576 0.59474
vt 0.56614 0.61484
vt 0.57474 0.63577
vt 0.58149 0.65736
vt 0.58633 0.67945
vt 0.58924 0.70188
# 1783 texture verticies
vn 0.85649 0.00000 0.51616
vn 0.84111 0.00000 0.54087
vn 0.88505 0.00000 0.46550
vn 0.89822 -0.00000 0.43955
vn 0.80825 0.00000 0.58884
vn 0.79077 0.00000 0.61211
vn 0.75385 0.00000 0.65705
vn 0.73441 0.00000 0.67871
vn 0.69372 0.00000 0.72025
vn 0.67246 0.00000 0.74013
vn 0.62830 0.00000 0.77797
vn 0.60540 0.00000 0.79592
vn 0.55811 0.00000 0.82977
vn 0.53373 0.00000 0.84566
vn 0.48367 0.00000 0.87525
vn 0.45799 0.00000 0.88896
vn 0.40554 0.00000 0.91408
vn 0.37877 0.00000 0.92549
vn 0.32433 0.00000 0.94594
vn 0.29667 0.00000 0.95498
vn 0.24065 0.00000 0.97061
vn 0.21230 0.00000 0.97720
vn 0.15514 0.00000 0.98789
vn 0.12633 0.00000 0.99199
vn 0.06845 0.00000 0.99765
vn 0.03939 0.00000 0.99922
vn -0.01876 0.00000 0.99982
vn -0.04785 -0.00000 0.99885
vn -0.10583 -0.00000 0.99438
vn -0.13472 -0.00000 0.99088
vn -0.19209 -0.00000 0.98138
vn -0.22057 0.00000 0.97537
vn -0.27690 0.00000 0.96090
vn -0.30474 0.00000 0.95244
vn -0.35959 0.00000 0.93311
vn -0.38659 0.00000 0.92225
vn -0.43955 0.00000 0.89822
vn -0.46550 0.00000 0.88505
vn -0.51616 0.00000 0.85649
vn -0.54087 0.00000 0.84111
vn -0.58884 0.00000 0.80825
vn -0.61211 0.00000 0.79077
vn -0.65705 0.00000 0.75385
vn -0.67870 0.00000 0.73441
vn -0.72025 0.00000 0.69372
vn -0.74013 0.00000 0.67246
vn -0.77797 0.00000 0.62830
vn -0.79592 0.00000 0.60540
vn -0.82977 0.00000 0.55811
vn -0.84566 0.00000 0.53372
vn -0.87525 0.00000 0.48366
vn -0.88896 -0.00000 0.45799
vn -0.91408 -0.00000 0.40554
vn -0.92549 -0.00000 0.37877
vn -0.94594 -0.00000 0.32433
vn -0.95498 0.00000 0.29667
vn -0.97061 0.00000 0.24065
vn -0.97720 0.00000 0.21230
vn -0.98789 0.00000 0.15514
vn -0.99199 0.00000 0.12633
vn -0.99765 0.00000 0.06845
vn -0.99922 0.00000 0.03939
vn -0.99982 0.00000 -0.01876
vn -0.99885 0.00000 -0.04785
vn -0.99438 0.00000 -0.10583
vn -0.99088 0.00000 -0.13472
vn -0.98138 0.00000 -0.19209
vn -0.97537 0.00000 -0.22057
vn -0.96090 0.00000 -0.27689
vn -0.95244 0.00000 -0.30474
vn -0.93311 0.00000 -0.35959
vn -0.92225 0.00000 -0.38659
vn -0.89822 0.00000 -0.43955
vn -0.88505 0.00000 -0.46550
vn -0.85649 0.00000 -0.51616
vn -0.84111 0.00000 -0.54087
vn -0.80825 0.00000 -0.58884
vn -0.79077 0.00000 -0.61211
vn -0.75385 0.00000 -0.65704
vn -0.73441 0.00000 -0.67870
vn -0.69372 0.00000 -0.72025
vn -0.67246 0.00000 -0.74013
vn -0.62830 0.00000 -0.77797
vn -0.60540 0.00000 -0.79592
vn -0.55811 0.00000 -0.82977
vn -0.53373 -0.00000 -0.84566
vn -0.48367 0.00000 -0.87525
vn -0.45799 -0.00000 -0.88896
vn -0.40554 0.00000 -0.91408
vn -0.37877 0.00000 -0.92549
vn -0.32433 0.00000 -0.94594
vn -0.29667 0.00000 -0.95498
vn -0.24065 0.00000 -0.97061
vn -0.21230 0.00000 -0.97720
vn -0.15514 0.00000 -0.98789
vn -0.12633 0.00000 -0.99199
vn -0.06845 0.00000 -0.99765
vn -0.03939 0.00000 -0.99922
vn 0.01876 0.00000 -0.99982
vn 0.04785 0.00000 -0.99885
vn 0.10583 0.00000 -0.99438
vn 0.13472 0.00000 -0.99088
vn 0.19209 0.00000 -0.98138
vn 0.22057 0.00000 -0.97537
vn 0.27689 0.00000 -0.96090
vn 0.30474 0.00000 -0.95244
vn 0.35959 0.00000 -0.93311
vn 0.38659 0.00000 -0.92225
vn 0.43955 0.00000 -0.89822
vn 0.46550 0.00000 -0.88505
vn 0.51616 0.00000 -0.85649
vn 0.54087 0.00000 -0.84111
vn 0.58884 0.00000 -0.80825
vn 0.61211 0.00000 -0.79077
vn 0.65704 0.00000 -0.75385
vn 0.67870 0.00000 -0.73441
vn 0.72025 0.00000 -0.69372
vn 0.74013 0.00000 -0.67246
vn 0.77797 0.00000 -0.62830
vn 0.79592 0.00000 -0.60540
vn 0.82977 0.00000 -0.55811
vn 0.84566 -0.00000 -0.53372
vn 0.87525 0.00000 -0.48367
vn 0.88896 -0.00000 -0.45799
vn 0.91408 0.00000 -0.40554
vn 0.92549 0.00000 -0.37877
vn 0.94594 0.00000 -0.32433
vn 0.95498 0.00000 -0.29667
vn 0.97061 0.00000 -0.24065
vn 0.97720 0.00000 -0.21230
vn 0.98789 0.00000 -0.15514
vn 0.99199 0.00000 -0.12633
vn 0.99765 0.00000 -0.06845
vn 0.99922 0.00000 -0.03939
vn 0.99982 0.00000 0.01876
vn 0.99885 0.00000 0.04785
vn 0.99438 0.00000 0.10583
vn 0.99088 0.00000 0.13472
vn 0.98138 0.00000 0.19209
vn 0.97537 0.00000 0.22057
vn 0.96090 0.00000 0.27689
vn 0.95244 -0.00000 0.30474
vn 0.93311 -0.00000 0.35959
vn 0.92225 -0.00000 0.38659
vn 0.09270 -0.99432 0.05225
vn 0.09270 -0.99432 0.05225
vn 0.09270 -0.99432 0.05225
vn 0.08780 -0.99432 0.06013
vn 0.08780 -0.99432 0.06013
vn 0.08780 -0.99432 0.06014
vn 0.08222 -0.99432 0.06756
vn 0.08222 -0.99432 0.06756
vn 0.08222 -0.99432 0.06756
vn 0.07602 -0.99432 0.07447
vn 0.07602 -0.99432 0.07447
vn 0.07602 -0.99432 0.07447
vn 0.06924 -0.99432 0.08081
vn 0.06924 -0.99432 0.08081
vn 0.06924 -0.99432 0.08081
vn 0.06193 -0.99432 0.08654
vn 0.06193 -0.99432 0.08654
vn 0.06193 -0.99432 0.08654
vn 0.05416 -0.99432 0.09160
vn 0.05416 -0.99432 0.09160
vn 0.05416 -0.99432 0.09160
vn 0.04597 -0.99432 0.09598
vn 0.04597 -0.99432 0.09598
vn 0.04597 -0.99432 0.09598
vn 0.03743 -0.99432 0.09962
vn 0.03743 -0.99432 0.09962
vn 0.03743 -0.99432 0.09962
vn 0.02860 -0.99432 0.10250
vn 0.02860 -0.99432 0.10250
vn 0.02860 -0.99432 0.10250
vn 0.01956 -0.99432 0.10460
vn 0.01956 -0.99432 0.10460
vn 0.01956 -0.99432 0.10460
vn 0.01037 -0.99432 0.10591
vn 0.01037 -0.99432 0.10591
vn 0.01037 -0.99432 0.10591
vn 0.00110 -0.99432 0.10641
vn 0.00110 -0.99432 0.10641
vn 0.00110 -0.99432 0.10641
vn -0.00818 -0.99432 0.10610
vn -0.00818 -0.99432 0.10610
vn -0.00818 -0.99432 0.10610
vn -0.01740 -0.99432 0.10498
vn -0.01740 -0.99432 0.10498
vn -0.01740 -0.99432 0.10498
vn -0.02648 -0.99432 0.10307
vn -0.02648 -0.99432 0.10307
vn -0.02648 -0.99432 0.10307
vn -0.03536 -0.99432 0.10037
vn -0.03536 -0.99432 0.10037
vn -0.03536 -0.99432 0.10037
vn -0.04398 -0.99432 0.09690
vn -0.04398 -0.99432 0.09690
vn -0.04398 -0.99432 0.09690
vn -0.05225 -0.99432 0.09270
vn -0.05225 -0.99432 0.09270
vn -0.05225 -0.99432 0.09270
vn -0.06014 -0.99432 0.08780
vn -0.06014 -0.99432 0.08780
vn -0.06014 -0.99432 0.08780
vn -0.06756 -0.99432 0.08222
vn -0.06756 -0.99432 0.08222
vn -0.06756 -0.99432 0.08222
vn -0.07447 -0.99432 0.07602
vn -0.07447 -0.99432 0.07602
vn -0.07447 -0.99432 0.07602
vn -0.08081 -0.99432 0.06924
vn -0.08081 -0.99432 0.06924
vn -0.08081 -0.99432 0.06924
vn -0.08654 -0.99432 0.06193
vn -0.08654 -0.99432 0.06193
vn -0.08654 -0.99432 0.06193
vn -0.09160 -0.99432 0.05416
vn -0.09160 -0.99432 0.05416
vn -0.09160 -0.99432 0.05416
vn -0.09598 -0.99432 0.04597
vn -0.09598 -0.99432 0.04597
vn -0.09598 -0.99432 0.04597
vn -0.09962 -0.99432 0.03743
vn -0.09962 -0.99432 0.03743
vn -0.09962 -0.99432 0.03743
vn -0.10250 -0.99432 0.02860
vn -0.10250 -0.99432 0.02860
vn -0.10250 -0.99432 0.02860
vn -0.10460 -0.99432 0.01956
vn -0.10460 -0.99432 0.01956
vn -0.10460 -0.99432 0.01956
vn -0.10591 -0.99432 0.01037
vn -0.10591 -0.99432 0.01037
vn -0.10591 -0.99432 0.01037
vn -0.10641 -0.99432 0.00110
vn -0.10641 -0.99432 0.00110
vn -0.10641 -0.99432 0.00110
vn -0.10610 -0.99432 -0.00818
vn -0.10610 -0.99432 -0.00818
vn -0.10610 -0.99432 -0.00818
vn -0.10498 -0.99432 -0.01740
vn -0.10498 -0.99432 -0.01740
vn -0.10498 -0.99432 -0.01740
vn -0.10307 -0.99432 -0.02648
vn -0.10307 -0.99432 -0.02648
vn -0.10307 -0.99432 -0.02648
vn -0.10037 -0.99432 -0.03536
vn -0.10037 -0.99432 -0.03536
vn -0.10037 -0.99432 -0.03536
vn -0.09690 -0.99432 -0.04398
vn -0.09690 -0.99432 -0.04398
vn -0.09690 -0.99432 -0.04398
vn -0.09270 -0.99432 -0.05225
vn -0.09270 -0.99432 -0.05225
vn -0.09270 -0.99432 -0.05225
vn -0.08780 -0.99432 -0.06014
vn -0.08780 -0.99432 -0.06014
vn -0.08780 -0.99432 -0.06014
vn -0.08222 -0.99432 -0.06756
vn -0.08222 -0.99432 -0.06756
vn -0.08222 -0.99432 -0.06756
vn -0.07602 -0.99432 -0.07447
vn -0.07602 -0.99432 -0.07447
vn -0.07602 -0.99432 -0.07447
vn -0.06924 -0.99432 -0.08081
vn -0.06924 -0.99432 -0.08081
vn -0.06924 -0.99432 -0.08081
vn -0.06193 -0.99432 -0.08654
vn -0.06193 -0.99432 -0.08654
vn -0.06193 -0.99432 -0.08654
vn -0.05416 -0.99432 -0.09160
vn -0.05416 -0.99432 -0.09160
vn -0.05416 -0.99432 -0.09160
vn -0.04597 -0.99432 -0.09598
vn -0.04597 -0.99432 -0.09598
vn -0.04597 -0.99432 -0.09598
vn -0.03743 -0.99432 -0.09962
vn -0.03743 -0.99432 -0.09962
vn -0.03743 -0.99432 -0.09962
vn -0.02860 -0.99432 -0.10250
vn -0.02860 -0.99432 -0.10250
vn -0.02860 -0.99432 -0.10250
vn -0.01956 -0.99432 -0.10460
vn -0.01956 -0.99432 -0.10460
vn -0.01956 -0.99432 -0.10460
vn -0.01037 -0.99432 -0.10591
vn -0.01037 -0.99432 -0.10591
vn -0.01037 -0.99432 -0.10591
vn -0.00110 -0.99432 -0.10641
vn -0.00110 -0.99432 -0.10641
vn -0.00110 -0.99432 -0.10641
vn 0.00818 -0.99432 -0.10610
vn 0.00818 -0.99432 -0.10610
vn 0.00818 -0.99432 -0.10610
vn 0.01740 -0.99432 -0.10498
vn 0.01740 -0.99432 -0.10498
vn 0.01740 -0.99432 -0.10498
vn 0.02648 -0.99432 -0.10307
vn 0.02648 -0.99432 -0.10307
vn 0.02648 -0.99432 -0.10307
vn 0.03536 -0.99432 -0.10037
vn 0.03536 -0.99432 -0.10037
vn 0.03536 -0.99432 -0.10037
vn 0.04398 -0.99432 -0.09690
vn 0.04398 -0.99432 -0.09690
vn 0.04398 -0.99432 -0.09690
vn 0.05225 -0.99432 -0.09270
vn 0.05225 -0.99432 -0.09270
vn 0.05225 -0.99432 -0.09270
vn 0.06013 -0.99432 -0.08780
vn 0.06013 -0.99432 -0.08780
vn 0.06013 -0.99432 -0.08780
vn 0.06756 -0.99432 -0.08222
vn 0.06756 -0.99432 -0.08222
vn 0.06756 -0.99432 -0.08222
vn 0.07447 -0.99432 -0.07602
vn 0.07447 -0.99432 -0.07602
vn 0.07447 -0.99432 -0.07602
vn 0.08081 -0.99432 -0.06924
vn 0.08081 -0.99432 -0.06924
vn 0.08081 -0.99432 -0.06924
vn 0.08654 -0.99432 -0.06193
vn 0.08654 -0.99432 -0.06193
vn 0.08654 -0.99432 -0.06193
vn 0.09160 -0.99432 -0.05416
vn 0.09160 -0.99432 -0.05416
vn 0.09598 -0.99432 -0.04597
vn 0.09598 -0.99432 -0.04597
vn 0.09598 -0.99432 -0.04597
vn 0.09962 -0.99432 -0.03743
vn 0.09962 -0.99432 -0.03743
vn 0.09962 -0.99432 -0.03743
vn 0.10250 -0.99432 -0.02860
vn 0.10250 -0.99432 -0.02860
vn 0.10250 -0.99432 -0.02860
vn 0.10460 -0.99432 -0.01956
vn 0.10460 -0.99432 -0.01956
vn 0.10460 -0.99432 -0.01956
vn 0.10591 -0.99432 -0.01037
vn 0.10591 -0.99432 -0.01037
vn 0.10591 -0.99432 -0.01037
vn 0.10641 -0.99432 -0.00110
vn 0.10641 -0.99432 -0.00110
vn 0.10641 -0.99432 -0.00110
vn 0.10610 -0.99432 0.00818
vn 0.10610 -0.99432 0.00818
vn 0.10610 -0.99432 0.00818
vn 0.10498 -0.99432 0.01740
vn 0.10498 -0.99432 0.01740
vn 0.10498 -0.99432 0.01740
vn 0.10307 -0.99432 0.02648
vn 0.10307 -0.99432 0.02648
vn 0.10307 -0.99432 0.02648
vn 0.10037 -0.99432 0.03536
vn 0.10037 -0.99432 0.03536
vn 0.10037 -0.99432 0.03536
vn 0.09690 -0.99432 0.04398
vn 0.09690 -0.99432 0.04398
vn 0.09690 -0.99432 0.04398
vn 0.87114 0.00000 0.49104
vn 0.82503 0.00000 0.56509
vn 0.77264 0.00000 0.63485
vn 0.71436 0.00000 0.69977
vn 0.65066 0.00000 0.75937
vn 0.58200 0.00000 0.81319
vn 0.50891 0.00000 0.86082
vn 0.43195 0.00000 0.90190
vn 0.35170 0.00000 0.93611
vn 0.26877 0.00000 0.96320
vn 0.18380 0.00000 0.98296
vn 0.09743 0.00000 0.99524
vn 0.01032 0.00000 0.99995
vn -0.07687 0.00000 0.99704
vn -0.16348 0.00000 0.98655
vn -0.24884 0.00000 0.96855
vn -0.33230 0.00000 0.94317
vn -0.41324 0.00000 0.91062
vn -0.49104 0.00000 0.87114
vn -0.56509 0.00000 0.82503
vn -0.63485 0.00000 0.77264
vn -0.69977 0.00000 0.71437
vn -0.75937 0.00000 0.65066
vn -0.81319 0.00000 0.58200
vn -0.86082 0.00000 0.50891
vn -0.90190 0.00000 0.43195
vn -0.93611 0.00000 0.35170
vn -0.96320 0.00000 0.26877
vn -0.98296 0.00000 0.18380
vn -0.99524 0.00000 0.09743
vn -0.99995 0.00000 0.01032
vn -0.99704 0.00000 -0.07687
vn -0.98655 0.00000 -0.16348
vn -0.96854 0.00000 -0.24884
vn -0.94317 0.00000 -0.33230
vn -0.91062 0.00000 -0.41324
vn -0.87114 0.00000 -0.49104
vn -0.82503 0.00000 -0.56509
vn -0.77264 0.00000 -0.63485
vn -0.71437 0.00000 -0.69977
vn -0.65066 0.00000 -0.75937
vn -0.58200 0.00000 -0.81319
vn -0.50891 0.00000 -0.86082
vn -0.43195 0.00000 -0.90190
vn -0.35170 0.00000 -0.93611
vn -0.26877 0.00000 -0.96320
vn -0.18380 0.00000 -0.98296
vn -0.09743 0.00000 -0.99524
vn -0.01032 0.00000 -0.99995
vn 0.07687 0.00000 -0.99704
vn 0.16347 0.00000 -0.98655
vn 0.24884 0.00000 -0.96854
vn 0.33230 0.00000 -0.94317
vn 0.41324 0.00000 -0.91062
vn 0.49104 0.00000 -0.87114
vn 0.56509 0.00000 -0.82503
vn 0.63485 0.00000 -0.77264
vn 0.69977 0.00000 -0.71437
vn 0.75937 0.00000 -0.65066
vn 0.81319 0.00000 -0.58200
vn 0.86082 0.00000 -0.50891
vn 0.90190 0.00000 -0.43195
vn 0.93611 0.00000 -0.35170
vn 0.96320 0.00000 -0.26877
vn 0.98296 0.00000 -0.18380
vn 0.99524 0.00000 -0.09743
vn 0.99995 0.00000 -0.01032
vn 0.99704 0.00000 0.07687
vn 0.98655 0.00000 0.16348
vn 0.96854 0.00000 0.24884
vn 0.94317 0.00000 0.33230
vn 0.91062 0.00000 0.41324
vn 0.00000 -1.00000 0.00000
vn 0.00000 -1.00000 -0.00000
vn 0.00000 -1.00000 -0.00000
vn 0.00000 -1.00000 -0.00000
vn -0.00000 -1.00000 -0.00000
vn 0.00000 -1.00000 -0.00000
vn 0.00000 -1.00000 -0.00000
vn 0.00000 -1.00000 -0.00000
vn -0.00000 -1.00000 -0.00000
vn 0.00000 -1.00000 -0.00000
vn -0.00000 -1.00000 -0.00000
vn 0.00000 -1.00000 -0.00000
vn 0.00000 -1.00000 -0.00000
vn -0.00000 -1.00000 -0.00000
vn 0.00000 -1.00000 -0.00000
vn -0.00000 -1.00000 -0.00000
vn 0.00000 -1.00000 -0.00000
vn 0.00000 -1.00000 -0.00000
vn -0.00000 -1.00000 -0.00000
vn 0.00000 -1.00000 -0.00000
vn -0.00000 -1.00000 -0.00000
vn 0.00000 -1.00000 -0.00000
vn 0.00000 -1.00000 -0.00000
vn 0.00000 -1.00000 -0.00000
vn 0.00000 -1.00000 0.00000
vn -0.00000 -1.00000 -0.00000
vn 0.00000 -1.00000 0.00000
vn 0.00000 -1.00000 -0.00000
vn 0.00000 -1.00000 -0.00000
vn 0.00000 -1.00000 -0.00000
vn 0.00000 -1.00000 -0.00000
vn 0.00000 -1.00000 -0.00000
vn 0.00000 -1.00000 -0.00000
vn -0.00000 -1.00000 -0.00000
vn 0.00000 -1.00000 -0.00000
vn 0.00000 -1.00000 -0.00000
vn 0.00000 -1.00000 -0.00000
vn -0.00000 -1.00000 -0.00000
vn 0.00000 -1.00000 -0.00000
vn -0.00000 -1.00000 -0.00000
vn 0.00000 -1.00000 -0.00000
vn 0.00000 -1.00000 -0.00000
vn -0.00000 -1.00000 -0.00000
vn 0.00000 -1.00000 -0.00000
vn -0.00000 -1.00000 -0.00000
vn 0.00000 -1.00000 -0.00000
vn 0.00000 -1.00000 -0.00000
vn -0.00000 -1.00000 -0.00000
vn 0.00000 -1.00000 -0.00000
vn -0.00000 -1.00000 -0.00000
vn 0.00000 -1.00000 -0.00000
vn 0.00000 -1.00000 -0.00000
vn 0.00000 -1.00000 -0.00000
vn 0.00000 -1.00000 0.00000
vn -0.00000 -1.00000 -0.00000
vn 0.00000 -1.00000 0.00000
vn 0.00000 -1.00000 -0.00000
vn 0.00000 -1.00000 -0.00000
vn 0.00000 -1.00000 -0.00000
vn 0.92772 -0.04270 -0.37082
vn 0.92692 -0.04726 -0.37228
vn 0.92850 -0.03813 -0.36936
vn 0.07657 -0.04270 0.99615
vn 0.07822 -0.03813 0.99621
vn 0.07491 -0.04726 0.99607
vn 0.97802 -0.04270 -0.20409
vn 0.97748 -0.04726 -0.20566
vn 0.97854 -0.03813 -0.20252
vn -0.09758 -0.04270 0.99431
vn -0.09596 -0.03813 0.99465
vn -0.09920 -0.04726 0.99394
vn 0.99860 -0.04270 -0.03116
vn 0.99834 -0.04726 -0.03280
vn 0.99884 -0.03813 -0.02952
vn -0.26876 -0.04270 0.96226
vn -0.26722 -0.03813 0.96288
vn -0.27028 -0.04726 0.96162
vn 0.98884 -0.04270 0.14271
vn 0.98887 -0.04726 0.14106
vn 0.98879 -0.03813 0.14437
vn -0.43177 -0.04270 0.90097
vn -0.43036 -0.03813 0.90185
vn -0.43316 -0.04726 0.90008
vn 0.94904 -0.04270 0.31226
vn 0.94936 -0.04726 0.31063
vn 0.94870 -0.03813 0.31388
vn -0.58166 -0.04270 0.81231
vn -0.58043 -0.03813 0.81342
vn -0.58288 -0.04726 0.81118
vn 0.88039 -0.04270 0.47232
vn 0.88099 -0.04726 0.47077
vn 0.87978 -0.03813 0.47385
vn -0.71388 -0.04270 0.69896
vn -0.71286 -0.03813 0.70027
vn -0.71488 -0.04726 0.69764
vn 0.78501 -0.04270 0.61801
vn 0.78586 -0.04726 0.61659
vn 0.78413 -0.03813 0.61942
vn -0.82441 -0.04270 0.56438
vn -0.82363 -0.03813 0.56584
vn -0.82517 -0.04726 0.56291
vn 0.66576 -0.04270 0.74494
vn 0.66685 -0.04726 0.74369
vn 0.66465 -0.03813 0.74618
vn -0.90989 -0.04270 0.41265
vn -0.90938 -0.03813 0.41422
vn -0.91038 -0.04726 0.41106
vn 0.52629 -0.04270 0.84923
vn 0.52758 -0.04726 0.84819
vn 0.52499 -0.03813 0.85026
vn -0.96772 -0.04270 0.24838
vn -0.96749 -0.03813 0.25002
vn -0.96793 -0.04726 0.24673
vn 0.37082 -0.04270 0.92772
vn 0.37227 -0.04726 0.92692
vn 0.36936 -0.03813 0.92850
vn -0.99615 -0.04270 0.07656
vn -0.99621 -0.03813 0.07822
vn -0.99607 -0.04726 0.07490
vn 0.20409 -0.04270 0.97802
vn 0.20566 -0.04726 0.97748
vn 0.20252 -0.03813 0.97854
vn -0.99431 -0.04270 -0.09758
vn -0.99465 -0.03813 -0.09596
vn -0.99395 -0.04726 -0.09919
vn 0.03117 -0.04270 0.99860
vn 0.03280 -0.04726 0.99834
vn 0.02953 -0.03813 0.99884
vn -0.96226 -0.04270 -0.26876
vn -0.96288 -0.03813 -0.26722
vn -0.96162 -0.04726 -0.27029
vn -0.14272 -0.04270 0.98884
vn -0.14106 -0.04726 0.98887
vn -0.14437 -0.03813 0.98879
vn -0.90097 -0.04270 -0.43177
vn -0.90185 -0.03813 -0.43036
vn -0.90008 -0.04726 -0.43316
vn -0.31226 -0.04270 0.94904
vn -0.31063 -0.04726 0.94935
vn -0.31388 -0.03813 0.94870
vn -0.81231 -0.04270 -0.58166
vn -0.81342 -0.03813 -0.58043
vn -0.81118 -0.04726 -0.58288
vn -0.47232 -0.04270 0.88039
vn -0.47077 -0.04726 0.88099
vn -0.47385 -0.03813 0.87978
vn -0.69896 -0.04270 -0.71388
vn -0.70027 -0.03813 -0.71286
vn -0.69764 -0.04726 -0.71489
vn -0.61802 -0.04270 0.78500
vn -0.61660 -0.04726 0.78586
vn -0.61942 -0.03813 0.78413
vn -0.56438 -0.04270 -0.82441
vn -0.56584 -0.03813 -0.82363
vn -0.56291 -0.04726 -0.82517
vn -0.74494 -0.04270 0.66576
vn -0.74369 -0.04726 0.66685
vn -0.74617 -0.03813 0.66466
vn -0.41265 -0.04270 -0.90989
vn -0.41423 -0.03813 -0.90937
vn -0.41107 -0.04726 -0.91038
vn -0.84923 -0.04270 0.52629
vn -0.84819 -0.04726 0.52758
vn -0.85026 -0.03813 0.52499
vn -0.24837 -0.04270 -0.96772
vn -0.25001 -0.03813 -0.96749
vn -0.24673 -0.04726 -0.96793
vn -0.92772 -0.04270 0.37082
vn -0.92692 -0.04726 0.37227
vn -0.92850 -0.03813 0.36936
vn -0.07657 -0.04270 -0.99615
vn -0.07822 -0.03813 -0.99621
vn -0.07491 -0.04726 -0.99607
vn -0.97802 -0.04270 0.20409
vn -0.97748 -0.04726 0.20566
vn -0.97854 -0.03814 0.20252
vn 0.09758 -0.04270 -0.99431
vn 0.09596 -0.03813 -0.99465
vn 0.09920 -0.04726 -0.99394
vn -0.99860 -0.04270 0.03117
vn -0.99834 -0.04726 0.03281
vn -0.99884 -0.03813 0.02953
vn 0.26875 -0.04270 -0.96226
vn 0.26722 -0.03813 -0.96288
vn 0.27028 -0.04726 -0.96162
vn -0.98884 -0.04270 -0.14272
vn -0.98887 -0.04726 -0.14106
vn -0.98879 -0.03813 -0.14437
vn 0.43177 -0.04270 -0.90097
vn 0.43037 -0.03813 -0.90185
vn 0.43317 -0.04726 -0.90007
vn -0.94904 -0.04270 -0.31226
vn -0.94936 -0.04726 -0.31063
vn -0.94870 -0.03813 -0.31388
vn 0.58166 -0.04270 -0.81231
vn 0.58043 -0.03813 -0.81342
vn 0.58288 -0.04726 -0.81118
vn -0.88040 -0.04270 -0.47231
vn -0.88099 -0.04726 -0.47076
vn -0.87978 -0.03813 -0.47385
vn 0.71388 -0.04270 -0.69897
vn 0.71286 -0.03813 -0.70027
vn 0.71488 -0.04726 -0.69765
vn -0.78500 -0.04270 -0.61802
vn -0.78586 -0.04726 -0.61660
vn -0.78413 -0.03813 -0.61942
vn 0.82441 -0.04270 -0.56438
vn 0.82363 -0.03813 -0.56584
vn 0.82517 -0.04726 -0.56290
vn -0.66576 -0.04270 -0.74494
vn -0.66685 -0.04726 -0.74369
vn -0.66466 -0.03813 -0.74617
vn 0.90989 -0.04270 -0.41265
vn 0.90937 -0.03813 -0.41423
vn 0.91038 -0.04726 -0.41107
vn -0.52629 -0.04270 -0.84923
vn -0.52758 -0.04726 -0.84819
vn -0.52499 -0.03813 -0.85026
vn 0.96772 -0.04270 -0.24837
vn 0.96749 -0.03813 -0.25001
vn 0.96793 -0.04726 -0.24673
vn -0.37082 -0.04270 -0.92772
vn -0.37227 -0.04726 -0.92692
vn -0.36936 -0.03813 -0.92850
vn 0.99615 -0.04270 -0.07657
vn 0.99621 -0.03813 -0.07822
vn 0.99607 -0.04726 -0.07491
vn -0.20409 -0.04270 -0.97802
vn -0.20566 -0.04726 -0.97748
vn -0.20252 -0.03813 -0.97854
vn 0.99431 -0.04270 0.09758
vn 0.99465 -0.03813 0.09596
vn 0.99394 -0.04726 0.09920
vn -0.03116 -0.04270 -0.99860
vn -0.03280 -0.04726 -0.99834
vn -0.02952 -0.03813 -0.99884
vn 0.96226 -0.04270 0.26876
vn 0.96288 -0.03813 0.26722
vn 0.96162 -0.04726 0.27029
vn 0.14272 -0.04270 -0.98884
vn 0.14106 -0.04726 -0.98887
vn 0.14437 -0.03813 -0.98879
vn 0.90097 -0.04270 0.43177
vn 0.90185 -0.03813 0.43037
vn 0.90007 -0.04726 0.43316
vn 0.31225 -0.04270 -0.94904
vn 0.31063 -0.04726 -0.94936
vn 0.31387 -0.03813 -0.94870
vn 0.81231 -0.04270 0.58166
vn 0.81342 -0.03813 0.58043
vn 0.81118 -0.04726 0.58288
vn 0.47231 -0.04270 -0.88040
vn 0.47077 -0.04726 -0.88099
vn 0.47385 -0.03813 -0.87978
vn 0.69897 -0.04270 0.71388
vn 0.70027 -0.03813 0.71286
vn 0.69765 -0.04726 0.71488
vn 0.61801 -0.04270 -0.78501
vn 0.61659 -0.04726 -0.78586
vn 0.61942 -0.03813 -0.78413
vn 0.56438 -0.04270 0.82441
vn 0.56584 -0.03813 0.82363
vn 0.56290 -0.04726 0.82517
vn 0.74494 -0.04270 -0.66576
vn 0.74369 -0.04726 -0.66685
vn 0.74618 -0.03813 -0.66466
vn 0.41265 -0.04270 0.90989
vn 0.41423 -0.03813 0.90937
vn 0.41107 -0.04726 0.91038
vn 0.84923 -0.04270 -0.52629
vn 0.84819 -0.04726 -0.52758
vn 0.85025 -0.03813 -0.52499
vn 0.24838 -0.04270 0.96772
vn 0.25002 -0.03813 0.96749
vn 0.24674 -0.04726 0.96793
vn 0.87114 -0.00000 0.49104
vn 0.87114 -0.00000 0.49104
vn 0.87114 -0.00000 0.49104
vn 0.82503 -0.00000 0.56509
vn 0.82503 0.00000 0.56509
vn 0.82503 -0.00000 0.56509
vn 0.77264 -0.00000 0.63485
vn 0.77264 -0.00000 0.63485
vn 0.77264 0.00000 0.63485
vn 0.71436 -0.00000 0.69977
vn 0.71436 -0.00000 0.69977
vn 0.71436 -0.00000 0.69977
vn 0.65066 -0.00000 0.75937
vn 0.65066 0.00000 0.75937
vn 0.65066 -0.00000 0.75937
vn 0.58200 0.00000 0.81319
vn 0.50891 -0.00000 0.86082
vn 0.50891 -0.00000 0.86082
vn 0.50891 0.00000 0.86082
vn 0.43195 -0.00000 0.90190
vn 0.35170 -0.00000 0.93611
vn 0.35170 0.00000 0.93611
vn 0.35170 -0.00000 0.93611
vn 0.26877 0.00000 0.96320
vn 0.18380 -0.00000 0.98296
vn 0.18380 -0.00000 0.98296
vn 0.18380 0.00000 0.98296
vn 0.09743 -0.00000 0.99524
vn 0.09743 0.00000 0.99524
vn 0.09743 -0.00000 0.99524
vn 0.01032 0.00000 0.99995
vn -0.07687 0.00000 0.99704
vn -0.16347 0.00000 0.98655
vn -0.16347 0.00000 0.98655
vn -0.16347 0.00000 0.98655
vn -0.24884 0.00000 0.96855
vn -0.33230 -0.00000 0.94317
vn -0.33231 -0.00000 0.94317
vn -0.33230 0.00000 0.94317
vn -0.41325 -0.00000 0.91062
vn -0.41325 0.00000 0.91062
vn -0.41325 -0.00000 0.91062
vn -0.49104 -0.00000 0.87114
vn -0.49104 -0.00000 0.87114
vn -0.49103 0.00000 0.87114
vn -0.56509 -0.00000 0.82503
vn -0.56509 0.00000 0.82503
vn -0.56509 -0.00000 0.82503
vn -0.63485 -0.00000 0.77263
vn -0.63485 -0.00000 0.77263
vn -0.63485 0.00000 0.77263
vn -0.69977 -0.00000 0.71437
vn -0.75937 -0.00000 0.65066
vn -0.75937 0.00000 0.65066
vn -0.75937 -0.00000 0.65066
vn -0.81319 -0.00000 0.58200
vn -0.81319 -0.00000 0.58200
vn -0.81319 0.00000 0.58200
vn -0.86082 -0.00000 0.50891
vn -0.86082 0.00000 0.50891
vn -0.86082 -0.00000 0.50891
vn -0.90190 0.00000 0.43195
vn -0.93611 -0.00000 0.35170
vn -0.93611 -0.00000 0.35170
vn -0.93611 0.00000 0.35170
vn -0.96320 -0.00000 0.26877
vn -0.96320 -0.00000 0.26877
vn -0.96320 -0.00000 0.26877
vn -0.98296 -0.00000 0.18380
vn -0.98296 0.00000 0.18380
vn -0.98296 -0.00000 0.18380
vn -0.99524 0.00000 0.09743
vn -0.99995 0.00000 0.01032
vn -0.99704 0.00000 -0.07687
vn -0.98655 0.00000 -0.16347
vn -0.98655 0.00000 -0.16347
vn -0.98655 0.00000 -0.16347
vn -0.96855 -0.00000 -0.24884
vn -0.96854 -0.00000 -0.24884
vn -0.96855 0.00000 -0.24884
vn -0.94317 -0.00000 -0.33230
vn -0.94317 0.00000 -0.33230
vn -0.94317 -0.00000 -0.33230
vn -0.91062 0.00000 -0.41325
vn -0.91062 0.00000 -0.41325
vn -0.91062 0.00000 -0.41325
vn -0.87114 0.00000 -0.49104
vn -0.82503 0.00000 -0.56509
vn -0.77264 -0.00000 -0.63485
vn -0.77263 -0.00000 -0.63485
vn -0.77264 0.00000 -0.63485
vn -0.71437 -0.00000 -0.69977
vn -0.71437 0.00000 -0.69977
vn -0.71437 -0.00000 -0.69977
vn -0.65066 0.00000 -0.75937
vn -0.58200 0.00000 -0.81319
vn -0.50891 0.00000 -0.86082
vn -0.43195 0.00000 -0.90190
vn -0.35170 -0.00000 -0.93611
vn -0.35170 -0.00000 -0.93611
vn -0.35170 0.00000 -0.93611
vn -0.26877 -0.00000 -0.96320
vn -0.26877 -0.00000 -0.96320
vn -0.26877 -0.00000 -0.96320
vn -0.18380 -0.00000 -0.98296
vn -0.18380 -0.00000 -0.98296
vn -0.18380 -0.00000 -0.98296
vn -0.09743 -0.00000 -0.99524
vn -0.09743 -0.00000 -0.99524
vn -0.09743 -0.00000 -0.99524
vn -0.01032 -0.00000 -0.99995
vn -0.01032 0.00000 -0.99995
vn -0.01032 -0.00000 -0.99995
vn 0.07687 0.00000 -0.99704
vn 0.16348 0.00000 -0.98655
vn 0.24884 0.00000 -0.96855
vn 0.33230 -0.00000 -0.94317
vn 0.33230 -0.00000 -0.94317
vn 0.33230 0.00000 -0.94317
vn 0.41325 -0.00000 -0.91062
vn 0.41324 0.00000 -0.91062
vn 0.41325 -0.00000 -0.91062
vn 0.49104 0.00000 -0.87114
vn 0.56509 -0.00000 -0.82503
vn 0.56509 -0.00000 -0.82503
vn 0.56509 0.00000 -0.82503
vn 0.63485 -0.00000 -0.77264
vn 0.63485 -0.00000 -0.77264
vn 0.63485 -0.00000 -0.77264
vn 0.69977 -0.00000 -0.71437
vn 0.69977 0.00000 -0.71437
vn 0.69977 -0.00000 -0.71437
vn 0.75937 0.00000 -0.65066
vn 0.81319 -0.00000 -0.58200
vn 0.81319 -0.00000 -0.58200
vn 0.81319 0.00000 -0.58200
vn 0.86082 -0.00000 -0.50891
vn 0.86082 0.00000 -0.50891
vn 0.86082 -0.00000 -0.50891
vn 0.90190 0.00000 -0.43195
vn 0.93611 -0.00000 -0.35170
vn 0.93611 -0.00000 -0.35170
vn 0.93611 0.00000 -0.35170
vn 0.96320 -0.00000 -0.26877
vn 0.96320 0.00000 -0.26877
vn 0.96320 -0.00000 -0.26877
vn 0.98296 -0.00000 -0.18380
vn 0.98296 -0.00000 -0.18380
vn 0.98296 0.00000 -0.18380
vn 0.99524 -0.00000 -0.09743
vn 0.99524 0.00000 -0.09743
vn 0.99524 -0.00000 -0.09743
vn 0.99995 -0.00000 -0.01032
vn 0.99995 -0.00000 -0.01032
vn 0.99995 0.00000 -0.01032
vn 0.99704 0.00000 0.07687
vn 0.99704 0.00000 0.07687
vn 0.99704 0.00000 0.07687
vn 0.98655 0.00000 0.16348
vn 0.96855 0.00000 0.24884
vn 0.96855 0.00000 0.24884
vn 0.96855 0.00000 0.24884
vn 0.94317 0.00000 0.33230
vn 0.94317 0.00000 0.33230
vn 0.94317 0.00000 0.33230
vn 0.91062 -0.00000 0.41325
vn 0.91062 -0.00000 0.41325
vn 0.91062 0.00000 0.41325
vn 0.20565 -0.97173 0.11592
vn 0.20565 -0.97173 0.11592
vn 0.20565 -0.97173 0.11592
vn 0.19477 -0.97173 0.13340
vn 0.19477 -0.97173 0.13340
vn 0.19477 -0.97173 0.13340
vn 0.18240 -0.97173 0.14987
vn 0.18240 -0.97173 0.14987
vn 0.18240 -0.97173 0.14987
vn 0.16864 -0.97173 0.16520
vn 0.16864 -0.97173 0.16520
vn 0.16864 -0.97173 0.16520
vn 0.15361 -0.97173 0.17927
vn 0.15361 -0.97173 0.17927
vn 0.15361 -0.97173 0.17927
vn 0.13740 -0.97173 0.19197
vn 0.13740 -0.97173 0.19197
vn 0.13740 -0.97173 0.19197
vn 0.12014 -0.97173 0.20322
vn 0.12014 -0.97173 0.20322
vn 0.12014 -0.97173 0.20322
vn 0.10197 -0.97173 0.21292
vn 0.10197 -0.97173 0.21292
vn 0.10197 -0.97173 0.21292
vn 0.08303 -0.97173 0.22099
vn 0.08303 -0.97173 0.22099
vn 0.08303 -0.97173 0.22099
vn 0.06345 -0.97173 0.22739
vn 0.06345 -0.97173 0.22739
vn 0.06345 -0.97173 0.22739
vn 0.04339 -0.97173 0.23205
vn 0.04339 -0.97173 0.23205
vn 0.04339 -0.97173 0.23205
vn 0.02300 -0.97173 0.23495
vn 0.02300 -0.97173 0.23495
vn 0.02300 -0.97173 0.23495
vn 0.00244 -0.97173 0.23606
vn 0.00244 -0.97173 0.23606
vn 0.00244 -0.97173 0.23606
vn -0.01815 -0.97173 0.23538
vn -0.01815 -0.97173 0.23538
vn -0.01815 -0.97173 0.23538
vn -0.03859 -0.97173 0.23290
vn -0.03859 -0.97173 0.23290
vn -0.03859 -0.97173 0.23290
vn -0.05874 -0.97173 0.22865
vn -0.05874 -0.97173 0.22865
vn -0.05874 -0.97173 0.22865
vn -0.07845 -0.97173 0.22266
vn -0.07845 -0.97173 0.22266
vn -0.07845 -0.97173 0.22266
vn -0.09756 -0.97173 0.21498
vn -0.09756 -0.97173 0.21498
vn -0.09756 -0.97173 0.21498
vn -0.11592 -0.97173 0.20566
vn -0.11592 -0.97173 0.20566
vn -0.11592 -0.97173 0.20566
vn -0.13340 -0.97173 0.19477
vn -0.13340 -0.97173 0.19477
vn -0.13340 -0.97173 0.19477
vn -0.14987 -0.97173 0.18240
vn -0.14987 -0.97173 0.18240
vn -0.14987 -0.97173 0.18240
vn -0.16520 -0.97173 0.16865
vn -0.16520 -0.97173 0.16865
vn -0.16520 -0.97173 0.16865
vn -0.17927 -0.97173 0.15361
vn -0.17927 -0.97173 0.15361
vn -0.17927 -0.97173 0.15361
vn -0.19197 -0.97173 0.13740
vn -0.19197 -0.97173 0.13740
vn -0.19197 -0.97173 0.13740
vn -0.20322 -0.97173 0.12014
vn -0.20322 -0.97173 0.12014
vn -0.20322 -0.97173 0.12014
vn -0.21292 -0.97173 0.10197
vn -0.21292 -0.97173 0.10197
vn -0.21292 -0.97173 0.10197
vn -0.22099 -0.97173 0.08303
vn -0.22099 -0.97173 0.08303
vn -0.22099 -0.97173 0.08303
vn -0.22739 -0.97173 0.06345
vn -0.22739 -0.97173 0.06345
vn -0.22739 -0.97173 0.06345
vn -0.23205 -0.97173 0.04339
vn -0.23205 -0.97173 0.04339
vn -0.23205 -0.97173 0.04339
vn -0.23495 -0.97173 0.02300
vn -0.23495 -0.97173 0.02300
vn -0.23495 -0.97173 0.02300
vn -0.23606 -0.97173 0.00244
vn -0.23606 -0.97173 0.00244
vn -0.23606 -0.97173 0.00244
vn -0.23538 -0.97173 -0.01815
vn -0.23538 -0.97173 -0.01815
vn -0.23538 -0.97173 -0.01815
vn -0.23290 -0.97173 -0.03859
vn -0.23290 -0.97173 -0.03859
vn -0.23290 -0.97173 -0.03859
vn -0.22865 -0.97173 -0.05874
vn -0.22865 -0.97173 -0.05874
vn -0.22865 -0.97173 -0.05874
vn -0.22266 -0.97173 -0.07845
vn -0.22266 -0.97173 -0.07845
vn -0.22266 -0.97173 -0.07845
vn -0.21498 -0.97173 -0.09756
vn -0.21498 -0.97173 -0.09756
vn -0.21498 -0.97173 -0.09756
vn -0.20565 -0.97173 -0.11592
vn -0.20565 -0.97173 -0.11592
vn -0.20565 -0.97173 -0.11592
vn -0.19477 -0.97173 -0.13340
vn -0.19477 -0.97173 -0.13340
vn -0.19477 -0.97173 -0.13340
vn -0.18240 -0.97173 -0.14987
vn -0.18240 -0.97173 -0.14987
vn -0.16865 -0.97173 -0.16520
vn -0.16865 -0.97173 -0.16520
vn -0.16865 -0.97173 -0.16520
vn -0.15360 -0.97173 -0.17927
vn -0.15360 -0.97173 -0.17927
vn -0.15360 -0.97173 -0.17927
vn -0.13740 -0.97173 -0.19197
vn -0.12014 -0.97173 -0.20322
vn -0.12014 -0.97173 -0.20322
vn -0.12014 -0.97173 -0.20322
vn -0.10197 -0.97173 -0.21292
vn -0.10197 -0.97173 -0.21292
vn -0.10197 -0.97173 -0.21292
vn -0.08303 -0.97173 -0.22099
vn -0.08303 -0.97173 -0.22099
vn -0.08303 -0.97173 -0.22099
vn -0.06345 -0.97173 -0.22739
vn -0.06345 -0.97173 -0.22739
vn -0.06345 -0.97173 -0.22739
vn -0.04339 -0.97173 -0.23205
vn -0.04339 -0.97173 -0.23205
vn -0.04339 -0.97173 -0.23205
vn -0.02300 -0.97173 -0.23495
vn -0.02300 -0.97173 -0.23495
vn -0.02300 -0.97173 -0.23495
vn -0.00244 -0.97173 -0.23606
vn -0.00244 -0.97173 -0.23606
vn -0.00244 -0.97173 -0.23606
vn 0.01815 -0.97173 -0.23538
vn 0.01815 -0.97173 -0.23538
vn 0.01815 -0.97173 -0.23538
vn 0.03859 -0.97173 -0.23290
vn 0.03859 -0.97173 -0.23290
vn 0.03859 -0.97173 -0.23290
vn 0.05874 -0.97173 -0.22865
vn 0.05874 -0.97173 -0.22865
vn 0.05874 -0.97173 -0.22865
vn 0.07845 -0.97173 -0.22266
vn 0.07845 -0.97173 -0.22266
vn 0.07845 -0.97173 -0.22266
vn 0.09756 -0.97173 -0.21498
vn 0.09756 -0.97173 -0.21498
vn 0.09756 -0.97173 -0.21498
vn 0.11592 -0.97173 -0.20565
vn 0.11592 -0.97173 -0.20565
vn 0.11592 -0.97173 -0.20565
vn 0.13340 -0.97173 -0.19477
vn 0.13340 -0.97173 -0.19477
vn 0.13340 -0.97173 -0.19477
vn 0.14987 -0.97173 -0.18240
vn 0.14987 -0.97173 -0.18240
vn 0.14987 -0.97173 -0.18240
vn 0.16520 -0.97173 -0.16864
vn 0.17927 -0.97173 -0.15360
vn 0.17927 -0.97173 -0.15360
vn 0.17927 -0.97173 -0.15360
vn 0.19197 -0.97173 -0.13740
vn 0.19197 -0.97173 -0.13740
vn 0.19197 -0.97173 -0.13740
vn 0.20322 -0.97173 -0.12014
vn 0.20322 -0.97173 -0.12014
vn 0.20322 -0.97173 -0.12014
vn 0.21292 -0.97173 -0.10197
vn 0.21292 -0.97173 -0.10197
vn 0.21292 -0.97173 -0.10197
vn 0.22099 -0.97173 -0.08303
vn 0.22099 -0.97173 -0.08303
vn 0.22099 -0.97173 -0.08303
vn 0.22739 -0.97173 -0.06345
vn 0.22739 -0.97173 -0.06345
vn 0.22739 -0.97173 -0.06345
vn 0.23205 -0.97173 -0.04339
vn 0.23205 -0.97173 -0.04339
vn 0.23205 -0.97173 -0.04339
vn 0.23495 -0.97173 -0.02300
vn 0.23495 -0.97173 -0.02300
vn 0.23495 -0.97173 -0.02300
vn 0.23606 -0.97173 -0.00244
vn 0.23606 -0.97173 -0.00244
vn 0.23606 -0.97173 -0.00244
vn 0.23538 -0.97173 0.01815
vn 0.23538 -0.97173 0.01815
vn 0.23538 -0.97173 0.01815
vn 0.23290 -0.97173 0.03859
vn 0.23290 -0.97173 0.03859
vn 0.23290 -0.97173 0.03859
vn 0.22865 -0.97173 0.05874
vn 0.22865 -0.97173 0.05874
vn 0.22865 -0.97173 0.05874
vn 0.22266 -0.97173 0.07845
vn 0.22266 -0.97173 0.07845
vn 0.22266 -0.97173 0.07845
vn 0.21498 -0.97173 0.09756
vn 0.21498 -0.97173 0.09756
vn 0.21498 -0.97173 0.09756
vn 0.92696 -0.04485 -0.37248
vn 0.92544 -0.04522 -0.37619
vn 0.92846 -0.04449 -0.36876
vn 0.07475 -0.04485 0.99619
vn 0.07074 -0.04522 0.99647
vn 0.07875 -0.04449 0.99590
vn 0.97755 -0.04485 -0.20585
vn 0.97670 -0.04522 -0.20977
vn 0.97839 -0.04449 -0.20193
vn -0.09938 -0.04485 0.99404
vn -0.10337 -0.04522 0.99361
vn -0.09539 -0.04449 0.99445
vn 0.99845 -0.04485 -0.03298
vn 0.99829 -0.04522 -0.03699
vn 0.99859 -0.04449 -0.02897
vn -0.27048 -0.04485 0.96168
vn -0.27433 -0.04522 0.96057
vn -0.26662 -0.04449 0.96277
vn 0.98901 -0.04485 0.14090
vn 0.98955 -0.04522 0.13693
vn 0.98845 -0.04449 0.14487
vn -0.43337 -0.04485 0.90010
vn -0.43697 -0.04522 0.89834
vn -0.42976 -0.04449 0.90185
vn 0.94951 -0.04485 0.31050
vn 0.95074 -0.04522 0.30668
vn 0.94828 -0.04449 0.31432
vn -0.58308 -0.04485 0.81117
vn -0.58633 -0.04522 0.80881
vn -0.57983 -0.04449 0.81352
vn 0.88117 -0.04485 0.47067
vn 0.88304 -0.04522 0.46712
vn 0.87929 -0.04449 0.47421
vn -0.71508 -0.04485 0.69760
vn -0.71787 -0.04522 0.69471
vn -0.71229 -0.04449 0.70048
vn 0.78606 -0.04485 0.61653
vn 0.78851 -0.04522 0.61335
vn 0.78359 -0.04449 0.61969
vn -0.82536 -0.04485 0.56283
vn -0.82759 -0.04522 0.55950
vn -0.82310 -0.04449 0.56615
vn 0.66705 -0.04485 0.74366
vn 0.67002 -0.04522 0.74096
vn 0.66407 -0.04449 0.74635
vn -0.91055 -0.04485 0.41095
vn -0.91218 -0.04522 0.40729
vn -0.90891 -0.04449 0.41461
vn 0.52778 -0.04485 0.84819
vn 0.53117 -0.04522 0.84606
vn 0.52438 -0.04449 0.85032
vn -0.96808 -0.04485 0.24659
vn -0.96905 -0.04522 0.24270
vn -0.96710 -0.04449 0.25048
vn 0.37247 -0.04485 0.92696
vn 0.37619 -0.04522 0.92544
vn 0.36875 -0.04449 0.92846
vn -0.99619 -0.04485 0.07474
vn -0.99647 -0.04522 0.07074
vn -0.99590 -0.04449 0.07874
vn 0.20585 -0.04485 0.97755
vn 0.20977 -0.04522 0.97670
vn 0.20193 -0.04449 0.97839
vn -0.99404 -0.04485 -0.09937
vn -0.99362 -0.04522 -0.10336
vn -0.99445 -0.04449 -0.09538
vn 0.03298 -0.04485 0.99845
vn 0.03699 -0.04522 0.99829
vn 0.02897 -0.04449 0.99859
vn -0.96168 -0.04485 -0.27048
vn -0.96057 -0.04522 -0.27433
vn -0.96277 -0.04449 -0.26662
vn -0.14090 -0.04485 0.98901
vn -0.13693 -0.04522 0.98955
vn -0.14488 -0.04449 0.98845
vn -0.90010 -0.04485 -0.43337
vn -0.89834 -0.04522 -0.43697
vn -0.90185 -0.04449 -0.42976
vn -0.31050 -0.04485 0.94951
vn -0.30668 -0.04522 0.95074
vn -0.31432 -0.04449 0.94827
vn -0.81117 -0.04485 -0.58308
vn -0.80881 -0.04522 -0.58633
vn -0.81352 -0.04449 -0.57983
vn -0.47067 -0.04485 0.88117
vn -0.46712 -0.04522 0.88304
vn -0.47421 -0.04449 0.87929
vn -0.69760 -0.04485 -0.71508
vn -0.69471 -0.04522 -0.71787
vn -0.70047 -0.04449 -0.71229
vn -0.61653 -0.04485 0.78605
vn -0.61336 -0.04522 0.78851
vn -0.61969 -0.04449 0.78358
vn -0.56283 -0.04485 -0.82536
vn -0.55950 -0.04522 -0.82760
vn -0.56615 -0.04449 -0.82310
vn -0.74366 -0.04485 0.66705
vn -0.74096 -0.04522 0.67002
vn -0.74634 -0.04449 0.66407
vn -0.41096 -0.04485 -0.91055
vn -0.40729 -0.04522 -0.91218
vn -0.41462 -0.04449 -0.90891
vn -0.84819 -0.04485 0.52778
vn -0.84605 -0.04522 0.53117
vn -0.85032 -0.04449 0.52438
vn -0.24659 -0.04485 -0.96808
vn -0.24270 -0.04522 -0.96905
vn -0.25048 -0.04449 -0.96710
vn -0.92696 -0.04485 0.37247
vn -0.92544 -0.04522 0.37619
vn -0.92846 -0.04449 0.36875
vn -0.07475 -0.04485 -0.99619
vn -0.07075 -0.04522 -0.99647
vn -0.07875 -0.04449 -0.99590
vn -0.97755 -0.04485 0.20585
vn -0.97670 -0.04522 0.20977
vn -0.97839 -0.04449 0.20193
vn 0.09938 -0.04485 -0.99404
vn 0.10337 -0.04522 -0.99361
vn 0.09539 -0.04449 -0.99445
vn -0.99845 -0.04485 0.03298
vn -0.99829 -0.04522 0.03699
vn -0.99859 -0.04449 0.02897
vn 0.27048 -0.04485 -0.96168
vn 0.27433 -0.04522 -0.96057
vn 0.26662 -0.04449 -0.96278
vn -0.98901 -0.04485 -0.14091
vn -0.98955 -0.04522 -0.13693
vn -0.98845 -0.04449 -0.14488
vn 0.43337 -0.04485 -0.90010
vn 0.43697 -0.04522 -0.89834
vn 0.42976 -0.04449 -0.90185
vn -0.94951 -0.04485 -0.31050
vn -0.95074 -0.04522 -0.30668
vn -0.94828 -0.04449 -0.31432
vn 0.58308 -0.04485 -0.81117
vn 0.58633 -0.04522 -0.80881
vn 0.57983 -0.04449 -0.81352
vn -0.88117 -0.04485 -0.47067
vn -0.88304 -0.04522 -0.46711
vn -0.87929 -0.04449 -0.47421
vn 0.71508 -0.04485 -0.69760
vn 0.71786 -0.04522 -0.69471
vn 0.71228 -0.04449 -0.70048
vn -0.78605 -0.04485 -0.61653
vn -0.78851 -0.04522 -0.61336
vn -0.78358 -0.04449 -0.61969
vn 0.82536 -0.04485 -0.56282
vn 0.82760 -0.04522 -0.55950
vn 0.82311 -0.04449 -0.56614
vn -0.66705 -0.04485 -0.74366
vn -0.67002 -0.04522 -0.74096
vn -0.66407 -0.04449 -0.74634
vn 0.91055 -0.04485 -0.41096
vn 0.91218 -0.04522 -0.40729
vn 0.90891 -0.04449 -0.41462
vn -0.52778 -0.04485 -0.84819
vn -0.53117 -0.04522 -0.84605
vn -0.52438 -0.04449 -0.85032
vn 0.96808 -0.04485 -0.24659
vn 0.96905 -0.04522 -0.24270
vn 0.96710 -0.04449 -0.25048
vn -0.37247 -0.04485 -0.92696
vn -0.37619 -0.04522 -0.92544
vn -0.36875 -0.04449 -0.92846
vn 0.99619 -0.04485 -0.07475
vn 0.99647 -0.04522 -0.07075
vn 0.99590 -0.04449 -0.07875
vn -0.20585 -0.04485 -0.97755
vn -0.20977 -0.04522 -0.97670
vn -0.20193 -0.04449 -0.97839
vn 0.99404 -0.04485 0.09938
vn 0.99361 -0.04522 0.10337
vn 0.99445 -0.04449 0.09539
vn -0.03298 -0.04485 -0.99845
vn -0.03699 -0.04522 -0.99829
vn -0.02897 -0.04449 -0.99859
vn 0.96168 -0.04485 0.27048
vn 0.96057 -0.04522 0.27433
vn 0.96277 -0.04449 0.26662
vn 0.14090 -0.04485 -0.98901
vn 0.13693 -0.04522 -0.98955
vn 0.14488 -0.04449 -0.98845
vn 0.90010 -0.04485 0.43337
vn 0.89834 -0.04522 0.43697
vn 0.90185 -0.04449 0.42976
vn 0.31050 -0.04485 -0.94952
vn 0.30668 -0.04522 -0.95074
vn 0.31431 -0.04449 -0.94828
vn 0.81117 -0.04485 0.58308
vn 0.80881 -0.04522 0.58633
vn 0.81352 -0.04449 0.57983
vn 0.47067 -0.04485 -0.88117
vn 0.46712 -0.04522 -0.88304
vn 0.47421 -0.04449 -0.87929
vn 0.69760 -0.04485 0.71508
vn 0.69471 -0.04522 0.71786
vn 0.70048 -0.04449 0.71229
vn 0.61653 -0.04485 -0.78605
vn 0.61336 -0.04522 -0.78851
vn 0.61969 -0.04449 -0.78359
vn 0.56283 -0.04485 0.82536
vn 0.55950 -0.04522 0.82760
vn 0.56614 -0.04449 0.82310
vn 0.74366 -0.04485 -0.66705
vn 0.74096 -0.04522 -0.67002
vn 0.74635 -0.04449 -0.66407
vn 0.41096 -0.04485 0.91055
vn 0.40729 -0.04522 0.91218
vn 0.41462 -0.04449 0.90891
vn 0.84819 -0.04485 -0.52779
vn 0.84605 -0.04522 -0.53118
vn 0.85032 -0.04449 -0.52439
vn 0.24660 -0.04485 0.96808
vn 0.24271 -0.04522 0.96905
vn 0.25049 -0.04449 0.96710
vn 0.92631 -0.04246 -0.37437
vn 0.92729 -0.03789 -0.37242
vn 0.92530 -0.04703 -0.37631
vn 0.07276 -0.04246 0.99645
vn 0.07494 -0.03789 0.99647
vn 0.07057 -0.04703 0.99640
vn 0.97724 -0.04246 -0.20784
vn 0.97787 -0.03789 -0.20575
vn 0.97659 -0.04703 -0.20992
vn -0.10138 -0.04246 0.99394
vn -0.09924 -0.03789 0.99434
vn -0.10353 -0.04703 0.99351
vn 0.99849 -0.04246 -0.03498
vn 0.99874 -0.03789 -0.03282
vn 0.99820 -0.04703 -0.03715
vn -0.27244 -0.04246 0.96124
vn -0.27039 -0.03789 0.96200
vn -0.27447 -0.04703 0.96044
vn 0.98939 -0.04246 0.13893
vn 0.98927 -0.03788 0.14111
vn 0.98949 -0.04703 0.13675
vn -0.43522 -0.04246 0.89932
vn -0.43334 -0.03789 0.90043
vn -0.43709 -0.04703 0.89819
vn 0.95023 -0.04246 0.30863
vn 0.94973 -0.03789 0.31075
vn 0.95071 -0.04703 0.30650
vn -0.58477 -0.04246 0.81009
vn -0.58311 -0.03789 0.81151
vn -0.58641 -0.04703 0.80865
vn 0.88220 -0.04246 0.46895
vn 0.88134 -0.03789 0.47096
vn 0.88304 -0.04703 0.46693
vn -0.71656 -0.04246 0.69624
vn -0.71517 -0.03789 0.69792
vn -0.71792 -0.04703 0.69453
vn 0.78737 -0.04246 0.61501
vn 0.78618 -0.03789 0.61684
vn 0.78855 -0.04703 0.61317
vn -0.82657 -0.04246 0.56123
vn -0.82550 -0.03789 0.56313
vn -0.82762 -0.04703 0.55932
vn 0.66861 -0.04246 0.74240
vn 0.66712 -0.03789 0.74399
vn 0.67009 -0.04703 0.74079
vn -0.91147 -0.04246 0.40917
vn -0.91075 -0.03789 0.41123
vn -0.91217 -0.04703 0.40710
vn 0.52954 -0.04246 0.84722
vn 0.52779 -0.03789 0.84853
vn 0.53127 -0.04703 0.84589
vn -0.96867 -0.04246 0.24468
vn -0.96832 -0.03789 0.24683
vn -0.96901 -0.04703 0.24252
vn 0.37437 -0.04246 0.92631
vn 0.37242 -0.03789 0.92729
vn 0.37631 -0.04703 0.92530
vn -0.99645 -0.04246 0.07275
vn -0.99647 -0.03789 0.07493
vn -0.99640 -0.04703 0.07057
vn 0.20783 -0.04246 0.97724
vn 0.20574 -0.03789 0.97787
vn 0.20992 -0.04703 0.97659
vn -0.99394 -0.04246 -0.10138
vn -0.99434 -0.03789 -0.09923
vn -0.99351 -0.04703 -0.10352
vn 0.03498 -0.04246 0.99849
vn 0.03282 -0.03789 0.99874
vn 0.03715 -0.04703 0.99820
vn -0.96124 -0.04246 -0.27244
vn -0.96200 -0.03789 -0.27039
vn -0.96044 -0.04703 -0.27447
vn -0.13893 -0.04246 0.98939
vn -0.14111 -0.03789 0.98927
vn -0.13675 -0.04703 0.98949
vn -0.89932 -0.04246 -0.43522
vn -0.90043 -0.03789 -0.43334
vn -0.89819 -0.04703 -0.43708
vn -0.30863 -0.04246 0.95023
vn -0.31076 -0.03789 0.94973
vn -0.30650 -0.04703 0.95071
vn -0.81009 -0.04246 -0.58477
vn -0.81151 -0.03789 -0.58311
vn -0.80865 -0.04703 -0.58641
vn -0.46895 -0.04246 0.88220
vn -0.47096 -0.03788 0.88134
vn -0.46693 -0.04703 0.88304
vn -0.69624 -0.04246 -0.71656
vn -0.69792 -0.03789 -0.71517
vn -0.69453 -0.04703 -0.71792
vn -0.61502 -0.04246 0.78737
vn -0.61684 -0.03789 0.78617
vn -0.61317 -0.04703 0.78855
vn -0.56123 -0.04246 -0.82657
vn -0.56313 -0.03789 -0.82550
vn -0.55931 -0.04703 -0.82762
vn -0.74240 -0.04246 0.66861
vn -0.74399 -0.03789 0.66712
vn -0.74079 -0.04703 0.67009
vn -0.40917 -0.04246 -0.91147
vn -0.41123 -0.03789 -0.91074
vn -0.40711 -0.04703 -0.91217
vn -0.84722 -0.04246 0.52954
vn -0.84853 -0.03789 0.52779
vn -0.84589 -0.04703 0.53127
vn -0.24467 -0.04246 -0.96868
vn -0.24683 -0.03789 -0.96832
vn -0.24251 -0.04703 -0.96901
vn -0.92631 -0.04246 0.37437
vn -0.92729 -0.03789 0.37242
vn -0.92530 -0.04703 0.37631
vn -0.07276 -0.04246 -0.99645
vn -0.07494 -0.03789 -0.99647
vn -0.07057 -0.04703 -0.99640
vn -0.97724 -0.04246 0.20784
vn -0.97787 -0.03789 0.20574
vn -0.97659 -0.04703 0.20992
vn 0.10138 -0.04246 -0.99394
vn 0.09924 -0.03789 -0.99434
vn 0.10353 -0.04703 -0.99351
vn -0.99849 -0.04246 0.03499
vn -0.99874 -0.03788 0.03282
vn -0.99820 -0.04703 0.03715
vn 0.27243 -0.04246 -0.96124
vn 0.27039 -0.03789 -0.96201
vn 0.27447 -0.04703 -0.96045
vn -0.98939 -0.04246 -0.13894
vn -0.98927 -0.03789 -0.14112
vn -0.98949 -0.04703 -0.13675
vn 0.43522 -0.04246 -0.89932
vn 0.43334 -0.03789 -0.90043
vn 0.43709 -0.04703 -0.89819
vn -0.95023 -0.04246 -0.30863
vn -0.94974 -0.03789 -0.31075
vn -0.95071 -0.04703 -0.30649
vn 0.58477 -0.04246 -0.81009
vn 0.58311 -0.03789 -0.81151
vn 0.58641 -0.04703 -0.80865
vn -0.88221 -0.04246 -0.46895
vn -0.88135 -0.03789 -0.47095
vn -0.88304 -0.04703 -0.46693
vn 0.71655 -0.04246 -0.69624
vn 0.71517 -0.03789 -0.69793
vn 0.71792 -0.04703 -0.69454
vn -0.78737 -0.04246 -0.61502
vn -0.78617 -0.03789 -0.61684
vn -0.78855 -0.04703 -0.61318
vn 0.82657 -0.04246 -0.56123
vn 0.82550 -0.03789 -0.56313
vn 0.82762 -0.04703 -0.55931
vn -0.66861 -0.04246 -0.74240
vn -0.66712 -0.03789 -0.74399
vn -0.67009 -0.04703 -0.74079
vn 0.91147 -0.04246 -0.40918
vn 0.91074 -0.03788 -0.41123
vn 0.91217 -0.04703 -0.40711
vn -0.52954 -0.04246 -0.84722
vn -0.52779 -0.03788 -0.84853
vn -0.53127 -0.04703 -0.84589
vn 0.96868 -0.04246 -0.24467
vn 0.96832 -0.03789 -0.24683
vn 0.96901 -0.04703 -0.24251
vn -0.37437 -0.04246 -0.92631
vn -0.37242 -0.03789 -0.92729
vn -0.37631 -0.04703 -0.92530
vn 0.99645 -0.04246 -0.07276
vn 0.99647 -0.03789 -0.07494
vn 0.99640 -0.04703 -0.07057
vn -0.20783 -0.04246 -0.97724
vn -0.20574 -0.03789 -0.97787
vn -0.20992 -0.04703 -0.97659
vn 0.99394 -0.04246 0.10138
vn 0.99434 -0.03789 0.09924
vn 0.99351 -0.04703 0.10353
vn -0.03498 -0.04246 -0.99849
vn -0.03282 -0.03789 -0.99874
vn -0.03715 -0.04703 -0.99820
vn 0.96124 -0.04246 0.27244
vn 0.96200 -0.03789 0.27039
vn 0.96044 -0.04703 0.27447
vn 0.13894 -0.04246 -0.98939
vn 0.14111 -0.03789 -0.98927
vn 0.13675 -0.04703 -0.98949
vn 0.89932 -0.04246 0.43522
vn 0.90043 -0.03789 0.43334
vn 0.89819 -0.04703 0.43709
vn 0.30863 -0.04246 -0.95024
vn 0.31075 -0.03789 -0.94974
vn 0.30649 -0.04703 -0.95071
vn 0.81009 -0.04246 0.58477
vn 0.81151 -0.03788 0.58311
vn 0.80865 -0.04703 0.58641
vn 0.46895 -0.04246 -0.88220
vn 0.47095 -0.03788 -0.88134
vn 0.46693 -0.04703 -0.88304
vn 0.69624 -0.04246 0.71655
vn 0.69793 -0.03789 0.71517
vn 0.69453 -0.04703 0.71792
vn 0.61501 -0.04246 -0.78737
vn 0.61684 -0.03789 -0.78618
vn 0.61317 -0.04703 -0.78855
vn 0.56123 -0.04246 0.82657
vn 0.56313 -0.03789 0.82550
vn 0.55931 -0.04703 0.82762
vn 0.74240 -0.04246 -0.66861
vn 0.74399 -0.03789 -0.66712
vn 0.74079 -0.04703 -0.67009
vn 0.40917 -0.04246 0.91147
vn 0.41123 -0.03789 0.91074
vn 0.40710 -0.04703 0.91217
vn 0.84722 -0.04246 -0.52954
vn 0.84853 -0.03789 -0.52779
vn 0.84589 -0.04703 -0.53128
vn 0.24468 -0.04246 0.96867
vn 0.24684 -0.03789 0.96832
vn 0.24252 -0.04703 0.96900
vn 0.87114 0.00000 0.49104
vn 0.87114 0.00000 0.49104
vn 0.87114 0.00000 0.49104
vn 0.77264 0.00000 0.63485
vn 0.77264 0.00000 0.63485
vn 0.71436 0.00000 0.69977
vn 0.71436 0.00000 0.69977
vn 0.71436 0.00000 0.69977
vn 0.65066 0.00000 0.75937
vn 0.65066 0.00000 0.75937
vn 0.50891 0.00000 0.86082
vn 0.50891 0.00000 0.86082
vn 0.43195 0.00000 0.90190
vn 0.35170 0.00000 0.93611
vn 0.35170 0.00000 0.93611
vn 0.18380 0.00000 0.98296
vn 0.18380 0.00000 0.98296
vn 0.09743 0.00000 0.99524
vn 0.09743 0.00000 0.99524
vn -0.16347 -0.00000 0.98655
vn -0.16347 -0.00000 0.98655
vn -0.24884 -0.00000 0.96855
vn -0.33230 0.00000 0.94317
vn -0.33230 -0.00000 0.94317
vn -0.33231 0.00000 0.94317
vn -0.41325 0.00000 0.91062
vn -0.41325 0.00000 0.91062
vn -0.49104 0.00000 0.87114
vn -0.49104 0.00000 0.87114
vn -0.56509 0.00000 0.82503
vn -0.56509 0.00000 0.82503
vn -0.63485 0.00000 0.77263
vn -0.63485 0.00000 0.77263
vn -0.69977 0.00000 0.71437
vn -0.75937 0.00000 0.65066
vn -0.75937 0.00000 0.65066
vn -0.81319 0.00000 0.58200
vn -0.81319 0.00000 0.58200
vn -0.86082 0.00000 0.50891
vn -0.86082 0.00000 0.50891
vn -0.93611 0.00000 0.35170
vn -0.93611 0.00000 0.35170
vn -0.96320 0.00000 0.26877
vn -0.96320 0.00000 0.26877
vn -0.96320 0.00000 0.26877
vn -0.98296 0.00000 0.18380
vn -0.98296 0.00000 0.18380
vn -0.98655 -0.00000 -0.16347
vn -0.98655 -0.00000 -0.16347
vn -0.96855 0.00000 -0.24884
vn -0.96855 -0.00000 -0.24884
vn -0.96854 0.00000 -0.24884
vn -0.94317 0.00000 -0.33230
vn -0.94317 0.00000 -0.33230
vn -0.94317 0.00000 -0.33230
vn -0.77264 0.00000 -0.63485
vn -0.77263 0.00000 -0.63485
vn -0.71437 0.00000 -0.69977
vn -0.71437 0.00000 -0.69977
vn -0.35170 0.00000 -0.93611
vn -0.35170 0.00000 -0.93611
vn -0.26877 0.00000 -0.96320
vn -0.26877 0.00000 -0.96320
vn -0.26877 0.00000 -0.96320
vn -0.18380 0.00000 -0.98296
vn -0.18380 0.00000 -0.98296
vn -0.18380 0.00000 -0.98296
vn -0.09743 0.00000 -0.99524
vn -0.09743 0.00000 -0.99524
vn -0.09743 0.00000 -0.99524
vn -0.01032 0.00000 -0.99995
vn -0.01032 0.00000 -0.99995
vn 0.33230 0.00000 -0.94317
vn 0.33230 0.00000 -0.94317
vn 0.41325 0.00000 -0.91062
vn 0.41325 0.00000 -0.91062
vn 0.56509 0.00000 -0.82503
vn 0.56509 0.00000 -0.82503
vn 0.63485 0.00000 -0.77264
vn 0.63485 0.00000 -0.77264
vn 0.63485 0.00000 -0.77264
vn 0.69977 0.00000 -0.71437
vn 0.69977 0.00000 -0.71437
vn 0.81319 0.00000 -0.58200
vn 0.81319 0.00000 -0.58200
vn 0.86082 0.00000 -0.50891
vn 0.86082 0.00000 -0.50891
vn 0.93611 0.00000 -0.35170
vn 0.93611 0.00000 -0.35170
vn 0.96320 0.00000 -0.26877
vn 0.96320 0.00000 -0.26877
vn 0.98296 0.00000 -0.18380
vn 0.98296 0.00000 -0.18380
vn 0.99524 0.00000 -0.09743
vn 0.99524 0.00000 -0.09743
vn 0.99995 0.00000 -0.01032
vn 0.99995 0.00000 -0.01032
vn 0.99704 -0.00000 0.07687
vn 0.99704 -0.00000 0.07687
vn 0.96855 -0.00000 0.24884
vn 0.96855 -0.00000 0.24884
vn 0.94317 -0.00000 0.33230
vn 0.94317 -0.00000 0.33230
vn 0.91062 0.00000 0.41325
vn 0.91062 0.00000 0.41325
vn 0.09270 -0.99432 0.05225
vn 0.09270 -0.99432 0.05225
vn 0.09270 -0.99432 0.05225
vn 0.08780 -0.99432 0.06014
vn 0.08780 -0.99432 0.06014
vn 0.08780 -0.99432 0.06014
vn 0.08222 -0.99432 0.06756
vn 0.08222 -0.99432 0.06756
vn 0.08222 -0.99432 0.06756
vn 0.07602 -0.99432 0.07447
vn 0.07602 -0.99432 0.07447
vn 0.07602 -0.99432 0.07447
vn 0.06924 -0.99432 0.08081
vn 0.06924 -0.99432 0.08081
vn 0.06924 -0.99432 0.08081
vn 0.06193 -0.99432 0.08654
vn 0.06193 -0.99432 0.08654
vn 0.06193 -0.99432 0.08654
vn 0.05416 -0.99432 0.09161
vn 0.05416 -0.99432 0.09161
vn 0.05416 -0.99432 0.09161
vn 0.04597 -0.99432 0.09598
vn 0.04597 -0.99432 0.09598
vn 0.04597 -0.99432 0.09598
vn 0.03743 -0.99432 0.09962
vn 0.03743 -0.99432 0.09962
vn 0.03743 -0.99432 0.09962
vn 0.02860 -0.99432 0.10250
vn 0.02860 -0.99432 0.10250
vn 0.02860 -0.99432 0.10250
vn 0.01956 -0.99432 0.10460
vn 0.01956 -0.99432 0.10460
vn 0.01956 -0.99432 0.10460
vn 0.01037 -0.99432 0.10591
vn 0.01037 -0.99432 0.10591
vn 0.01037 -0.99432 0.10591
vn 0.00110 -0.99432 0.10641
vn 0.00110 -0.99432 0.10641
vn 0.00110 -0.99432 0.10641
vn -0.00818 -0.99432 0.10610
vn -0.00818 -0.99432 0.10610
vn -0.00818 -0.99432 0.10610
vn -0.01740 -0.99432 0.10498
vn -0.01740 -0.99432 0.10498
vn -0.01740 -0.99432 0.10498
vn -0.02648 -0.99432 0.10307
vn -0.02648 -0.99432 0.10307
vn -0.02648 -0.99432 0.10307
vn -0.03536 -0.99432 0.10037
vn -0.03536 -0.99432 0.10037
vn -0.03536 -0.99432 0.10037
vn -0.04398 -0.99432 0.09690
vn -0.04398 -0.99432 0.09690
vn -0.04398 -0.99432 0.09690
vn -0.05225 -0.99432 0.09270
vn -0.05225 -0.99432 0.09270
vn -0.05225 -0.99432 0.09270
vn -0.06013 -0.99432 0.08780
vn -0.06014 -0.99432 0.08780
vn -0.06013 -0.99432 0.08780
vn -0.06756 -0.99432 0.08222
vn -0.06756 -0.99432 0.08222
vn -0.06756 -0.99432 0.08222
vn -0.07447 -0.99432 0.07602
vn -0.07447 -0.99432 0.07602
vn -0.07447 -0.99432 0.07602
vn -0.08081 -0.99432 0.06924
vn -0.08081 -0.99432 0.06924
vn -0.08081 -0.99432 0.06924
vn -0.08654 -0.99432 0.06193
vn -0.08654 -0.99432 0.06193
vn -0.08654 -0.99432 0.06193
vn -0.09160 -0.99432 0.05416
vn -0.09160 -0.99432 0.05416
vn -0.09160 -0.99432 0.05416
vn -0.09598 -0.99432 0.04597
vn -0.09598 -0.99432 0.04597
vn -0.09598 -0.99432 0.04597
vn -0.09962 -0.99432 0.03743
vn -0.09962 -0.99432 0.03743
vn -0.09962 -0.99432 0.03743
vn -0.10250 -0.99432 0.02860
vn -0.10250 -0.99432 0.02860
vn -0.10250 -0.99432 0.02860
vn -0.10460 -0.99432 0.01956
vn -0.10460 -0.99432 0.01956
vn -0.10460 -0.99432 0.01956
vn -0.10591 -0.99432 0.01037
vn -0.10591 -0.99432 0.01037
vn -0.10591 -0.99432 0.01037
vn -0.10641 -0.99432 0.00110
vn -0.10641 -0.99432 0.00110
vn -0.10641 -0.99432 0.00110
vn -0.10610 -0.99432 -0.00818
vn -0.10610 -0.99432 -0.00818
vn -0.10610 -0.99432 -0.00818
vn -0.10498 -0.99432 -0.01740
vn -0.10498 -0.99432 -0.01740
vn -0.10498 -0.99432 -0.01740
vn -0.10307 -0.99432 -0.02648
vn -0.10307 -0.99432 -0.02648
vn -0.10307 -0.99432 -0.02648
vn -0.10037 -0.99432 -0.03536
vn -0.10037 -0.99432 -0.03536
vn -0.10037 -0.99432 -0.03536
vn -0.09690 -0.99432 -0.04398
vn -0.09690 -0.99432 -0.04398
vn -0.09690 -0.99432 -0.04398
vn -0.09270 -0.99432 -0.05225
vn -0.09270 -0.99432 -0.05225
vn -0.09270 -0.99432 -0.05225
vn -0.08780 -0.99432 -0.06013
vn -0.08780 -0.99432 -0.06014
vn -0.08780 -0.99432 -0.06013
vn -0.08222 -0.99432 -0.06756
vn -0.08222 -0.99432 -0.06756
vn -0.08222 -0.99432 -0.06756
vn -0.07602 -0.99432 -0.07447
vn -0.07602 -0.99432 -0.07447
vn -0.07602 -0.99432 -0.07447
vn -0.06924 -0.99432 -0.08081
vn -0.06924 -0.99432 -0.08081
vn -0.06924 -0.99432 -0.08081
vn -0.06193 -0.99432 -0.08654
vn -0.06193 -0.99432 -0.08654
vn -0.06193 -0.99432 -0.08654
vn -0.05416 -0.99432 -0.09161
vn -0.05416 -0.99432 -0.09161
vn -0.05416 -0.99432 -0.09161
vn -0.04597 -0.99432 -0.09598
vn -0.04597 -0.99432 -0.09598
vn -0.04597 -0.99432 -0.09598
vn -0.03743 -0.99432 -0.09962
vn -0.03743 -0.99432 -0.09962
vn -0.03743 -0.99432 -0.09962
vn -0.02860 -0.99432 -0.10250
vn -0.02860 -0.99432 -0.10250
vn -0.02860 -0.99432 -0.10250
vn -0.01956 -0.99432 -0.10460
vn -0.01956 -0.99432 -0.10460
vn -0.01956 -0.99432 -0.10460
vn -0.01037 -0.99432 -0.10591
vn -0.01037 -0.99432 -0.10591
vn -0.01037 -0.99432 -0.10591
vn -0.00110 -0.99432 -0.10641
vn -0.00110 -0.99432 -0.10641
vn -0.00110 -0.99432 -0.10641
vn 0.00818 -0.99432 -0.10610
vn 0.00818 -0.99432 -0.10610
vn 0.00818 -0.99432 -0.10610
vn 0.01740 -0.99432 -0.10498
vn 0.01740 -0.99432 -0.10498
vn 0.01740 -0.99432 -0.10499
vn 0.02648 -0.99432 -0.10307
vn 0.02648 -0.99432 -0.10307
vn 0.02648 -0.99432 -0.10307
vn 0.03536 -0.99432 -0.10037
vn 0.03536 -0.99432 -0.10037
vn 0.03536 -0.99432 -0.10037
vn 0.04398 -0.99432 -0.09690
vn 0.04398 -0.99432 -0.09690
vn 0.04398 -0.99432 -0.09690
vn 0.05225 -0.99432 -0.09270
vn 0.05225 -0.99432 -0.09270
vn 0.05225 -0.99432 -0.09270
vn 0.06014 -0.99432 -0.08780
vn 0.06014 -0.99432 -0.08780
vn 0.06013 -0.99432 -0.08780
vn 0.06756 -0.99432 -0.08222
vn 0.06756 -0.99432 -0.08222
vn 0.06756 -0.99432 -0.08222
vn 0.07447 -0.99432 -0.07602
vn 0.07447 -0.99432 -0.07602
vn 0.07447 -0.99432 -0.07602
vn 0.08081 -0.99432 -0.06924
vn 0.08081 -0.99432 -0.06924
vn 0.08081 -0.99432 -0.06924
vn 0.08654 -0.99432 -0.06193
vn 0.08654 -0.99432 -0.06193
vn 0.08654 -0.99432 -0.06193
vn 0.09161 -0.99432 -0.05416
vn 0.09161 -0.99432 -0.05416
vn 0.09161 -0.99432 -0.05416
vn 0.09598 -0.99432 -0.04597
vn 0.09598 -0.99432 -0.04597
vn 0.09598 -0.99432 -0.04597
vn 0.09962 -0.99432 -0.03743
vn 0.09962 -0.99432 -0.03743
vn 0.09962 -0.99432 -0.03743
vn 0.10250 -0.99432 -0.02860
vn 0.10250 -0.99432 -0.02860
vn 0.10460 -0.99432 -0.01956
vn 0.10460 -0.99432 -0.01956
vn 0.10460 -0.99432 -0.01956
vn 0.10591 -0.99432 -0.01037
vn 0.10591 -0.99432 -0.01037
vn 0.10591 -0.99432 -0.01037
vn 0.10641 -0.99432 -0.00110
vn 0.10641 -0.99432 -0.00110
vn 0.10641 -0.99432 -0.00110
vn 0.10610 -0.99432 0.00818
vn 0.10610 -0.99432 0.00818
vn 0.10610 -0.99432 0.00818
vn 0.10499 -0.99432 0.01740
vn 0.10499 -0.99432 0.01740
vn 0.10499 -0.99432 0.01740
vn 0.10307 -0.99432 0.02648
vn 0.10307 -0.99432 0.02648
vn 0.10307 -0.99432 0.02648
vn 0.10037 -0.99432 0.03536
vn 0.10037 -0.99432 0.03536
vn 0.10037 -0.99432 0.03536
vn 0.09691 -0.99432 0.04398
vn 0.09691 -0.99432 0.04398
vn 0.09691 -0.99432 0.04398
vn 0.09270 -0.99432 0.05225
vn 0.09270 -0.99432 0.05225
vn 0.09270 -0.99432 0.05225
vn 0.08780 -0.99432 0.06013
vn 0.08780 -0.99432 0.06013
vn 0.08780 -0.99432 0.06013
vn 0.08222 -0.99432 0.06756
vn 0.08222 -0.99432 0.06756
vn 0.08222 -0.99432 0.06756
vn 0.07602 -0.99432 0.07447
vn 0.07602 -0.99432 0.07447
vn 0.07602 -0.99432 0.07447
vn 0.06924 -0.99432 0.08081
vn 0.06924 -0.99432 0.08081
vn 0.06924 -0.99432 0.08081
vn 0.06193 -0.99432 0.08654
vn 0.06193 -0.99432 0.08654
vn 0.06193 -0.99432 0.08654
vn 0.05416 -0.99432 0.09160
vn 0.05416 -0.99432 0.09160
vn 0.05416 -0.99432 0.09160
vn 0.04597 -0.99432 0.09598
vn 0.04597 -0.99432 0.09598
vn 0.04597 -0.99432 0.09598
vn 0.03743 -0.99432 0.09962
vn 0.03743 -0.99432 0.09962
vn 0.03743 -0.99432 0.09962
vn 0.02860 -0.99432 0.10250
vn 0.02860 -0.99432 0.10250
vn 0.02860 -0.99432 0.10250
vn 0.01956 -0.99432 0.10460
vn 0.01956 -0.99432 0.10460
vn 0.01956 -0.99432 0.10460
vn 0.01037 -0.99432 0.10591
vn 0.01037 -0.99432 0.10591
vn 0.01037 -0.99432 0.10591
vn 0.00110 -0.99432 0.10641
vn 0.00110 -0.99432 0.10641
vn 0.00110 -0.99432 0.10641
vn -0.00818 -0.99432 0.10610
vn -0.00818 -0.99432 0.10610
vn -0.00818 -0.99432 0.10610
vn -0.01740 -0.99432 0.10498
vn -0.01740 -0.99432 0.10498
vn -0.01740 -0.99432 0.10498
vn -0.02648 -0.99432 0.10307
vn -0.02648 -0.99432 0.10307
vn -0.02648 -0.99432 0.10307
vn -0.03536 -0.99432 0.10037
vn -0.03536 -0.99432 0.10037
vn -0.03536 -0.99432 0.10037
vn -0.04398 -0.99432 0.09690
vn -0.04398 -0.99432 0.09690
vn -0.04398 -0.99432 0.09690
vn -0.05225 -0.99432 0.09270
vn -0.05225 -0.99432 0.09270
vn -0.05225 -0.99432 0.09270
vn -0.06013 -0.99432 0.08780
vn -0.06013 -0.99432 0.08780
vn -0.06013 -0.99432 0.08780
vn -0.06756 -0.99432 0.08222
vn -0.06756 -0.99432 0.08222
vn -0.06756 -0.99432 0.08222
vn -0.07447 -0.99432 0.07602
vn -0.07447 -0.99432 0.07602
vn -0.07447 -0.99432 0.07602
vn -0.08081 -0.99432 0.06924
vn -0.08081 -0.99432 0.06924
vn -0.08081 -0.99432 0.06924
vn -0.08654 -0.99432 0.06193
vn -0.08654 -0.99432 0.06193
vn -0.08654 -0.99432 0.06193
vn -0.09160 -0.99432 0.05416
vn -0.09161 -0.99432 0.05416
vn -0.09160 -0.99432 0.05416
vn -0.09598 -0.99432 0.04597
vn -0.09598 -0.99432 0.04597
vn -0.09598 -0.99432 0.04597
vn -0.09962 -0.99432 0.03743
vn -0.09962 -0.99432 0.03743
vn -0.09962 -0.99432 0.03743
vn -0.10250 -0.99432 0.02860
vn -0.10250 -0.99432 0.02860
vn -0.10250 -0.99432 0.02860
vn -0.10460 -0.99432 0.01956
vn -0.10460 -0.99432 0.01956
vn -0.10460 -0.99432 0.01956
vn -0.10591 -0.99432 0.01037
vn -0.10591 -0.99432 0.01037
vn -0.10591 -0.99432 0.01037
vn -0.10641 -0.99432 0.00110
vn -0.10641 -0.99432 0.00110
vn -0.10641 -0.99432 0.00110
vn -0.10610 -0.99432 -0.00818
vn -0.10610 -0.99432 -0.00818
vn -0.10610 -0.99432 -0.00818
vn -0.10498 -0.99432 -0.01740
vn -0.10498 -0.99432 -0.01740
vn -0.10498 -0.99432 -0.01740
vn -0.10307 -0.99432 -0.02648
vn -0.10307 -0.99432 -0.02648
vn -0.10307 -0.99432 -0.02648
vn -0.10037 -0.99432 -0.03536
vn -0.10037 -0.99432 -0.03536
vn -0.09690 -0.99432 -0.04398
vn -0.09690 -0.99432 -0.04398
vn -0.09690 -0.99432 -0.04398
vn -0.09270 -0.99432 -0.05225
vn -0.09270 -0.99432 -0.05225
vn -0.09270 -0.99432 -0.05225
vn -0.08780 -0.99432 -0.06013
vn -0.08780 -0.99432 -0.06014
vn -0.08780 -0.99432 -0.06013
vn -0.08222 -0.99432 -0.06756
vn -0.08222 -0.99432 -0.06756
vn -0.08222 -0.99432 -0.06756
vn -0.07602 -0.99432 -0.07447
vn -0.07602 -0.99432 -0.07447
vn -0.07602 -0.99432 -0.07447
vn -0.06924 -0.99432 -0.08081
vn -0.06924 -0.99432 -0.08081
vn -0.06924 -0.99432 -0.08081
vn -0.06193 -0.99432 -0.08654
vn -0.06193 -0.99432 -0.08654
vn -0.06193 -0.99432 -0.08654
vn -0.05416 -0.99432 -0.09160
vn -0.05416 -0.99432 -0.09160
vn -0.05416 -0.99432 -0.09160
vn -0.04597 -0.99432 -0.09598
vn -0.04597 -0.99432 -0.09598
vn -0.04597 -0.99432 -0.09598
vn -0.03743 -0.99432 -0.09962
vn -0.03743 -0.99432 -0.09962
vn -0.03743 -0.99432 -0.09962
vn -0.02860 -0.99432 -0.10250
vn -0.02860 -0.99432 -0.10250
vn -0.02860 -0.99432 -0.10250
vn -0.01956 -0.99432 -0.10460
vn -0.01956 -0.99432 -0.10460
vn -0.01956 -0.99432 -0.10460
vn -0.01037 -0.99432 -0.10591
vn -0.01037 -0.99432 -0.10591
vn -0.01037 -0.99432 -0.10591
vn -0.00110 -0.99432 -0.10641
vn -0.00110 -0.99432 -0.10641
vn -0.00110 -0.99432 -0.10641
vn 0.00818 -0.99432 -0.10610
vn 0.00818 -0.99432 -0.10610
vn 0.00818 -0.99432 -0.10610
vn 0.01740 -0.99432 -0.10498
vn 0.01740 -0.99432 -0.10498
vn 0.01740 -0.99432 -0.10498
vn 0.02648 -0.99432 -0.10307
vn 0.02648 -0.99432 -0.10307
vn 0.02648 -0.99432 -0.10307
vn 0.03536 -0.99432 -0.10037
vn 0.03536 -0.99432 -0.10037
vn 0.03536 -0.99432 -0.10037
vn 0.04398 -0.99432 -0.09690
vn 0.04398 -0.99432 -0.09690
vn 0.04398 -0.99432 -0.09690
vn 0.05225 -0.99432 -0.09270
vn 0.05225 -0.99432 -0.09270
vn 0.05225 -0.99432 -0.09270
vn 0.06013 -0.99432 -0.08780
vn 0.06013 -0.99432 -0.08780
vn 0.06013 -0.99432 -0.08780
vn 0.06756 -0.99432 -0.08222
vn 0.06756 -0.99432 -0.08222
vn 0.06756 -0.99432 -0.08222
vn 0.07447 -0.99432 -0.07602
vn 0.07447 -0.99432 -0.07602
vn 0.07447 -0.99432 -0.07602
vn 0.08081 -0.99432 -0.06924
vn 0.08081 -0.99432 -0.06924
vn 0.08081 -0.99432 -0.06924
vn 0.08654 -0.99432 -0.06193
vn 0.08654 -0.99432 -0.06193
vn 0.08654 -0.99432 -0.06193
vn 0.09160 -0.99432 -0.05416
vn 0.09160 -0.99432 -0.05416
vn 0.09160 -0.99432 -0.05416
vn 0.09598 -0.99432 -0.04597
vn 0.09598 -0.99432 -0.04597
vn 0.09598 -0.99432 -0.04597
vn 0.09962 -0.99432 -0.03743
vn 0.09962 -0.99432 -0.03743
vn 0.09962 -0.99432 -0.03743
vn 0.10250 -0.99432 -0.02860
vn 0.10250 -0.99432 -0.02860
vn 0.10250 -0.99432 -0.02860
vn 0.10460 -0.99432 -0.01956
vn 0.10460 -0.99432 -0.01956
vn 0.10460 -0.99432 -0.01956
vn 0.10591 -0.99432 -0.01037
vn 0.10591 -0.99432 -0.01037
vn 0.10591 -0.99432 -0.01037
vn 0.10641 -0.99432 -0.00110
vn 0.10641 -0.99432 -0.00110
vn 0.10641 -0.99432 -0.00110
vn 0.10610 -0.99432 0.00818
vn 0.10610 -0.99432 0.00818
vn 0.10610 -0.99432 0.00818
vn 0.10498 -0.99432 0.01740
vn 0.10498 -0.99432 0.01740
vn 0.10498 -0.99432 0.01740
vn 0.10307 -0.99432 0.02648
vn 0.10307 -0.99432 0.02648
vn 0.10307 -0.99432 0.02648
vn 0.10037 -0.99432 0.03536
vn 0.10037 -0.99432 0.03536
vn 0.10037 -0.99432 0.03536
vn 0.09690 -0.99432 0.04398
vn 0.09690 -0.99432 0.04398
vn 0.09690 -0.99432 0.04398
vn 0.84889 0.00000 0.52857
vn 0.89173 0.00000 0.45257
vn 0.79959 0.00000 0.60054
vn 0.74421 0.00000 0.66795
vn 0.68316 0.00000 0.73027
vn 0.61692 0.00000 0.78703
vn 0.54597 0.00000 0.83780
vn 0.47088 0.00000 0.88220
vn 0.39220 -0.00000 0.91988
vn 0.31053 -0.00000 0.95056
vn 0.22650 0.00000 0.97401
vn 0.14075 0.00000 0.99005
vn 0.05393 0.00000 0.99854
vn -0.03331 0.00000 0.99945
vn -0.12029 0.00000 0.99274
vn -0.20635 0.00000 0.97848
vn -0.29085 0.00000 0.95677
vn -0.37313 0.00000 0.92778
vn -0.45257 0.00000 0.89173
vn -0.52857 0.00000 0.84889
vn -0.60054 0.00000 0.79959
vn -0.66795 0.00000 0.74421
vn -0.73027 0.00000 0.68316
vn -0.78703 0.00000 0.61692
vn -0.83780 0.00000 0.54597
vn -0.88220 0.00000 0.47088
vn -0.91988 0.00000 0.39220
vn -0.95056 0.00000 0.31053
vn -0.97401 0.00000 0.22650
vn -0.99005 0.00000 0.14075
vn -0.99854 0.00000 0.05393
vn -0.99945 0.00000 -0.03331
vn -0.99274 0.00000 -0.12029
vn -0.97848 0.00000 -0.20635
vn -0.95677 0.00000 -0.29085
vn -0.92778 0.00000 -0.37313
vn -0.89173 0.00000 -0.45257
vn -0.84889 0.00000 -0.52857
vn -0.79959 0.00000 -0.60054
vn -0.74421 0.00000 -0.66795
vn -0.68316 0.00000 -0.73027
vn -0.61692 0.00000 -0.78703
vn -0.54597 0.00000 -0.83780
vn -0.47088 -0.00000 -0.88220
vn -0.39220 -0.00000 -0.91988
vn -0.31053 0.00000 -0.95056
vn -0.22650 0.00000 -0.97401
vn -0.14075 0.00000 -0.99005
vn -0.05393 0.00000 -0.99854
vn 0.03331 0.00000 -0.99945
vn 0.12029 0.00000 -0.99274
vn 0.20635 0.00000 -0.97848
vn 0.29085 0.00000 -0.95677
vn 0.37313 0.00000 -0.92778
vn 0.45257 0.00000 -0.89173
vn 0.52857 0.00000 -0.84889
vn 0.60054 0.00000 -0.79959
vn 0.66795 0.00000 -0.74421
vn 0.73027 0.00000 -0.68316
vn 0.78703 0.00000 -0.61692
vn 0.83780 0.00000 -0.54597
vn 0.88220 -0.00000 -0.47088
vn 0.91988 -0.00000 -0.39220
vn 0.95056 0.00000 -0.31053
vn 0.97401 0.00000 -0.22650
vn 0.99005 0.00000 -0.14075
vn 0.99854 0.00000 -0.05393
vn 0.99945 0.00000 0.03331
vn 0.99274 0.00000 0.12029
vn 0.97848 0.00000 0.20635
vn 0.95677 0.00000 0.29085
vn 0.92778 0.00000 0.37313
vn -0.00000 -1.00000 -0.00000
vn -0.00000 -1.00000 -0.00000
vn -0.00000 -1.00000 -0.00000
vn 0.00000 -1.00000 0.00000
vn 0.00000 -1.00000 0.00000
vn 0.00000 -1.00000 0.00000
vn 0.10356 -0.99291 0.05838
vn 0.10356 -0.99291 0.05838
vn 0.10356 -0.99291 0.05838
vn 0.09808 -0.99291 0.06718
vn 0.09808 -0.99291 0.06718
vn 0.09808 -0.99291 0.06718
vn 0.09185 -0.99291 0.07547
vn 0.09185 -0.99291 0.07547
vn 0.09185 -0.99291 0.07547
vn 0.08493 -0.99291 0.08319
vn 0.08493 -0.99291 0.08319
vn 0.08493 -0.99291 0.08319
vn 0.07735 -0.99291 0.09028
vn 0.07735 -0.99291 0.09028
vn 0.07735 -0.99291 0.09028
vn 0.06919 -0.99291 0.09667
vn 0.06919 -0.99291 0.09667
vn 0.06919 -0.99291 0.09667
vn 0.06050 -0.99291 0.10234
vn 0.06050 -0.99291 0.10234
vn 0.06050 -0.99291 0.10234
vn 0.05135 -0.99291 0.10722
vn 0.05135 -0.99291 0.10722
vn 0.05135 -0.99291 0.10722
vn 0.04181 -0.99291 0.11129
vn 0.04181 -0.99291 0.11129
vn 0.04181 -0.99291 0.11129
vn 0.03195 -0.99291 0.11451
vn 0.03195 -0.99291 0.11451
vn 0.03195 -0.99291 0.11451
vn 0.02185 -0.99291 0.11686
vn 0.02185 -0.99291 0.11686
vn 0.02185 -0.99291 0.11686
vn 0.01158 -0.99291 0.11832
vn 0.01158 -0.99291 0.11832
vn 0.01158 -0.99291 0.11832
vn 0.00123 -0.99291 0.11888
vn 0.00123 -0.99291 0.11888
vn 0.00123 -0.99291 0.11888
vn -0.00914 -0.99291 0.11853
vn -0.00914 -0.99291 0.11853
vn -0.00914 -0.99291 0.11853
vn -0.01944 -0.99291 0.11728
vn -0.01943 -0.99291 0.11728
vn -0.01944 -0.99291 0.11728
vn -0.02958 -0.99291 0.11514
vn -0.02958 -0.99291 0.11514
vn -0.02958 -0.99291 0.11514
vn -0.03951 -0.99291 0.11213
vn -0.03951 -0.99291 0.11213
vn -0.03951 -0.99291 0.11213
vn -0.04913 -0.99291 0.10826
vn -0.04913 -0.99291 0.10826
vn -0.04913 -0.99291 0.10826
vn -0.05838 -0.99291 0.10356
vn -0.05838 -0.99291 0.10356
vn -0.05838 -0.99291 0.10356
vn -0.06718 -0.99291 0.09808
vn -0.06718 -0.99291 0.09808
vn -0.06718 -0.99291 0.09808
vn -0.07547 -0.99291 0.09185
vn -0.07547 -0.99291 0.09185
vn -0.07547 -0.99291 0.09185
vn -0.08319 -0.99291 0.08493
vn -0.08319 -0.99291 0.08493
vn -0.08319 -0.99291 0.08493
vn -0.09028 -0.99291 0.07735
vn -0.09028 -0.99291 0.07735
vn -0.09028 -0.99291 0.07735
vn -0.09667 -0.99291 0.06919
vn -0.09667 -0.99291 0.06919
vn -0.10234 -0.99291 0.06050
vn -0.10234 -0.99291 0.06050
vn -0.10234 -0.99291 0.06050
vn -0.10722 -0.99291 0.05135
vn -0.10722 -0.99291 0.05135
vn -0.10722 -0.99291 0.05135
vn -0.11129 -0.99291 0.04181
vn -0.11129 -0.99291 0.04181
vn -0.11129 -0.99291 0.04181
vn -0.11451 -0.99291 0.03195
vn -0.11451 -0.99291 0.03195
vn -0.11451 -0.99291 0.03195
vn -0.11686 -0.99291 0.02185
vn -0.11686 -0.99291 0.02185
vn -0.11686 -0.99291 0.02185
vn -0.11832 -0.99291 0.01158
vn -0.11832 -0.99291 0.01158
vn -0.11832 -0.99291 0.01158
vn -0.11888 -0.99291 0.00123
vn -0.11888 -0.99291 0.00123
vn -0.11888 -0.99291 0.00123
vn -0.11853 -0.99291 -0.00914
vn -0.11728 -0.99291 -0.01943
vn -0.11728 -0.99291 -0.01943
vn -0.11728 -0.99291 -0.01943
vn -0.11514 -0.99291 -0.02958
vn -0.11514 -0.99291 -0.02958
vn -0.11514 -0.99291 -0.02958
vn -0.11213 -0.99291 -0.03951
vn -0.11213 -0.99291 -0.03951
vn -0.11213 -0.99291 -0.03951
vn -0.10826 -0.99291 -0.04913
vn -0.10826 -0.99291 -0.04913
vn -0.10826 -0.99291 -0.04913
vn -0.10356 -0.99291 -0.05838
vn -0.10356 -0.99291 -0.05838
vn -0.10356 -0.99291 -0.05838
vn -0.09808 -0.99291 -0.06718
vn -0.09808 -0.99291 -0.06718
vn -0.09808 -0.99291 -0.06718
vn -0.09185 -0.99291 -0.07547
vn -0.09185 -0.99291 -0.07547
vn -0.09185 -0.99291 -0.07547
vn -0.08493 -0.99291 -0.08319
vn -0.08493 -0.99291 -0.08319
vn -0.08493 -0.99291 -0.08319
vn -0.07735 -0.99291 -0.09028
vn -0.07735 -0.99291 -0.09028
vn -0.07735 -0.99291 -0.09028
vn -0.06919 -0.99291 -0.09667
vn -0.06919 -0.99291 -0.09667
vn -0.06919 -0.99291 -0.09667
vn -0.06050 -0.99291 -0.10234
vn -0.06050 -0.99291 -0.10234
vn -0.06050 -0.99291 -0.10234
vn -0.05135 -0.99291 -0.10722
vn -0.05135 -0.99291 -0.10722
vn -0.05135 -0.99291 -0.10722
vn -0.04181 -0.99291 -0.11129
vn -0.04181 -0.99291 -0.11129
vn -0.04181 -0.99291 -0.11129
vn -0.03195 -0.99291 -0.11451
vn -0.03195 -0.99291 -0.11451
vn -0.03195 -0.99291 -0.11451
vn -0.02185 -0.99291 -0.11686
vn -0.02185 -0.99291 -0.11686
vn -0.02185 -0.99291 -0.11686
vn -0.01158 -0.99291 -0.11832
vn -0.01158 -0.99291 -0.11832
vn -0.01158 -0.99291 -0.11832
vn -0.00123 -0.99291 -0.11888
vn -0.00123 -0.99291 -0.11888
vn -0.00123 -0.99291 -0.11888
vn 0.00914 -0.99291 -0.11853
vn 0.00914 -0.99291 -0.11853
vn 0.00914 -0.99291 -0.11853
vn 0.01943 -0.99291 -0.11728
vn 0.01943 -0.99291 -0.11728
vn 0.01943 -0.99291 -0.11728
vn 0.02958 -0.99291 -0.11514
vn 0.02958 -0.99291 -0.11514
vn 0.02958 -0.99291 -0.11514
vn 0.03951 -0.99291 -0.11213
vn 0.03951 -0.99291 -0.11213
vn 0.03951 -0.99291 -0.11213
vn 0.04913 -0.99291 -0.10826
vn 0.04913 -0.99291 -0.10826
vn 0.04913 -0.99291 -0.10826
vn 0.05838 -0.99291 -0.10356
vn 0.06718 -0.99291 -0.09808
vn 0.06718 -0.99291 -0.09808
vn 0.06718 -0.99291 -0.09808
vn 0.07547 -0.99291 -0.09185
vn 0.07547 -0.99291 -0.09185
vn 0.07547 -0.99291 -0.09185
vn 0.08319 -0.99291 -0.08493
vn 0.08319 -0.99291 -0.08493
vn 0.08319 -0.99291 -0.08493
vn 0.09028 -0.99291 -0.07735
vn 0.09028 -0.99291 -0.07735
vn 0.09028 -0.99291 -0.07735
vn 0.09667 -0.99291 -0.06919
vn 0.09667 -0.99291 -0.06919
vn 0.09667 -0.99291 -0.06919
vn 0.10234 -0.99291 -0.06050
vn 0.10722 -0.99291 -0.05135
vn 0.10722 -0.99291 -0.05135
vn 0.10722 -0.99291 -0.05135
vn 0.11129 -0.99291 -0.04181
vn 0.11129 -0.99291 -0.04181
vn 0.11129 -0.99291 -0.04181
vn 0.11451 -0.99291 -0.03195
vn 0.11451 -0.99291 -0.03195
vn 0.11451 -0.99291 -0.03195
vn 0.11686 -0.99291 -0.02185
vn 0.11686 -0.99291 -0.02185
vn 0.11686 -0.99291 -0.02185
vn 0.11832 -0.99291 -0.01158
vn 0.11832 -0.99291 -0.01158
vn 0.11832 -0.99291 -0.01158
vn 0.11888 -0.99291 -0.00123
vn 0.11888 -0.99291 -0.00123
vn 0.11888 -0.99291 -0.00123
vn 0.11853 -0.99291 0.00914
vn 0.11853 -0.99291 0.00914
vn 0.11853 -0.99291 0.00914
vn 0.11728 -0.99291 0.01943
vn 0.11728 -0.99291 0.01943
vn 0.11728 -0.99291 0.01943
vn 0.11514 -0.99291 0.02958
vn 0.11514 -0.99291 0.02958
vn 0.11514 -0.99291 0.02958
vn 0.11213 -0.99291 0.03951
vn 0.11213 -0.99291 0.03951
vn 0.11213 -0.99291 0.03951
vn 0.10826 -0.99291 0.04913
vn 0.10826 -0.99291 0.04913
vn 0.10826 -0.99291 0.04913
vn -0.00000 -1.00000 0.00000
vn -0.00000 -1.00000 0.00000
vn 0.00000 -1.00000 0.00000
vn 0.00000 -1.00000 0.00000
vn -0.00000 -1.00000 -0.00000
vn -0.00000 -1.00000 -0.00000
vn 0.00000 -1.00000 0.00000
vn 0.00000 -1.00000 0.00000
vn 0.00000 -1.00000 0.00000
vn -0.00000 -1.00000 0.00000
vn -0.00000 -1.00000 0.00000
vn -0.00000 -1.00000 0.00000
vn -0.00000 -1.00000 0.00000
vn -0.00000 -1.00000 0.00000
vn 0.00000 -1.00000 0.00000
vn 0.00000 -1.00000 0.00000
vn 0.00000 -1.00000 0.00000
vn -0.00000 -1.00000 0.00000
vn -0.00000 -1.00000 0.00000
vn -0.00000 -1.00000 0.00000
vn 0.00000 -1.00000 0.00000
vn 0.00000 -1.00000 0.00000
vn 0.00000 -1.00000 0.00000
vn -0.00000 -1.00000 0.00000
vn 0.00000 -1.00000 0.00000
vn -0.00000 -1.00000 0.00000
vn 0.00000 -1.00000 0.00000
vn 0.00000 -1.00000 0.00000
vn -0.00000 -1.00000 0.00000
vn 0.00000 -1.00000 0.00000
vn -0.00000 -1.00000 0.00000
vn -0.00000 -1.00000 0.00000
vn -0.00000 -1.00000 0.00000
vn -0.00000 -1.00000 0.00000
vn -0.00000 -1.00000 -0.00000
vn -0.00000 -1.00000 -0.00000
vn -0.00000 -1.00000 -0.00000
vn 0.00000 -1.00000 0.00000
vn -0.00000 -1.00000 0.00000
vn -0.00000 -1.00000 0.00000
vn -0.00000 -1.00000 0.00000
vn -0.00000 -1.00000 0.00000
vn 0.00000 -1.00000 0.00000
vn -0.00000 -1.00000 0.00000
vn 0.00000 -1.00000 0.00000
vn -0.00000 -1.00000 0.00000
vn -0.00000 -1.00000 0.00000
vn -0.00000 -1.00000 0.00000
vn -0.00000 -1.00000 0.00000
vn -0.00000 -1.00000 0.00000
vn 0.00000 -1.00000 0.00000
vn -0.00000 -1.00000 0.00000
vn -0.00000 -1.00000 0.00000
vn -0.00000 -1.00000 0.00000
vn 0.00000 -1.00000 0.00000
vn -0.00000 -1.00000 0.00000
vn 0.00000 -1.00000 0.00000
vn 0.00000 -1.00000 0.00000
vn -0.00000 -1.00000 0.00000
vn 0.00000 -1.00000 0.00000
vn 0.00000 -1.00000 0.00000
vn 0.00000 -1.00000 0.00000
vn 0.00000 -1.00000 0.00000
vn 0.00000 -1.00000 0.00000
vn -0.00000 -1.00000 -0.00000
vn -0.00000 -1.00000 -0.00000
vn -0.00000 -1.00000 0.00000
vn 0.09270 -0.99432 0.05225
vn 0.09270 -0.99432 0.05225
vn 0.09270 -0.99432 0.05225
vn 0.08780 -0.99432 0.06013
vn 0.08780 -0.99432 0.06013
vn 0.08780 -0.99432 0.06013
vn 0.08222 -0.99432 0.06756
vn 0.08222 -0.99432 0.06756
vn 0.08222 -0.99432 0.06756
vn 0.07602 -0.99432 0.07447
vn 0.07602 -0.99432 0.07447
vn 0.07602 -0.99432 0.07447
vn 0.06924 -0.99432 0.08081
vn 0.06924 -0.99432 0.08081
vn 0.06924 -0.99432 0.08081
vn 0.06193 -0.99432 0.08654
vn 0.06193 -0.99432 0.08654
vn 0.06193 -0.99432 0.08654
vn 0.05416 -0.99432 0.09161
vn 0.05416 -0.99432 0.09160
vn 0.05416 -0.99432 0.09161
vn 0.04597 -0.99432 0.09598
vn 0.03743 -0.99432 0.09962
vn 0.03743 -0.99432 0.09962
vn 0.03743 -0.99432 0.09962
vn 0.02860 -0.99432 0.10250
vn 0.02860 -0.99432 0.10250
vn 0.02860 -0.99432 0.10250
vn 0.01956 -0.99432 0.10460
vn 0.01956 -0.99432 0.10460
vn 0.01956 -0.99432 0.10460
vn 0.01037 -0.99432 0.10591
vn 0.01037 -0.99432 0.10591
vn 0.01037 -0.99432 0.10591
vn 0.00110 -0.99432 0.10641
vn 0.00110 -0.99432 0.10641
vn 0.00110 -0.99432 0.10641
vn -0.00818 -0.99432 0.10610
vn -0.00818 -0.99432 0.10610
vn -0.00818 -0.99432 0.10610
vn -0.01740 -0.99432 0.10498
vn -0.01740 -0.99432 0.10498
vn -0.01740 -0.99432 0.10498
vn -0.02648 -0.99432 0.10307
vn -0.02648 -0.99432 0.10307
vn -0.02648 -0.99432 0.10307
vn -0.03536 -0.99432 0.10037
vn -0.03536 -0.99432 0.10037
vn -0.03536 -0.99432 0.10037
vn -0.04398 -0.99432 0.09690
vn -0.04398 -0.99432 0.09690
vn -0.04398 -0.99432 0.09690
vn -0.05225 -0.99432 0.09270
vn -0.05225 -0.99432 0.09270
vn -0.05225 -0.99432 0.09270
vn -0.06013 -0.99432 0.08780
vn -0.06013 -0.99432 0.08780
vn -0.06013 -0.99432 0.08780
vn -0.06756 -0.99432 0.08222
vn -0.06756 -0.99432 0.08222
vn -0.06756 -0.99432 0.08222
vn -0.07447 -0.99432 0.07602
vn -0.07447 -0.99432 0.07602
vn -0.07447 -0.99432 0.07602
vn -0.08081 -0.99432 0.06924
vn -0.08081 -0.99432 0.06924
vn -0.08081 -0.99432 0.06924
vn -0.08654 -0.99432 0.06193
vn -0.08654 -0.99432 0.06193
vn -0.08654 -0.99432 0.06193
vn -0.09160 -0.99432 0.05416
vn -0.09160 -0.99432 0.05416
vn -0.09160 -0.99432 0.05416
vn -0.09598 -0.99432 0.04597
vn -0.09598 -0.99432 0.04597
vn -0.09598 -0.99432 0.04597
vn -0.09962 -0.99432 0.03743
vn -0.09962 -0.99432 0.03743
vn -0.09962 -0.99432 0.03743
vn -0.10250 -0.99432 0.02860
vn -0.10250 -0.99432 0.02860
vn -0.10250 -0.99432 0.02860
vn -0.10460 -0.99432 0.01956
vn -0.10460 -0.99432 0.01956
vn -0.10460 -0.99432 0.01956
vn -0.10591 -0.99432 0.01037
vn -0.10591 -0.99432 0.01037
vn -0.10591 -0.99432 0.01037
vn -0.10641 -0.99432 0.00110
vn -0.10641 -0.99432 0.00110
vn -0.10641 -0.99432 0.00110
vn -0.10610 -0.99432 -0.00818
vn -0.10610 -0.99432 -0.00818
vn -0.10610 -0.99432 -0.00818
vn -0.10498 -0.99432 -0.01740
vn -0.10498 -0.99432 -0.01740
vn -0.10498 -0.99432 -0.01740
vn -0.10307 -0.99432 -0.02648
vn -0.10307 -0.99432 -0.02648
vn -0.10307 -0.99432 -0.02648
vn -0.10037 -0.99432 -0.03536
vn -0.10037 -0.99432 -0.03536
vn -0.10037 -0.99432 -0.03536
vn -0.09690 -0.99432 -0.04398
vn -0.09690 -0.99432 -0.04398
vn -0.09690 -0.99432 -0.04398
vn -0.09270 -0.99432 -0.05225
vn -0.09270 -0.99432 -0.05225
vn -0.09270 -0.99432 -0.05225
vn -0.08780 -0.99432 -0.06013
vn -0.08780 -0.99432 -0.06013
vn -0.08780 -0.99432 -0.06013
vn -0.08222 -0.99432 -0.06756
vn -0.08222 -0.99432 -0.06756
vn -0.08222 -0.99432 -0.06756
vn -0.07602 -0.99432 -0.07447
vn -0.07602 -0.99432 -0.07447
vn -0.07602 -0.99432 -0.07447
vn -0.06924 -0.99432 -0.08081
vn -0.06924 -0.99432 -0.08081
vn -0.06924 -0.99432 -0.08081
vn -0.06193 -0.99432 -0.08654
vn -0.06193 -0.99432 -0.08654
vn -0.06193 -0.99432 -0.08654
vn -0.05416 -0.99432 -0.09160
vn -0.05416 -0.99432 -0.09160
vn -0.05416 -0.99432 -0.09160
vn -0.04597 -0.99432 -0.09598
vn -0.04597 -0.99432 -0.09598
vn -0.04597 -0.99432 -0.09598
vn -0.03743 -0.99432 -0.09962
vn -0.03743 -0.99432 -0.09962
vn -0.03743 -0.99432 -0.09962
vn -0.02860 -0.99432 -0.10250
vn -0.02860 -0.99432 -0.10250
vn -0.02860 -0.99432 -0.10250
vn -0.01956 -0.99432 -0.10460
vn -0.01956 -0.99432 -0.10460
vn -0.01956 -0.99432 -0.10460
vn -0.01037 -0.99432 -0.10591
vn -0.01037 -0.99432 -0.10591
vn -0.01037 -0.99432 -0.10591
vn -0.00110 -0.99432 -0.10641
vn -0.00110 -0.99432 -0.10641
vn -0.00110 -0.99432 -0.10641
vn 0.00818 -0.99432 -0.10610
vn 0.00818 -0.99432 -0.10610
vn 0.00818 -0.99432 -0.10610
vn 0.01740 -0.99432 -0.10498
vn 0.01740 -0.99432 -0.10498
vn 0.01740 -0.99432 -0.10498
vn 0.02648 -0.99432 -0.10307
vn 0.02648 -0.99432 -0.10307
vn 0.02648 -0.99432 -0.10307
vn 0.03536 -0.99432 -0.10037
vn 0.03536 -0.99432 -0.10037
vn 0.03536 -0.99432 -0.10037
vn 0.04398 -0.99432 -0.09690
vn 0.04398 -0.99432 -0.09690
vn 0.04398 -0.99432 -0.09690
vn 0.05225 -0.99432 -0.09270
vn 0.05225 -0.99432 -0.09270
vn 0.05225 -0.99432 -0.09270
vn 0.06013 -0.99432 -0.08780
vn 0.06013 -0.99432 -0.08780
vn 0.06013 -0.99432 -0.08780
vn 0.06756 -0.99432 -0.08222
vn 0.06756 -0.99432 -0.08222
vn 0.06756 -0.99432 -0.08222
vn 0.07447 -0.99432 -0.07602
vn 0.07447 -0.99432 -0.07602
vn 0.07447 -0.99432 -0.07602
vn 0.08081 -0.99432 -0.06924
vn 0.08081 -0.99432 -0.06924
vn 0.08081 -0.99432 -0.06924
vn 0.08654 -0.99432 -0.06193
vn 0.08654 -0.99432 -0.06193
vn 0.08654 -0.99432 -0.06193
vn 0.09160 -0.99432 -0.05416
vn 0.09160 -0.99432 -0.05416
vn 0.09160 -0.99432 -0.05416
vn 0.09598 -0.99432 -0.04597
vn 0.09598 -0.99432 -0.04597
vn 0.09598 -0.99432 -0.04597
vn 0.09962 -0.99432 -0.03743
vn 0.09962 -0.99432 -0.03743
vn 0.09962 -0.99432 -0.03743
vn 0.10250 -0.99432 -0.02860
vn 0.10250 -0.99432 -0.02860
vn 0.10250 -0.99432 -0.02860
vn 0.10460 -0.99432 -0.01956
vn 0.10460 -0.99432 -0.01956
vn 0.10460 -0.99432 -0.01956
vn 0.10591 -0.99432 -0.01037
vn 0.10591 -0.99432 -0.01037
vn 0.10591 -0.99432 -0.01037
vn 0.10641 -0.99432 -0.00110
vn 0.10641 -0.99432 -0.00110
vn 0.10641 -0.99432 -0.00110
vn 0.10610 -0.99432 0.00818
vn 0.10610 -0.99432 0.00818
vn 0.10610 -0.99432 0.00818
vn 0.10498 -0.99432 0.01740
vn 0.10498 -0.99432 0.01740
vn 0.10498 -0.99432 0.01740
vn 0.10307 -0.99432 0.02648
vn 0.10307 -0.99432 0.02648
vn 0.10307 -0.99432 0.02648
vn 0.10037 -0.99432 0.03536
vn 0.10037 -0.99432 0.03536
vn 0.10037 -0.99432 0.03536
vn 0.09690 -0.99432 0.04398
vn 0.09690 -0.99432 0.04398
vn 0.09690 -0.99432 0.04398
vn 0.09270 -0.99432 0.05225
vn 0.09270 -0.99432 0.05225
vn 0.09270 -0.99432 0.05225
vn 0.08780 -0.99432 0.06013
vn 0.08780 -0.99432 0.06013
vn 0.08780 -0.99432 0.06013
vn 0.08222 -0.99432 0.06756
vn 0.08222 -0.99432 0.06756
vn 0.08222 -0.99432 0.06756
vn 0.07602 -0.99432 0.07447
vn 0.07602 -0.99432 0.07447
vn 0.07602 -0.99432 0.07447
vn 0.06924 -0.99432 0.08081
vn 0.06924 -0.99432 0.08081
vn 0.06924 -0.99432 0.08081
vn 0.06193 -0.99432 0.08654
vn 0.06193 -0.99432 0.08654
vn 0.06193 -0.99432 0.08654
vn 0.05416 -0.99432 0.09160
vn 0.05416 -0.99432 0.09160
vn 0.05416 -0.99432 0.09160
vn 0.04597 -0.99432 0.09598
vn 0.04597 -0.99432 0.09598
vn 0.04597 -0.99432 0.09598
vn 0.03743 -0.99432 0.09962
vn 0.03743 -0.99432 0.09962
vn 0.03743 -0.99432 0.09962
vn 0.02860 -0.99432 0.10250
vn 0.02860 -0.99432 0.10250
vn 0.02860 -0.99432 0.10250
vn 0.01956 -0.99432 0.10460
vn 0.01956 -0.99432 0.10460
vn 0.01956 -0.99432 0.10460
vn 0.01037 -0.99432 0.10591
vn 0.01037 -0.99432 0.10591
vn 0.01037 -0.99432 0.10591
vn 0.00110 -0.99432 0.10641
vn 0.00110 -0.99432 0.10641
vn 0.00110 -0.99432 0.10641
vn -0.00818 -0.99432 0.10610
vn -0.00818 -0.99432 0.10610
vn -0.00818 -0.99432 0.10610
vn -0.01740 -0.99432 0.10498
vn -0.01740 -0.99432 0.10498
vn -0.01740 -0.99432 0.10498
vn -0.02648 -0.99432 0.10307
vn -0.02648 -0.99432 0.10307
vn -0.02648 -0.99432 0.10307
vn -0.03536 -0.99432 0.10037
vn -0.03536 -0.99432 0.10037
vn -0.03536 -0.99432 0.10037
vn -0.04398 -0.99432 0.09690
vn -0.04398 -0.99432 0.09690
vn -0.04398 -0.99432 0.09690
vn -0.05225 -0.99432 0.09270
vn -0.05225 -0.99432 0.09270
vn -0.05225 -0.99432 0.09270
vn -0.06013 -0.99432 0.08780
vn -0.06013 -0.99432 0.08780
vn -0.06013 -0.99432 0.08780
vn -0.06756 -0.99432 0.08222
vn -0.06756 -0.99432 0.08222
vn -0.06756 -0.99432 0.08222
vn -0.07447 -0.99432 0.07602
vn -0.07447 -0.99432 0.07602
vn -0.07447 -0.99432 0.07602
vn -0.08081 -0.99432 0.06924
vn -0.08081 -0.99432 0.06924
vn -0.08081 -0.99432 0.06924
vn -0.08654 -0.99432 0.06193
vn -0.08654 -0.99432 0.06193
vn -0.08654 -0.99432 0.06193
vn -0.09160 -0.99432 0.05416
vn -0.09160 -0.99432 0.05416
vn -0.09160 -0.99432 0.05416
vn -0.09598 -0.99432 0.04597
vn -0.09598 -0.99432 0.04597
vn -0.09598 -0.99432 0.04597
vn -0.09962 -0.99432 0.03743
vn -0.09962 -0.99432 0.03743
vn -0.09962 -0.99432 0.03743
vn -0.10250 -0.99432 0.02860
vn -0.10250 -0.99432 0.02860
vn -0.10250 -0.99432 0.02860
vn -0.10460 -0.99432 0.01956
vn -0.10460 -0.99432 0.01956
vn -0.10460 -0.99432 0.01956
vn -0.10591 -0.99432 0.01037
vn -0.10591 -0.99432 0.01037
vn -0.10591 -0.99432 0.01037
vn -0.10641 -0.99432 0.00110
vn -0.10641 -0.99432 0.00110
vn -0.10641 -0.99432 0.00110
vn -0.10610 -0.99432 -0.00818
vn -0.10610 -0.99432 -0.00818
vn -0.10610 -0.99432 -0.00818
vn -0.10498 -0.99432 -0.01740
vn -0.10498 -0.99432 -0.01740
vn -0.10498 -0.99432 -0.01740
vn -0.10307 -0.99432 -0.02648
vn -0.10307 -0.99432 -0.02648
vn -0.10307 -0.99432 -0.02648
vn -0.10037 -0.99432 -0.03536
vn -0.10037 -0.99432 -0.03536
vn -0.10037 -0.99432 -0.03536
vn -0.09690 -0.99432 -0.04398
vn -0.09690 -0.99432 -0.04398
vn -0.09690 -0.99432 -0.04398
vn -0.09270 -0.99432 -0.05225
vn -0.09270 -0.99432 -0.05225
vn -0.09270 -0.99432 -0.05225
vn -0.08780 -0.99432 -0.06013
vn -0.08780 -0.99432 -0.06013
vn -0.08780 -0.99432 -0.06013
vn -0.08222 -0.99432 -0.06756
vn -0.08222 -0.99432 -0.06756
vn -0.08222 -0.99432 -0.06756
vn -0.07602 -0.99432 -0.07447
vn -0.07602 -0.99432 -0.07447
vn -0.07602 -0.99432 -0.07447
vn -0.06924 -0.99432 -0.08081
vn -0.06924 -0.99432 -0.08081
vn -0.06924 -0.99432 -0.08081
vn -0.06193 -0.99432 -0.08654
vn -0.06193 -0.99432 -0.08654
vn -0.06193 -0.99432 -0.08654
vn -0.05416 -0.99432 -0.09160
vn -0.05416 -0.99432 -0.09160
vn -0.05416 -0.99432 -0.09160
vn -0.04597 -0.99432 -0.09598
vn -0.04597 -0.99432 -0.09598
vn -0.04597 -0.99432 -0.09598
vn -0.03743 -0.99432 -0.09962
vn -0.03743 -0.99432 -0.09962
vn -0.03743 -0.99432 -0.09962
vn -0.02860 -0.99432 -0.10250
vn -0.02860 -0.99432 -0.10250
vn -0.02860 -0.99432 -0.10250
vn -0.01956 -0.99432 -0.10460
vn -0.01956 -0.99432 -0.10460
vn -0.01956 -0.99432 -0.10460
vn -0.01037 -0.99432 -0.10591
vn -0.01037 -0.99432 -0.10591
vn -0.01037 -0.99432 -0.10591
vn -0.00110 -0.99432 -0.10641
vn -0.00110 -0.99432 -0.10641
vn -0.00110 -0.99432 -0.10641
vn 0.00818 -0.99432 -0.10610
vn 0.00818 -0.99432 -0.10610
vn 0.00818 -0.99432 -0.10610
vn 0.01740 -0.99432 -0.10498
vn 0.01740 -0.99432 -0.10498
vn 0.01740 -0.99432 -0.10498
vn 0.02648 -0.99432 -0.10307
vn 0.02648 -0.99432 -0.10307
vn 0.02648 -0.99432 -0.10307
vn 0.03536 -0.99432 -0.10037
vn 0.03536 -0.99432 -0.10037
vn 0.03536 -0.99432 -0.10037
vn 0.04398 -0.99432 -0.09690
vn 0.04398 -0.99432 -0.09690
vn 0.04398 -0.99432 -0.09690
vn 0.05225 -0.99432 -0.09270
vn 0.05225 -0.99432 -0.09270
vn 0.05225 -0.99432 -0.09270
vn 0.06013 -0.99432 -0.08780
vn 0.06013 -0.99432 -0.08780
vn 0.06013 -0.99432 -0.08780
vn 0.06756 -0.99432 -0.08222
vn 0.06756 -0.99432 -0.08222
vn 0.06756 -0.99432 -0.08222
vn 0.07447 -0.99432 -0.07602
vn 0.07447 -0.99432 -0.07602
vn 0.07447 -0.99432 -0.07602
vn 0.08081 -0.99432 -0.06924
vn 0.08081 -0.99432 -0.06924
vn 0.08081 -0.99432 -0.06924
vn 0.08654 -0.99432 -0.06193
vn 0.08654 -0.99432 -0.06193
vn 0.08654 -0.99432 -0.06193
vn 0.09160 -0.99432 -0.05416
vn 0.09160 -0.99432 -0.05416
vn 0.09160 -0.99432 -0.05416
vn 0.09598 -0.99432 -0.04597
vn 0.09598 -0.99432 -0.04597
vn 0.09598 -0.99432 -0.04597
vn 0.09962 -0.99432 -0.03743
vn 0.09962 -0.99432 -0.03743
vn 0.09962 -0.99432 -0.03743
vn 0.10250 -0.99432 -0.02860
vn 0.10250 -0.99432 -0.02860
vn 0.10250 -0.99432 -0.02860
vn 0.10460 -0.99432 -0.01956
vn 0.10460 -0.99432 -0.01956
vn 0.10460 -0.99432 -0.01956
vn 0.10591 -0.99432 -0.01037
vn 0.10591 -0.99432 -0.01037
vn 0.10591 -0.99432 -0.01037
vn 0.10641 -0.99432 -0.00110
vn 0.10641 -0.99432 -0.00110
vn 0.10641 -0.99432 -0.00110
vn 0.10610 -0.99432 0.00818
vn 0.10610 -0.99432 0.00818
vn 0.10610 -0.99432 0.00818
vn 0.10498 -0.99432 0.01740
vn 0.10498 -0.99432 0.01740
vn 0.10498 -0.99432 0.01740
vn 0.10307 -0.99432 0.02648
vn 0.10307 -0.99432 0.02648
vn 0.10307 -0.99432 0.02648
vn 0.10037 -0.99432 0.03536
vn 0.10037 -0.99432 0.03536
vn 0.10037 -0.99432 0.03536
vn 0.09690 -0.99432 0.04398
vn 0.09690 -0.99432 0.04398
vn 0.09690 -0.99432 0.04398
vn 0.09270 -0.99432 0.05225
vn 0.09270 -0.99432 0.05225
vn 0.09270 -0.99432 0.05225
vn 0.08780 -0.99432 0.06013
vn 0.08780 -0.99432 0.06013
vn 0.08780 -0.99432 0.06013
vn 0.08222 -0.99432 0.06756
vn 0.08222 -0.99432 0.06756
vn 0.08222 -0.99432 0.06756
vn 0.07602 -0.99432 0.07447
vn 0.07602 -0.99432 0.07447
vn 0.07602 -0.99432 0.07447
vn 0.06924 -0.99432 0.08081
vn 0.06924 -0.99432 0.08081
vn 0.06924 -0.99432 0.08081
vn 0.06193 -0.99432 0.08654
vn 0.06193 -0.99432 0.08654
vn 0.06193 -0.99432 0.08654
vn 0.05416 -0.99432 0.09160
vn 0.05416 -0.99432 0.09160
vn 0.05416 -0.99432 0.09160
vn 0.04597 -0.99432 0.09598
vn 0.04597 -0.99432 0.09598
vn 0.04597 -0.99432 0.09598
vn 0.03743 -0.99432 0.09962
vn 0.03743 -0.99432 0.09962
vn 0.03743 -0.99432 0.09962
vn 0.02860 -0.99432 0.10250
vn 0.02860 -0.99432 0.10250
vn 0.02860 -0.99432 0.10250
vn 0.01956 -0.99432 0.10460
vn 0.01956 -0.99432 0.10460
vn 0.01956 -0.99432 0.10460
vn 0.01037 -0.99432 0.10591
vn 0.01037 -0.99432 0.10591
vn 0.01037 -0.99432 0.10591
vn 0.00110 -0.99432 0.10641
vn 0.00110 -0.99432 0.10641
vn 0.00110 -0.99432 0.10641
vn -0.00818 -0.99432 0.10610
vn -0.00818 -0.99432 0.10610
vn -0.00818 -0.99432 0.10610
vn -0.01740 -0.99432 0.10498
vn -0.01740 -0.99432 0.10498
vn -0.01740 -0.99432 0.10498
vn -0.02648 -0.99432 0.10307
vn -0.02648 -0.99432 0.10307
vn -0.02648 -0.99432 0.10307
vn -0.03536 -0.99432 0.10037
vn -0.03536 -0.99432 0.10037
vn -0.03536 -0.99432 0.10037
vn -0.04398 -0.99432 0.09690
vn -0.04398 -0.99432 0.09690
vn -0.04398 -0.99432 0.09690
vn -0.05225 -0.99432 0.09270
vn -0.05225 -0.99432 0.09270
vn -0.05225 -0.99432 0.09270
vn -0.06013 -0.99432 0.08780
vn -0.06013 -0.99432 0.08780
vn -0.06013 -0.99432 0.08780
vn -0.06756 -0.99432 0.08222
vn -0.06756 -0.99432 0.08222
vn -0.06756 -0.99432 0.08222
vn -0.07447 -0.99432 0.07602
vn -0.07447 -0.99432 0.07602
vn -0.07447 -0.99432 0.07602
vn -0.08081 -0.99432 0.06924
vn -0.08081 -0.99432 0.06924
vn -0.08081 -0.99432 0.06924
vn -0.08654 -0.99432 0.06193
vn -0.08654 -0.99432 0.06193
vn -0.08654 -0.99432 0.06193
vn -0.09160 -0.99432 0.05416
vn -0.09160 -0.99432 0.05416
vn -0.09160 -0.99432 0.05416
vn -0.09598 -0.99432 0.04597
vn -0.09598 -0.99432 0.04597
vn -0.09598 -0.99432 0.04597
vn -0.09962 -0.99432 0.03743
vn -0.09962 -0.99432 0.03743
vn -0.09962 -0.99432 0.03743
vn -0.10250 -0.99432 0.02860
vn -0.10250 -0.99432 0.02860
vn -0.10250 -0.99432 0.02860
vn -0.10460 -0.99432 0.01956
vn -0.10460 -0.99432 0.01956
vn -0.10460 -0.99432 0.01956
vn -0.10591 -0.99432 0.01037
vn -0.10591 -0.99432 0.01037
vn -0.10641 -0.99432 0.00110
vn -0.10641 -0.99432 0.00110
vn -0.10641 -0.99432 0.00110
vn -0.10610 -0.99432 -0.00818
vn -0.10610 -0.99432 -0.00818
vn -0.10610 -0.99432 -0.00818
vn -0.10498 -0.99432 -0.01740
vn -0.10498 -0.99432 -0.01740
vn -0.10498 -0.99432 -0.01740
vn -0.10307 -0.99432 -0.02648
vn -0.10307 -0.99432 -0.02648
vn -0.10307 -0.99432 -0.02648
vn -0.10037 -0.99432 -0.03536
vn -0.10037 -0.99432 -0.03536
vn -0.10037 -0.99432 -0.03536
vn -0.09690 -0.99432 -0.04398
vn -0.09690 -0.99432 -0.04398
vn -0.09690 -0.99432 -0.04398
vn -0.09270 -0.99432 -0.05225
vn -0.09270 -0.99432 -0.05225
vn -0.09270 -0.99432 -0.05225
vn -0.08780 -0.99432 -0.06013
vn -0.08780 -0.99432 -0.06013
vn -0.08780 -0.99432 -0.06014
vn -0.08222 -0.99432 -0.06756
vn -0.08222 -0.99432 -0.06756
vn -0.08222 -0.99432 -0.06756
vn -0.07602 -0.99432 -0.07447
vn -0.07602 -0.99432 -0.07447
vn -0.07602 -0.99432 -0.07447
vn -0.06924 -0.99432 -0.08081
vn -0.06924 -0.99432 -0.08081
vn -0.06924 -0.99432 -0.08081
vn -0.06193 -0.99432 -0.08654
vn -0.06193 -0.99432 -0.08654
vn -0.06193 -0.99432 -0.08654
vn -0.05416 -0.99432 -0.09160
vn -0.05416 -0.99432 -0.09160
vn -0.05416 -0.99432 -0.09160
vn -0.04597 -0.99432 -0.09598
vn -0.04597 -0.99432 -0.09598
vn -0.04597 -0.99432 -0.09598
vn -0.03743 -0.99432 -0.09962
vn -0.03743 -0.99432 -0.09962
vn -0.03743 -0.99432 -0.09962
vn -0.02860 -0.99432 -0.10250
vn -0.02860 -0.99432 -0.10250
vn -0.02860 -0.99432 -0.10250
vn -0.01956 -0.99432 -0.10460
vn -0.01956 -0.99432 -0.10460
vn -0.01956 -0.99432 -0.10460
vn -0.01037 -0.99432 -0.10591
vn -0.01037 -0.99432 -0.10591
vn -0.01037 -0.99432 -0.10591
vn -0.00110 -0.99432 -0.10641
vn -0.00110 -0.99432 -0.10641
vn -0.00110 -0.99432 -0.10641
vn 0.00818 -0.99432 -0.10610
vn 0.00818 -0.99432 -0.10610
vn 0.00818 -0.99432 -0.10610
vn 0.01740 -0.99432 -0.10498
vn 0.01740 -0.99432 -0.10498
vn 0.01740 -0.99432 -0.10498
vn 0.02648 -0.99432 -0.10307
vn 0.02648 -0.99432 -0.10307
vn 0.02648 -0.99432 -0.10307
vn 0.03536 -0.99432 -0.10037
vn 0.03536 -0.99432 -0.10037
vn 0.03536 -0.99432 -0.10037
vn 0.04398 -0.99432 -0.09690
vn 0.04398 -0.99432 -0.09690
vn 0.04398 -0.99432 -0.09690
vn 0.05225 -0.99432 -0.09270
vn 0.05225 -0.99432 -0.09270
vn 0.05225 -0.99432 -0.09270
vn 0.06013 -0.99432 -0.08780
vn 0.06013 -0.99432 -0.08780
vn 0.06013 -0.99432 -0.08780
vn 0.06756 -0.99432 -0.08222
vn 0.06756 -0.99432 -0.08222
vn 0.06756 -0.99432 -0.08222
vn 0.07447 -0.99432 -0.07602
vn 0.07447 -0.99432 -0.07602
vn 0.07447 -0.99432 -0.07602
vn 0.08081 -0.99432 -0.06924
vn 0.08081 -0.99432 -0.06924
vn 0.08081 -0.99432 -0.06924
vn 0.08654 -0.99432 -0.06193
vn 0.08654 -0.99432 -0.06193
vn 0.08654 -0.99432 -0.06193
vn 0.09160 -0.99432 -0.05416
vn 0.09160 -0.99432 -0.05416
vn 0.09598 -0.99432 -0.04597
vn 0.09598 -0.99432 -0.04597
vn 0.09598 -0.99432 -0.04597
vn 0.09962 -0.99432 -0.03743
vn 0.09962 -0.99432 -0.03743
vn 0.09962 -0.99432 -0.03743
vn 0.10250 -0.99432 -0.02860
vn 0.10250 -0.99432 -0.02860
vn 0.10250 -0.99432 -0.02860
vn 0.10460 -0.99432 -0.01956
vn 0.10460 -0.99432 -0.01956
vn 0.10591 -0.99432 -0.01037
vn 0.10591 -0.99432 -0.01037
vn 0.10591 -0.99432 -0.01037
vn 0.10641 -0.99432 -0.00110
vn 0.10641 -0.99432 -0.00110
vn 0.10641 -0.99432 -0.00110
vn 0.10610 -0.99432 0.00818
vn 0.10610 -0.99432 0.00818
vn 0.10610 -0.99432 0.00818
vn 0.10498 -0.99432 0.01740
vn 0.10498 -0.99432 0.01740
vn 0.10498 -0.99432 0.01740
vn 0.10307 -0.99432 0.02648
vn 0.10307 -0.99432 0.02648
vn 0.10307 -0.99432 0.02648
vn 0.10037 -0.99432 0.03536
vn 0.10037 -0.99432 0.03536
vn 0.10037 -0.99432 0.03536
vn 0.09690 -0.99432 0.04398
vn 0.09690 -0.99432 0.04398
vn 0.09690 -0.99432 0.04398
vn 0.89822 0.00000 0.43955
vn 0.32433 -0.00000 0.94594
vn 0.24065 -0.00000 0.97061
vn -0.10583 0.00000 0.99438
vn -0.19209 0.00000 0.98138
vn -0.91408 0.00000 0.40554
vn -0.94594 0.00000 0.32433
vn -0.98138 0.00000 -0.19209
vn -0.96090 0.00000 -0.27689
vn -0.93311 0.00000 -0.35959
vn -0.48367 0.00000 -0.87525
vn -0.40554 0.00000 -0.91408
vn 0.87525 0.00000 -0.48367
vn 0.91408 0.00000 -0.40554
vn 0.96090 0.00000 0.27689
vn 0.93311 0.00000 0.35959
# 3065 normals
usemtl paint
f  3564/3913/6964 4594/3914/6965 4595/3915/6966 3563/3916/6967
f  3565/3917/6968 4593/3918/6969 4594/3914/6965 3564/3913/6964
f  3566/3919/6970 4592/3920/6971 4593/3918/6969 3565/3917/6968
f  3567/3921/6972 4591/3922/6973 4592/3920/6971 3566/3919/6970
f  3568/3923/6974 4590/3924/6975 4591/3922/6973 3567/3921/6972
f  3569/3925/6976 4589/3926/6977 4590/3924/6975 3568/3923/6974
f  3570/3927/6978 4588/3928/6979 4589/3926/6977 3569/3925/6976
f  3571/3929/6980 4587/3930/6981 4588/3928/6979 3570/3927/6978
f  3572/3931/6982 4586/3932/6983 4587/3930/6981 3571/3929/6980
f  3573/3933/6984 4585/3934/6985 4586/3932/6983 3572/3931/6982
f  3574/3935/6986 4584/3936/6987 4585/3934/6985 3573/3933/6984
f  3575/3937/6988 4583/3938/6989 4584/3936/6987 3574/3935/6986
f  3576/3939/6990 4582/3940/6991 4583/3938/6989 3575/3937/6988
f  3577/3941/6992 4581/3942/6993 4582/3940/6991 3576/3939/6990
f  3578/3943/6994 4580/3944/6995 4581/3942/6993 3577/3941/6992
f  3579/3945/6996 4579/3946/6997 4580/3944/6995 3578/3943/6994
f  3580/3947/6998 4578/3948/6999 4579/3946/6997 3579/3945/6996
f  3581/3949/7000 4577/3950/7001 4578/3948/6999 3580/3947/6998
f  3582/3951/7002 4576/3952/7003 4577/3953/7001 3581/3954/7000
f  3583/3955/7004 4575/3956/7005 4576/3952/7003 3582/3951/7002
f  3584/3957/7006 4574/3958/7007 4575/3956/7005 3583/3955/7004
f  3585/3959/7008 4573/3960/7009 4574/3958/7007 3584/3957/7006
f  3586/3961/7010 4572/3962/7011 4573/3960/7009 3585/3959/7008
f  3587/3963/7012 4571/3964/7013 4572/3962/7011 3586/3961/7010
f  3588/3965/7014 4642/3966/7015 4571/3964/7013 3587/3963/7012
f  3589/3967/7016 4641/3968/7017 4642/3966/7015 3588/3965/7014
f  3590/3969/7018 4640/3970/7019 4641/3968/7017 3589/3967/7016
f  3591/3971/7020 4639/3972/7021 4640/3970/7019 3590/3969/7018
f  3592/3973/7022 4638/3974/7023 4639/3972/7021 3591/3971/7020
f  3593/3975/7024 4637/3976/7025 4638/3974/7023 3592/3973/7022
f  3594/3977/7026 4636/3978/7027 4637/3976/7025 3593/3975/7024
f  3595/3979/7028 4635/3980/7029 4636/3978/7027 3594/3977/7026
f  3596/3981/7030 4634/3982/7031 4635/3980/7029 3595/3979/7028
f  3597/3983/7032 4633/3984/7033 4634/3982/7031 3596/3981/7030
f  3598/3985/7034 4632/3986/7035 4633/3984/7033 3597/3983/7032
f  3599/3987/7036 4631/3988/7037 4632/3986/7035 3598/3985/7034
f  3600/3989/7038 4630/3990/7039 4631/3988/7037 3599/3987/7036
f  3601/3991/7040 4629/3992/7041 4630/3990/7039 3600/3989/7038
f  3602/3993/7042 4628/3994/7043 4629/3992/7041 3601/3991/7040
f  3603/3995/7044 4627/3996/7045 4628/3994/7043 3602/3993/7042
f  3604/3997/7046 4626/3998/7047 4627/3996/7045 3603/3995/7044
f  3605/3999/7048 4625/4000/7049 4626/3998/7047 3604/3997/7046
f  3606/4001/7050 4624/4002/7051 4625/4000/7049 3605/3999/7048
f  3607/4003/7052 4623/4004/7053 4624/4002/7051 3606/4001/7050
f  3608/4005/7054 4622/4006/7055 4623/4004/7053 3607/4003/7052
f  3609/4007/7056 4621/4008/7057 4622/4006/7055 3608/4005/7054
f  3610/4009/7058 4620/4010/7059 4621/4008/7057 3609/4007/7056
f  3611/4011/7060 4619/4012/7061 4620/4010/7059 3610/4009/7058
f  3612/4013/7062 4618/4014/7063 4619/4012/7061 3611/4011/7060
f  3613/4015/7064 4617/4016/7065 4618/4014/7063 3612/4013/7062
f  3614/4017/7066 4616/4018/7067 4617/4016/7065 3613/4015/7064
f  3615/4019/7068 4615/4020/7069 4616/4018/7067 3614/4017/7066
f  3616/4021/7070 4614/4022/7071 4615/4020/7069 3615/4019/7068
f  3617/4023/7072 4613/4024/7073 4614/4022/7071 3616/4021/7070
f  3618/4025/7074 4612/4026/7075 4613/4027/7073 3617/4028/7072
f  3619/4029/7076 4611/4030/7077 4612/4026/7075 3618/4025/7074
f  3620/4031/7078 4610/4032/7079 4611/4030/7077 3619/4029/7076
f  3621/4033/7080 4609/4034/7081 4610/4032/7079 3620/4031/7078
f  3622/4035/7082 4608/4036/7083 4609/4034/7081 3621/4033/7080
f  3623/4037/7084 4607/4038/7085 4608/4036/7083 3622/4035/7082
f  3624/4039/7086 4606/4040/7087 4607/4038/7085 3623/4037/7084
f  3625/4041/7088 4605/4042/7089 4606/4040/7087 3624/4039/7086
f  3626/4043/7090 4604/4044/7091 4605/4042/7089 3625/4041/7088
f  3627/4045/7092 4603/4046/7093 4604/4044/7091 3626/4043/7090
f  3628/4047/7094 4602/4048/7095 4603/4046/7093 3627/4045/7092
f  3629/4049/7096 4601/4050/7097 4602/4048/7095 3628/4047/7094
f  3630/4051/7098 4600/4052/7099 4601/4050/7097 3629/4049/7096
f  3631/4053/7100 4599/4054/7101 4600/4052/7099 3630/4051/7098
f  3632/4055/7102 4598/4056/7103 4599/4054/7101 3631/4053/7100
f  3633/4057/7104 4597/4058/7105 4598/4056/7103 3632/4055/7102
f  3634/4059/7106 4596/4060/7107 4597/4058/7105 3633/4057/7104
f  3563/3916/6967 4595/3915/6966 4596/4060/7107 3634/4059/7106
f  3636/4061/7108 4523/4062/7109 4524/4063/7108 3635/4064/7110
f  3637/4065/7111 4522/4066/7112 4523/4062/7111 3636/4061/7113
f  3638/4067/7114 4521/4068/7115 4522/4066/7114 3637/4065/7116
f  3639/4069/7117 4520/4070/7118 4521/4068/7117 3638/4067/7119
f  3640/4071/7120 4519/4072/7121 4520/4070/7120 3639/4069/7122
f  3641/4073/7123 4518/4074/7124 4519/4072/7123 3640/4071/7125
f  3642/4075/7126 4517/4076/7127 4518/4074/7126 3641/4073/7128
f  3643/4077/7129 4516/4078/7130 4517/4076/7129 3642/4075/7131
f  3644/4079/7132 4515/4080/7133 4516/4078/7132 3643/4077/7134
f  3645/4081/7135 4514/4082/7136 4515/4080/7135 3644/4079/7137
f  3646/4083/7138 4513/4084/7139 4514/4082/7138 3645/4081/7140
f  3647/4085/7141 4512/4086/7142 4513/4084/7141 3646/4083/7143
f  3648/4087/7144 4511/4088/7145 4512/4086/7144 3647/4085/7146
f  3649/4089/7147 4510/4090/7148 4511/4088/7147 3648/4087/7149
f  3650/4091/7150 4509/4092/7151 4510/4090/7150 3649/4089/7152
f  3651/4093/7153 4508/4094/7154 4509/4092/7153 3650/4091/7155
f  3652/4095/7156 4507/4096/7157 4508/4094/7156 3651/4093/7158
f  3653/4097/7159 4506/4098/7160 4507/4096/7159 3652/4095/7161
f  3654/4099/7162 4505/4100/7163 4506/4098/7162 3653/4097/7164
f  3655/4101/7165 4504/4102/7166 4505/4100/7165 3654/4099/7167
f  3656/4103/7168 4503/4104/7169 4504/4102/7168 3655/4101/7170
f  3657/4105/7171 4502/4106/7172 4503/4104/7171 3656/4103/7173
f  3658/4107/7174 4501/4108/7175 4502/4106/7174 3657/4105/7176
f  3659/4109/7177 4500/4110/7178 4501/4108/7177 3658/4107/7179
f  3660/4111/7180 4499/4112/7181 4500/4110/7180 3659/4109/7182
f  3661/4113/7183 4570/4114/7184 4499/4112/7183 3660/4111/7185
f  3662/4115/7186 4569/4116/7187 4570/4114/7186 3661/4113/7188
f  3663/4117/7189 4568/4118/7190 4569/4116/7189 3662/4115/7191
f  3664/4119/7192 4567/4120/7193 4568/4118/7192 3663/4117/7194
f  3665/4121/7195 4566/4122/7196 4567/4120/7195 3664/4119/7197
f  3666/4123/7198 4565/4124/7199 4566/4122/7198 3665/4121/7200
f  3667/4125/7201 4564/4126/7202 4565/4124/7201 3666/4123/7203
f  3668/4127/7204 4563/4128/7205 4564/4126/7204 3667/4125/7206
f  3669/4129/7207 4562/4130/7208 4563/4128/7207 3668/4127/7209
f  3670/4131/7210 4561/4132/7211 4562/4130/7210 3669/4129/7212
f  3671/4133/7213 4560/4134/7214 4561/4132/7213 3670/4131/7215
f  3672/4135/7216 4559/4136/7217 4560/4134/7216 3671/4133/7218
f  3673/4137/7219 4558/4138/7220 4559/4136/7219 3672/4135/7221
f  3674/4139/7222 4557/4140/7223 4558/4138/7222 3673/4137/7224
f  3675/4141/7225 4556/4142/7226 4557/4140/7225 3674/4139/7227
f  3676/4143/7228 4555/4144/7229 4556/4142/7228 3675/4141/7230
f  3677/4145/7231 4554/4146/7232 4555/4144/7231 3676/4143/7233
f  3678/4147/7234 4553/4148/7235 4554/4146/7234 3677/4145/7236
f  3679/4149/7237 4552/4150/7238 4553/4148/7237 3678/4147/7239
f  3680/4151/7240 4551/4152/7241 4552/4150/7240 3679/4149/7242
f  3681/4153/7243 4550/4154/7244 4551/4152/7243 3680/4151/7245
f  3682/4155/7246 4549/4156/7247 4550/4154/7246 3681/4153/7248
f  3683/4157/7249 4548/4158/7250 4549/4156/7249 3682/4155/7251
f  3684/4159/7252 4547/4160/7253 4548/4158/7252 3683/4157/7254
f  3685/4161/7255 4546/4162/7256 4547/4160/7255 3684/4159/7257
f  3686/4163/7258 4545/4164/7259 4546/4162/7258 3685/4161/7260
f  3687/4165/7261 4544/4166/7262 4545/4164/7261 3686/4163/7263
f  3688/4167/7264 4543/4168/7265 4544/4166/7264 3687/4165/7266
f  3689/4169/7267 4542/4170/7268 4543/4168/7267 3688/4167/7269
f  3690/4171/7270 4541/4172/7271 4542/4170/7270 3689/4169/7272
f  3691/4173/7273 4540/4174/7274 4541/4172/7273 3690/4171/7275
f  3692/4175/7276 4539/4176/7277 4540/4174/7276 3691/4173/7278
f  3693/4177/7279 4538/4178/7280 4539/4176/7279 3692/4175/7281
f  3694/4179/7282 4537/4180/7283 4538/4178/7282 3693/4177/7284
f  3695/4181/7285 4536/4182/7286 4537/4180/7285 3694/4179/7287
f  3696/4183/7288 4535/4184/7289 4536/4182/7288 3695/4181/7288
f  3697/4185/7290 4534/4186/7291 4535/4184/7290 3696/4183/7292
f  3698/4187/7293 4533/4188/7294 4534/4186/7293 3697/4185/7295
f  3699/4189/7296 4532/4190/7297 4533/4188/7296 3698/4187/7298
f  3700/4191/7299 4531/4192/7300 4532/4190/7299 3699/4189/7301
f  3701/4193/7302 4530/4194/7303 4531/4192/7302 3700/4191/7304
f  3702/4195/7305 4529/4196/7306 4530/4194/7305 3701/4193/7307
f  3703/4197/7308 4528/4198/7309 4529/4196/7308 3702/4195/7310
f  3704/4199/7311 4527/4200/7312 4528/4198/7311 3703/4197/7313
f  3705/4201/7314 4526/4202/7315 4527/4200/7314 3704/4199/7316
f  3706/4203/7317 4525/4204/7318 4526/4202/7317 3705/4201/7319
f  3635/4064/7320 4524/4063/7321 4525/4204/7320 3706/4203/7322
f  3707/4205/7323 3708/4206/7323 3780/4207/7323 3779/4208/7323
f  3708/4206/7324 3709/4209/7324 3781/4210/7324 3780/4207/7324
f  3709/4209/7325 3710/4211/7325 3782/4212/7325 3781/4210/7325
f  3710/4211/7326 3711/4213/7326 3783/4214/7326 3782/4212/7326
f  3711/4213/7327 3712/4215/7327 3784/4216/7327 3783/4214/7327
f  3712/4215/7328 3713/4217/7328 3785/4218/7328 3784/4216/7328
f  3713/4217/7329 3714/4219/7329 3786/4220/7329 3785/4218/7329
f  3714/4219/7330 3715/4221/7330 3787/4222/7330 3786/4220/7330
f  3715/4221/7331 3716/4223/7331 3788/4224/7331 3787/4222/7331
f  3716/4223/7332 3717/4225/7332 3789/4226/7332 3788/4224/7332
f  3717/4225/7333 3718/4227/7333 3790/4228/7333 3789/4226/7333
f  3718/4227/7334 3719/4229/7334 3791/4230/7334 3790/4228/7334
f  3719/4229/7335 3720/4231/7335 3792/4232/7335 3791/4230/7335
f  3720/4231/7336 3721/4233/7336 3793/4234/7336 3792/4232/7336
f  3721/4233/7337 3722/4235/7337 3794/4236/7337 3793/4234/7337
f  3722/4235/7338 3723/4237/7338 3795/4238/7338 3794/4236/7338
f  3723/4237/7339 3724/4239/7339 3796/4240/7339 3795/4238/7339
f  3724/4239/7340 3725/4241/7340 3797/4242/7340 3796/4240/7340
f  3725/4243/7341 3726/4244/7341 3798/4245/7341 3797/4246/7341
f  3726/4244/7342 3727/4247/7342 3799/4248/7342 3798/4245/7342
f  3727/4247/7343 3728/4249/7343 3800/4250/7343 3799/4248/7343
f  3728/4249/7344 3729/4251/7344 3801/4252/7344 3800/4250/7344
f  3729/4251/7345 3730/4253/7345 3802/4254/7345 3801/4252/7345
f  3730/4253/7346 3731/4255/7346 3803/4256/7346 3802/4254/7346
f  3731/4255/7347 3732/4257/7347 3804/4258/7347 3803/4256/7347
f  3732/4257/7348 3733/4259/7348 3805/4260/7348 3804/4258/7348
f  3733/4259/7349 3734/4261/7349 3806/4262/7349 3805/4260/7349
f  3734/4261/7350 3735/4263/7350 3807/4264/7350 3806/4262/7350
f  3735/4263/7351 3736/4265/7351 3808/4266/7351 3807/4264/7351
f  3736/4265/7352 3737/4267/7352 3809/4268/7352 3808/4266/7352
f  3737/4267/7353 3738/4269/7353 3810/4270/7353 3809/4268/7353
f  3738/4269/7354 3739/4271/7354 3811/4272/7354 3810/4270/7354
f  3739/4271/7355 3740/4273/7355 3812/4274/7355 3811/4272/7355
f  3740/4273/7356 3741/4275/7356 3813/4276/7356 3812/4274/7356
f  3741/4275/7357 3742/4277/7357 3814/4278/7357 3813/4276/7357
f  3742/4277/7358 3743/4279/7358 3815/4280/7358 3814/4278/7358
f  3743/4279/7359 3744/4281/7359 3816/4282/7359 3815/4280/7359
f  3744/4281/7360 3745/4283/7360 3817/4284/7360 3816/4282/7360
f  3745/4283/7361 3746/4285/7361 3818/4286/7361 3817/4284/7361
f  3746/4285/7362 3747/4287/7362 3819/4288/7362 3818/4286/7362
f  3747/4287/7363 3748/4289/7363 3820/4290/7363 3819/4288/7363
f  3748/4289/7364 3749/4291/7364 3821/4292/7364 3820/4290/7364
f  3749/4291/7365 3750/4293/7365 3822/4294/7365 3821/4292/7365
f  3750/4293/7366 3751/4295/7366 3823/4296/7366 3822/4294/7366
f  3751/4295/7367 3752/4297/7367 3824/4298/7367 3823/4296/7367
f  3752/4297/7368 3753/4299/7368 3825/4300/7368 3824/4298/7368
f  3753/4299/7369 3754/4301/7369 3826/4302/7369 3825/4300/7369
f  3754/4301/7370 3755/4303/7370 3827/4304/7370 3826/4302/7370
f  3755/4303/7371 3756/4305/7371 3828/4306/7371 3827/4304/7371
f  3756/4305/7372 3757/4307/7372 3829/4308/7372 3828/4306/7372
f  3757/4307/7373 3758/4309/7373 3830/4310/7373 3829/4308/7373
f  3758/4309/7374 3759/4311/7374 3831/4312/7374 3830/4310/7374
f  3759/4311/7375 3760/4313/7375 3832/4314/7375 3831/4312/7375
f  3760/4313/7376 3761/4315/7376 3833/4316/7376 3832/4314/7376
f  3761/4317/7377 3762/4318/7377 3834/4319/7377 3833/4320/7377
f  3762/4318/7378 3763/4321/7378 3835/4322/7378 3834/4319/7378
f  3763/4321/7379 3764/4323/7379 3836/4324/7379 3835/4322/7379
f  3764/4323/7380 3765/4325/7380 3837/4326/7380 3836/4324/7380
f  3765/4325/7381 3766/4327/7381 3838/4328/7381 3837/4326/7381
f  3766/4327/7382 3767/4329/7382 3839/4330/7382 3838/4328/7382
f  3767/4329/7383 3768/4331/7383 3840/4332/7383 3839/4330/7383
f  3768/4331/7384 3769/4333/7384 3841/4334/7384 3840/4332/7384
f  3769/4333/7385 3770/4335/7385 3842/4336/7385 3841/4334/7385
f  3770/4335/7386 3771/4337/7386 3843/4338/7386 3842/4336/7386
f  3771/4337/7387 3772/4339/7387 3844/4340/7387 3843/4338/7387
f  3772/4339/7388 3773/4341/7388 3845/4342/7388 3844/4340/7388
f  3773/4341/7389 3774/4343/7389 3846/4344/7389 3845/4342/7389
f  3774/4343/7390 3775/4345/7390 3847/4346/7390 3846/4344/7390
f  3775/4345/7391 3776/4347/7391 3848/4348/7391 3847/4346/7391
f  3776/4347/7392 3777/4349/7392 3849/4350/7392 3848/4348/7392
f  3777/4349/7393 3778/4351/7393 3850/4352/7393 3849/4350/7393
f  3778/4351/7394 3707/4205/7394 3779/4208/7394 3850/4352/7394
f  3779/4208/7395 3780/4207/7395 3852/4353/7395 3851/4354/7395
f  3780/4207/7395 3781/4210/7395 3853/4355/7395 3852/4353/7395
f  3781/4210/7395 3782/4212/7395 3854/4356/7395 3853/4355/7395
f  3782/4212/7395 3783/4214/7395 3855/4357/7395 3854/4356/7395
f  3783/4214/7395 3784/4216/7395 3856/4358/7395 3855/4357/7395
f  3784/4216/7395 3785/4218/7395 3857/4359/7395 3856/4358/7395
f  3785/4218/7395 3786/4220/7395 3858/4360/7395 3857/4359/7395
f  3786/4220/7395 3787/4222/7395 3859/4361/7395 3858/4360/7395
f  3787/4222/7395 3788/4224/7395 3860/4362/7395 3859/4361/7395
f  3788/4224/7395 3789/4226/7395 3861/4363/7395 3860/4362/7395
f  3789/4226/7396 3790/4228/7397 3862/4364/7396 3861/4363/7395
f  3790/4228/7398 3791/4230/7399 3863/4365/7398 3862/4364/7400
f  3791/4230/7401 3792/4232/7395 3864/4366/7401 3863/4365/7402
f  3792/4232/7403 3793/4234/7404 3865/4367/7403 3864/4366/7405
f  3793/4234/7406 3794/4236/7395 3866/4368/7406 3865/4367/7407
f  3794/4236/7395 3795/4238/7395 3867/4369/7395 3866/4368/7395
f  3795/4238/7395 3796/4240/7395 3868/4370/7395 3867/4369/7395
f  3796/4240/7395 3797/4242/7395 3869/4371/7395 3868/4370/7395
f  3797/4246/7395 3798/4245/7395 3870/4372/7395 3869/4373/7395
f  3798/4245/7395 3799/4248/7395 3871/4374/7395 3870/4372/7395
f  3799/4248/7395 3800/4250/7395 3872/4375/7395 3871/4374/7395
f  3800/4250/7408 3801/4252/7409 3873/4376/7408 3872/4375/7410
f  3801/4252/7411 3802/4254/7395 3874/4377/7411 3873/4376/7412
f  3802/4254/7413 3803/4256/7414 3875/4378/7413 3874/4377/7415
f  3803/4256/7416 3804/4258/7417 3876/4379/7416 3875/4378/7418
f  3804/4258/7419 3805/4260/7420 3877/4380/7419 3876/4379/7421
f  3805/4260/7395 3806/4262/7395 3878/4381/7395 3877/4380/7395
f  3806/4262/7395 3807/4264/7395 3879/4382/7395 3878/4381/7395
f  3807/4264/7395 3808/4266/7395 3880/4383/7395 3879/4382/7395
f  3808/4266/7395 3809/4268/7395 3881/4384/7395 3880/4383/7395
f  3809/4268/7395 3810/4270/7395 3882/4385/7395 3881/4384/7395
f  3810/4270/7395 3811/4272/7395 3883/4386/7395 3882/4385/7395
f  3811/4272/7395 3812/4274/7395 3884/4387/7395 3883/4386/7395
f  3812/4274/7395 3813/4276/7395 3885/4388/7395 3884/4387/7395
f  3813/4276/7395 3814/4278/7395 3886/4389/7395 3885/4388/7395
f  3814/4278/7395 3815/4280/7395 3887/4390/7395 3886/4389/7395
f  3815/4280/7395 3816/4282/7395 3888/4391/7395 3887/4390/7395
f  3816/4282/7395 3817/4284/7395 3889/4392/7395 3888/4391/7395
f  3817/4284/7395 3818/4286/7395 3890/4393/7395 3889/4392/7395
f  3818/4286/7422 3819/4288/7423 3891/4394/7422 3890/4393/7424
f  3819/4288/7395 3820/4290/7395 3892/4395/7395 3891/4394/7395
f  3820/4290/7395 3821/4292/7395 3893/4396/7395 3892/4395/7395
f  3821/4292/7395 3822/4294/7395 3894/4397/7395 3893/4396/7395
f  3822/4294/7395 3823/4296/7395 3895/4398/7395 3894/4397/7395
f  3823/4296/7395 3824/4298/7395 3896/4399/7395 3895/4398/7395
f  3824/4298/7395 3825/4300/7395 3897/4400/7395 3896/4399/7395
f  3825/4300/7425 3826/4302/7426 3898/4401/7425 3897/4400/7395
f  3826/4302/7427 3827/4304/7428 3899/4402/7427 3898/4401/7429
f  3827/4304/7430 3828/4306/7395 3900/4403/7430 3899/4402/7431
f  3828/4306/7432 3829/4308/7433 3901/4404/7432 3900/4403/7434
f  3829/4308/7435 3830/4310/7395 3902/4405/7435 3901/4404/7436
f  3830/4310/7395 3831/4312/7395 3903/4406/7395 3902/4405/7395
f  3831/4312/7395 3832/4314/7395 3904/4407/7395 3903/4406/7395
f  3832/4314/7395 3833/4316/7395 3905/4408/7395 3904/4407/7395
f  3833/4320/7395 3834/4319/7395 3906/4409/7395 3905/4410/7395
f  3834/4319/7395 3835/4322/7395 3907/4411/7395 3906/4409/7395
f  3835/4322/7395 3836/4324/7395 3908/4412/7395 3907/4411/7395
f  3836/4324/7437 3837/4326/7438 3909/4413/7437 3908/4412/7439
f  3837/4326/7440 3838/4328/7395 3910/4414/7440 3909/4413/7441
f  3838/4328/7442 3839/4330/7443 3911/4415/7442 3910/4414/7444
f  3839/4330/7445 3840/4332/7446 3912/4416/7445 3911/4415/7447
f  3840/4332/7448 3841/4334/7449 3913/4417/7448 3912/4416/7450
f  3841/4334/7395 3842/4336/7395 3914/4418/7395 3913/4417/7395
f  3842/4336/7395 3843/4338/7395 3915/4419/7395 3914/4418/7395
f  3843/4338/7395 3844/4340/7395 3916/4420/7395 3915/4419/7395
f  3844/4340/7395 3845/4342/7395 3917/4421/7395 3916/4420/7395
f  3845/4342/7395 3846/4344/7395 3918/4422/7395 3917/4421/7395
f  3846/4344/7395 3847/4346/7395 3919/4423/7395 3918/4422/7395
f  3847/4346/7451 3848/4348/7452 3920/4424/7451 3919/4423/7453
f  3848/4348/7395 3849/4350/7395 3921/4425/7395 3920/4424/7395
f  3849/4350/7395 3850/4352/7395 3922/4426/7395 3921/4425/7395
f  3850/4352/7395 3779/4208/7395 3851/4354/7395 3922/4426/7395
f  3851/4354/7454 3852/4353/7455 4239/4427/7454 4240/4428/7456
f  3853/4355/7457 4238/4429/7458 4239/4427/7457 3852/4353/7459
f  3853/4355/7460 3854/4356/7461 4237/4430/7460 4238/4429/7462
f  3855/4357/7463 4236/4431/7464 4237/4430/7463 3854/4356/7465
f  3855/4357/7466 3856/4358/7467 4235/4432/7466 4236/4431/7468
f  3857/4359/7469 4234/4433/7470 4235/4432/7469 3856/4358/7471
f  3857/4359/7472 3858/4360/7473 4233/4434/7472 4234/4433/7474
f  3859/4361/7475 4232/4435/7476 4233/4434/7475 3858/4360/7477
f  3859/4361/7478 3860/4362/7479 4231/4436/7478 4232/4435/7480
f  3861/4363/7481 4230/4437/7482 4231/4436/7481 3860/4362/7483
f  3861/4363/7484 3862/4364/7485 4229/4438/7484 4230/4437/7486
f  3863/4365/7487 4228/4439/7488 4229/4438/7487 3862/4364/7489
f  3863/4365/7490 3864/4366/7491 4227/4440/7490 4228/4439/7492
f  3865/4367/7493 4226/4441/7494 4227/4440/7493 3864/4366/7495
f  3865/4367/7496 3866/4368/7497 4225/4442/7496 4226/4441/7498
f  3867/4369/7499 4224/4443/7500 4225/4442/7499 3866/4368/7501
f  3867/4369/7502 3868/4370/7503 4223/4444/7502 4224/4443/7504
f  3869/4371/7505 4222/4445/7506 4223/4444/7505 3868/4370/7507
f  3869/4373/7508 3870/4372/7509 4221/4446/7508 4222/4447/7510
f  3871/4374/7511 4220/4448/7512 4221/4446/7511 3870/4372/7513
f  3871/4374/7514 3872/4375/7515 4219/4449/7514 4220/4448/7516
f  3873/4376/7517 4218/4450/7518 4219/4449/7517 3872/4375/7519
f  3873/4376/7520 3874/4377/7521 4217/4451/7520 4218/4450/7522
f  3875/4378/7523 4216/4452/7524 4217/4451/7523 3874/4377/7525
f  3875/4378/7526 3876/4379/7527 4215/4453/7526 4216/4452/7528
f  3877/4380/7529 4214/4454/7530 4215/4453/7529 3876/4379/7531
f  3877/4380/7532 3878/4381/7533 4213/4455/7532 4214/4454/7534
f  3879/4382/7535 4212/4456/7536 4213/4455/7535 3878/4381/7537
f  3879/4382/7538 3880/4383/7539 4211/4457/7538 4212/4456/7540
f  3881/4384/7541 4282/4458/7542 4211/4457/7541 3880/4383/7543
f  3881/4384/7544 3882/4385/7545 4281/4459/7544 4282/4458/7546
f  3883/4386/7547 4280/4460/7548 4281/4459/7547 3882/4385/7549
f  3883/4386/7550 3884/4387/7551 4279/4461/7550 4280/4460/7552
f  3885/4388/7553 4278/4462/7554 4279/4461/7553 3884/4387/7555
f  3885/4388/7556 3886/4389/7557 4277/4463/7556 4278/4462/7558
f  3887/4390/7559 4276/4464/7560 4277/4463/7559 3886/4389/7561
f  3887/4390/7562 3888/4391/7563 4275/4465/7562 4276/4464/7564
f  3889/4392/7565 4274/4466/7566 4275/4465/7565 3888/4391/7567
f  3889/4392/7568 3890/4393/7569 4273/4467/7568 4274/4466/7570
f  3891/4394/7571 4272/4468/7572 4273/4467/7571 3890/4393/7573
f  3891/4394/7574 3892/4395/7575 4271/4469/7574 4272/4468/7576
f  3893/4396/7577 4270/4470/7578 4271/4469/7577 3892/4395/7579
f  3893/4396/7580 3894/4397/7581 4269/4471/7580 4270/4470/7582
f  3895/4398/7583 4268/4472/7584 4269/4471/7583 3894/4397/7585
f  3895/4398/7586 3896/4399/7587 4267/4473/7586 4268/4472/7588
f  3897/4400/7589 4266/4474/7590 4267/4473/7589 3896/4399/7591
f  3897/4400/7592 3898/4401/7593 4265/4475/7592 4266/4474/7594
f  3899/4402/7595 4264/4476/7596 4265/4475/7595 3898/4401/7597
f  3899/4402/7598 3900/4403/7599 4263/4477/7598 4264/4476/7600
f  3901/4404/7601 4262/4478/7602 4263/4477/7601 3900/4403/7603
f  3901/4404/7604 3902/4405/7605 4261/4479/7604 4262/4478/7606
f  3903/4406/7607 4260/4480/7608 4261/4479/7607 3902/4405/7609
f  3903/4406/7610 3904/4407/7611 4259/4481/7610 4260/4480/7612
f  3905/4408/7613 4258/4482/7614 4259/4481/7613 3904/4407/7615
f  3905/4410/7616 3906/4409/7617 4257/4483/7616 4258/4484/7618
f  3907/4411/7619 4256/4485/7620 4257/4483/7619 3906/4409/7621
f  3907/4411/7622 3908/4412/7623 4255/4486/7622 4256/4485/7624
f  3909/4413/7625 4254/4487/7626 4255/4486/7625 3908/4412/7627
f  3909/4413/7628 3910/4414/7629 4253/4488/7628 4254/4487/7630
f  3911/4415/7631 4252/4489/7632 4253/4488/7631 3910/4414/7633
f  3911/4415/7634 3912/4416/7635 4251/4490/7634 4252/4489/7636
f  3913/4417/7637 4250/4491/7638 4251/4490/7637 3912/4416/7639
f  3913/4417/7640 3914/4418/7641 4249/4492/7640 4250/4491/7642
f  3915/4419/7643 4248/4493/7644 4249/4492/7643 3914/4418/7645
f  3915/4419/7646 3916/4420/7647 4247/4494/7646 4248/4493/7648
f  3917/4421/7649 4246/4495/7650 4247/4494/7649 3916/4420/7651
f  3917/4421/7652 3918/4422/7653 4245/4496/7652 4246/4495/7654
f  3919/4423/7655 4244/4497/7656 4245/4496/7655 3918/4422/7657
f  3919/4423/7658 3920/4424/7659 4243/4498/7658 4244/4497/7660
f  3921/4425/7661 4242/4499/7662 4243/4498/7661 3920/4424/7663
f  3921/4425/7664 3922/4426/7665 4241/4500/7664 4242/4499/7666
f  3851/4354/7667 4240/4428/7668 4241/4500/7667 3922/4426/7669
f  3923/4501/7395 3924/4502/7395 3996/4503/7395 3995/4504/7395
f  3924/4502/7395 3925/4505/7395 3997/4506/7395 3996/4503/7395
f  3925/4505/7395 3926/4507/7395 3998/4508/7395 3997/4506/7395
f  3926/4507/7395 3927/4509/7395 3999/4510/7395 3998/4508/7395
f  3927/4509/7395 3928/4511/7395 4000/4512/7395 3999/4510/7395
f  3928/4511/7395 3929/4513/7395 4001/4514/7395 4000/4512/7395
f  3929/4513/7395 3930/4515/7395 4002/4516/7395 4001/4514/7395
f  3930/4515/7395 3931/4517/7395 4003/4518/7395 4002/4516/7395
f  3931/4517/7395 3932/4519/7395 4004/4520/7395 4003/4518/7395
f  3932/4519/7395 3933/4521/7395 4005/4522/7395 4004/4520/7395
f  3933/4521/7395 3934/4523/7395 4006/4524/7395 4005/4522/7395
f  3934/4523/7395 3935/4525/7395 4007/4526/7395 4006/4524/7395
f  3935/4525/7395 3936/4527/7395 4008/4528/7395 4007/4526/7395
f  3936/4527/7395 3937/4529/7395 4009/4530/7395 4008/4528/7395
f  3937/4529/7395 3938/4531/7395 4010/4532/7395 4009/4530/7395
f  3938/4531/7395 3939/4533/7395 4011/4534/7395 4010/4532/7395
f  3939/4533/7395 3940/4535/7395 4012/4536/7395 4011/4534/7395
f  3940/4535/7395 3941/4537/7395 4013/4538/7395 4012/4536/7395
f  3941/4539/7395 3942/4540/7395 4014/4541/7395 4013/4542/7395
f  3942/4540/7395 3943/4543/7395 4015/4544/7395 4014/4541/7395
f  3943/4543/7395 3944/4545/7395 4016/4546/7395 4015/4544/7395
f  3944/4545/7395 3945/4547/7395 4017/4548/7395 4016/4546/7395
f  3945/4547/7395 3946/4549/7395 4018/4550/7395 4017/4548/7395
f  3946/4549/7395 3947/4551/7395 4019/4552/7395 4018/4550/7395
f  3947/4551/7395 3948/4553/7395 4020/4554/7395 4019/4552/7395
f  3948/4553/7395 3949/4555/7395 4021/4556/7395 4020/4554/7395
f  3949/4555/7395 3950/4557/7395 4022/4558/7395 4021/4556/7395
f  3950/4557/7395 3951/4559/7395 4023/4560/7395 4022/4558/7395
f  3951/4559/7395 3952/4561/7395 4024/4562/7395 4023/4560/7395
f  3952/4561/7395 3953/4563/7395 4025/4564/7395 4024/4562/7395
f  3953/4563/7395 3954/4565/7395 4026/4566/7395 4025/4564/7395
f  3954/4565/7395 3955/4567/7395 4027/4568/7395 4026/4566/7395
f  3955/4567/7395 3956/4569/7395 4028/4570/7395 4027/4568/7395
f  3956/4569/7395 3957/4571/7395 4029/4572/7395 4028/4570/7395
f  3957/4571/7395 3958/4573/7395 4030/4574/7395 4029/4572/7395
f  3958/4573/7395 3959/4575/7395 4031/4576/7395 4030/4574/7395
f  3959/4575/7395 3960/4577/7395 4032/4578/7395 4031/4576/7395
f  3960/4577/7395 3961/4579/7395 4033/4580/7395 4032/4578/7395
f  3961/4579/7395 3962/4581/7395 4034/4582/7395 4033/4580/7395
f  3962/4581/7395 3963/4583/7395 4035/4584/7395 4034/4582/7395
f  3963/4583/7395 3964/4585/7395 4036/4586/7395 4035/4584/7395
f  3964/4585/7395 3965/4587/7395 4037/4588/7395 4036/4586/7395
f  3965/4587/7395 3966/4589/7395 4038/4590/7395 4037/4588/7395
f  3966/4589/7395 3967/4591/7395 4039/4592/7395 4038/4590/7395
f  3967/4591/7395 3968/4593/7395 4040/4594/7395 4039/4592/7395
f  3968/4593/7395 3969/4595/7395 4041/4596/7395 4040/4594/7395
f  3969/4595/7395 3970/4597/7395 4042/4598/7395 4041/4596/7395
f  3970/4597/7395 3971/4599/7395 4043/4600/7395 4042/4598/7395
f  3971/4599/7395 3972/4601/7395 4044/4602/7395 4043/4600/7395
f  3972/4601/7395 3973/4603/7395 4045/4604/7395 4044/4602/7395
f  3973/4603/7395 3974/4605/7395 4046/4606/7395 4045/4604/7395
f  3974/4605/7395 3975/4607/7395 4047/4608/7395 4046/4606/7395
f  3975/4607/7395 3976/4609/7395 4048/4610/7395 4047/4608/7395
f  3976/4609/7395 3977/4611/7395 4049/4612/7395 4048/4610/7395
f  3977/4613/7395 3978/4614/7395 4050/4615/7395 4049/4616/7395
f  3978/4614/7395 3979/4617/7395 4051/4618/7395 4050/4615/7395
f  3979/4617/7395 3980/4619/7395 4052/4620/7395 4051/4618/7395
f  3980/4619/7395 3981/4621/7395 4053/4622/7395 4052/4620/7395
f  3981/4621/7395 3982/4623/7395 4054/4624/7395 4053/4622/7395
f  3982/4623/7395 3983/4625/7395 4055/4626/7395 4054/4624/7395
f  3983/4625/7395 3984/4627/7395 4056/4628/7395 4055/4626/7395
f  3984/4627/7395 3985/4629/7395 4057/4630/7395 4056/4628/7395
f  3985/4629/7395 3986/4631/7395 4058/4632/7395 4057/4630/7395
f  3986/4631/7395 3987/4633/7395 4059/4634/7395 4058/4632/7395
f  3987/4633/7395 3988/4635/7395 4060/4636/7395 4059/4634/7395
f  3988/4635/7395 3989/4637/7395 4061/4638/7395 4060/4636/7395
f  3989/4637/7395 3990/4639/7395 4062/4640/7395 4061/4638/7395
f  3990/4639/7395 3991/4641/7395 4063/4642/7395 4062/4640/7395
f  3991/4641/7395 3992/4643/7395 4064/4644/7395 4063/4642/7395
f  3992/4643/7395 3993/4645/7395 4065/4646/7395 4064/4644/7395
f  3993/4645/7395 3994/4647/7395 4066/4648/7395 4065/4646/7395
f  3994/4647/7395 3923/4501/7395 3995/4504/7395 4066/4648/7395
f  3996/4503/7670 4376/4649/7671 4377/4650/7670 3995/4504/7672
f  3997/4506/7673 4375/4651/7674 4376/4649/7673 3996/4503/7675
f  3998/4508/7676 4374/4652/7677 4375/4651/7676 3997/4506/7678
f  3999/4510/7679 4373/4653/7680 4374/4652/7679 3998/4508/7681
f  4000/4512/7682 4372/4654/7683 4373/4653/7682 3999/4510/7684
f  4001/4514/7685 4371/4655/7685 4372/4654/7685 4000/4512/7685
f  4002/4516/7686 4370/4656/7687 4371/4655/7686 4001/4514/7688
f  4003/4518/7689 4369/4657/7689 4370/4656/7689 4002/4516/7689
f  4004/4520/7690 4368/4658/7691 4369/4657/7690 4003/4518/7692
f  4005/4522/7693 4367/4659/7693 4368/4658/7693 4004/4520/7693
f  4006/4524/7694 4366/4660/7695 4367/4659/7694 4005/4522/7696
f  4007/4526/7697 4365/4661/7698 4366/4660/7697 4006/4524/7699
f  4008/4528/7700 4364/4662/7700 4365/4661/7700 4007/4526/7700
f  4009/4530/7701 4363/4663/7701 4364/4662/7701 4008/4528/7701
f  4010/4532/7702 4362/4664/7703 4363/4663/7702 4009/4530/7704
f  4011/4534/7705 4361/4665/7705 4362/4664/7705 4010/4532/7705
f  4012/4536/7706 4360/4666/7707 4361/4665/7706 4011/4534/7708
f  4013/4538/7709 4359/4667/7710 4360/4666/7709 4012/4536/7711
f  4014/4541/7712 4358/4668/7713 4359/4669/7712 4013/4542/7714
f  4015/4544/7715 4357/4670/7716 4358/4668/7715 4014/4541/7717
f  4016/4546/7718 4356/4671/7719 4357/4670/7718 4015/4544/7720
f  4017/4548/7721 4355/4672/7721 4356/4671/7721 4016/4546/7721
f  4018/4550/7722 4426/4673/7723 4355/4672/7722 4017/4548/7724
f  4019/4552/7725 4425/4674/7726 4426/4673/7725 4018/4550/7727
f  4020/4554/7728 4424/4675/7729 4425/4674/7728 4019/4552/7730
f  4021/4556/7731 4423/4676/7731 4424/4675/7731 4020/4554/7731
f  4022/4558/7732 4422/4677/7733 4423/4676/7732 4021/4556/7734
f  4023/4560/7735 4421/4678/7736 4422/4677/7735 4022/4558/7737
f  4024/4562/7738 4420/4679/7739 4421/4678/7738 4023/4560/7740
f  4025/4564/7741 4419/4680/7741 4420/4679/7741 4024/4562/7741
f  4026/4566/7742 4418/4681/7742 4419/4680/7742 4025/4564/7742
f  4027/4568/7743 4417/4682/7743 4418/4681/7743 4026/4566/7743
f  4028/4570/7744 4416/4683/7745 4417/4682/7744 4027/4568/7746
f  4029/4572/7747 4415/4684/7748 4416/4683/7747 4028/4570/7749
f  4030/4574/7750 4414/4685/7751 4415/4684/7750 4029/4572/7752
f  4031/4576/7753 4413/4686/7754 4414/4685/7753 4030/4574/7755
f  4032/4578/7756 4412/4687/7756 4413/4686/7756 4031/4576/7756
f  4033/4580/7757 4411/4688/7757 4412/4687/7757 4032/4578/7757
f  4034/4582/7758 4410/4689/7759 4411/4688/7758 4033/4580/7760
f  4035/4584/7761 4409/4690/7762 4410/4689/7761 4034/4582/7763
f  4036/4586/7764 4408/4691/7764 4409/4690/7764 4035/4584/7764
f  4037/4588/7765 4407/4692/7765 4408/4691/7765 4036/4586/7765
f  4038/4590/7766 4406/4693/7766 4407/4692/7766 4037/4588/7766
f  4039/4592/7767 4405/4694/7767 4406/4693/7767 4038/4590/7767
f  4040/4594/7768 4404/4695/7769 4405/4694/7768 4039/4592/7770
f  4041/4596/7771 4403/4696/7772 4404/4695/7771 4040/4594/7773
f  4042/4598/7774 4402/4697/7775 4403/4696/7774 4041/4596/7776
f  4043/4600/7777 4401/4698/7778 4402/4697/7777 4042/4598/7779
f  4044/4602/7780 4400/4699/7781 4401/4698/7780 4043/4600/7782
f  4045/4604/7783 4399/4700/7783 4400/4699/7783 4044/4602/7783
f  4046/4606/7784 4398/4701/7784 4399/4700/7784 4045/4604/7784
f  4047/4608/7785 4397/4702/7785 4398/4701/7785 4046/4606/7785
f  4048/4610/7786 4396/4703/7787 4397/4702/7786 4047/4608/7788
f  4049/4612/7789 4395/4704/7790 4396/4703/7789 4048/4610/7791
f  4050/4615/7792 4394/4705/7792 4395/4706/7792 4049/4616/7792
f  4051/4618/7793 4393/4707/7794 4394/4705/7793 4050/4615/7795
f  4052/4620/7796 4392/4708/7797 4393/4707/7796 4051/4618/7798
f  4053/4622/7799 4391/4709/7800 4392/4708/7799 4052/4620/7801
f  4054/4624/7802 4390/4710/7802 4391/4709/7802 4053/4622/7802
f  4055/4626/7803 4389/4711/7804 4390/4710/7803 4054/4624/7805
f  4056/4628/7806 4388/4712/7807 4389/4711/7806 4055/4626/7808
f  4057/4630/7809 4387/4713/7809 4388/4712/7809 4056/4628/7809
f  4058/4632/7810 4386/4714/7811 4387/4713/7810 4057/4630/7812
f  4059/4634/7813 4385/4715/7814 4386/4714/7813 4058/4632/7815
f  4060/4636/7816 4384/4716/7817 4385/4715/7816 4059/4634/7818
f  4061/4638/7819 4383/4717/7820 4384/4716/7819 4060/4636/7821
f  4062/4640/7822 4382/4718/7823 4383/4717/7822 4061/4638/7824
f  4063/4642/7825 4381/4719/7826 4382/4718/7825 4062/4640/7827
f  4064/4644/7828 4380/4720/7828 4381/4719/7828 4063/4642/7828
f  4065/4646/7829 4379/4721/7830 4380/4720/7829 4064/4644/7831
f  4066/4648/7832 4378/4722/7833 4379/4721/7832 4065/4646/7834
f  3995/4504/7835 4377/4650/7836 4378/4722/7835 4066/4648/7837
f  4067/4723/7838 4068/4724/7839 4140/4725/7838 4139/4726/7840
f  4068/4724/7841 4069/4727/7842 4141/4728/7841 4140/4725/7843
f  4069/4727/7844 4070/4729/7845 4142/4730/7844 4141/4728/7846
f  4070/4729/7847 4071/4731/7848 4143/4732/7847 4142/4730/7849
f  4071/4731/7850 4072/4733/7851 4144/4734/7850 4143/4732/7852
f  4072/4733/7853 4073/4735/7854 4145/4736/7853 4144/4734/7855
f  4073/4735/7856 4074/4737/7857 4146/4738/7856 4145/4736/7858
f  4074/4737/7859 4075/4739/7860 4147/4740/7859 4146/4738/7861
f  4075/4739/7862 4076/4741/7863 4148/4742/7862 4147/4740/7864
f  4076/4741/7865 4077/4743/7866 4149/4744/7865 4148/4742/7867
f  4077/4743/7868 4078/4745/7869 4150/4746/7868 4149/4744/7870
f  4078/4745/7871 4079/4747/7872 4151/4748/7871 4150/4746/7873
f  4079/4747/7874 4080/4749/7875 4152/4750/7874 4151/4748/7876
f  4080/4749/7877 4081/4751/7878 4153/4752/7877 4152/4750/7879
f  4081/4751/7880 4082/4753/7881 4154/4754/7880 4153/4752/7882
f  4082/4753/7883 4083/4755/7884 4155/4756/7883 4154/4754/7885
f  4083/4755/7886 4084/4757/7887 4156/4758/7886 4155/4756/7888
f  4084/4757/7889 4085/4759/7890 4157/4760/7889 4156/4758/7891
f  4085/4759/7892 4086/4761/7893 4158/4762/7892 4157/4760/7894
f  4086/4761/7895 4087/4763/7896 4159/4764/7895 4158/4762/7897
f  4087/4763/7898 4088/4765/7899 4160/4766/7898 4159/4764/7900
f  4088/4765/7901 4089/4767/7902 4161/4768/7901 4160/4766/7903
f  4089/4767/7904 4090/4769/7905 4162/4770/7904 4161/4768/7906
f  4090/4769/7907 4091/4771/7908 4163/4772/7907 4162/4770/7909
f  4091/4771/7910 4092/4773/7911 4164/4774/7910 4163/4772/7912
f  4092/4773/7913 4093/4775/7914 4165/4776/7913 4164/4774/7915
f  4093/4775/7916 4094/4777/7917 4166/4778/7916 4165/4776/7918
f  4094/4777/7919 4095/4779/7920 4167/4780/7919 4166/4778/7921
f  4095/4779/7922 4096/4781/7923 4168/4782/7922 4167/4780/7924
f  4096/4781/7925 4097/4783/7926 4169/4784/7925 4168/4782/7927
f  4097/4783/7928 4098/4785/7929 4170/4786/7928 4169/4784/7930
f  4098/4785/7931 4099/4787/7932 4171/4788/7931 4170/4786/7933
f  4099/4787/7934 4100/4789/7935 4172/4790/7934 4171/4788/7936
f  4100/4789/7937 4101/4791/7938 4173/4792/7937 4172/4790/7939
f  4101/4791/7940 4102/4793/7941 4174/4794/7940 4173/4792/7942
f  4102/4793/7943 4103/4795/7944 4175/4796/7943 4174/4794/7945
f  4103/4795/7946 4104/4797/7947 4176/4798/7946 4175/4796/7948
f  4104/4797/7949 4105/4799/7950 4177/4800/7949 4176/4798/7951
f  4105/4799/7952 4106/4801/7952 4178/4802/7952 4177/4800/7953
f  4106/4801/7954 4107/4803/7955 4179/4804/7954 4178/4802/7956
f  4107/4803/7957 4108/4805/7958 4180/4806/7957 4179/4804/7959
f  4108/4805/7960 4109/4807/7960 4181/4808/7960 4180/4806/7960
f  4109/4807/7961 4110/4809/7962 4182/4810/7961 4181/4808/7963
f  4110/4809/7964 4111/4811/7965 4183/4812/7964 4182/4810/7966
f  4111/4811/7967 4112/4813/7968 4184/4814/7967 4183/4812/7969
f  4112/4813/7970 4113/4815/7971 4185/4816/7970 4184/4814/7972
f  4113/4815/7973 4114/4817/7974 4186/4818/7973 4185/4816/7975
f  4114/4817/7976 4115/4819/7977 4187/4820/7976 4186/4818/7978
f  4115/4819/7979 4116/4821/7980 4188/4822/7979 4187/4820/7981
f  4116/4821/7982 4117/4823/7983 4189/4824/7982 4188/4822/7984
f  4117/4823/7985 4118/4825/7986 4190/4826/7985 4189/4824/7987
f  4118/4825/7988 4119/4827/7989 4191/4828/7988 4190/4826/7990
f  4119/4827/7991 4120/4829/7992 4192/4830/7991 4191/4828/7993
f  4120/4829/7994 4121/4831/7995 4193/4832/7994 4192/4830/7996
f  4121/4831/7997 4122/4833/7998 4194/4834/7997 4193/4832/7999
f  4122/4833/8000 4123/4835/8001 4195/4836/8000 4194/4834/8002
f  4123/4835/8003 4124/4837/8004 4196/4838/8003 4195/4836/8005
f  4124/4837/8006 4125/4839/8006 4197/4840/8006 4196/4838/8006
f  4125/4839/8007 4126/4841/8008 4198/4842/8007 4197/4840/8009
f  4126/4841/8010 4127/4843/8011 4199/4844/8010 4198/4842/8012
f  4127/4843/8013 4128/4845/8014 4200/4846/8013 4199/4844/8015
f  4128/4845/8016 4129/4847/8017 4201/4848/8016 4200/4846/8018
f  4129/4847/8019 4130/4849/8020 4202/4850/8019 4201/4848/8021
f  4130/4849/8022 4131/4851/8023 4203/4852/8022 4202/4850/8024
f  4131/4851/8025 4132/4853/8026 4204/4854/8025 4203/4852/8027
f  4132/4853/8028 4133/4855/8029 4205/4856/8028 4204/4854/8030
f  4133/4855/8031 4134/4857/8032 4206/4858/8031 4205/4856/8033
f  4134/4857/8034 4135/4859/8035 4207/4860/8034 4206/4858/8036
f  4135/4859/8037 4136/4861/8038 4208/4862/8037 4207/4860/8039
f  4136/4861/8040 4137/4863/8041 4209/4864/8040 4208/4862/8042
f  4137/4863/8043 4138/4865/8044 4210/4866/8043 4209/4864/8045
f  4138/4865/8046 4067/4723/8047 4139/4726/8046 4210/4866/8048
f  4310/4867/8049 4311/4868/8050 4240/4428/8049 4239/4427/8051
f  4238/4429/8052 4309/4869/8053 4310/4867/8052 4239/4427/8054
f  4308/4870/8055 4309/4869/8056 4238/4429/8055 4237/4430/8057
f  4236/4431/8058 4307/4871/8059 4308/4870/8058 4237/4430/8060
f  4306/4872/8061 4307/4871/8062 4236/4431/8061 4235/4432/8063
f  4234/4433/8064 4305/4873/8065 4306/4872/8064 4235/4432/8066
f  4304/4874/8067 4305/4873/8068 4234/4433/8067 4233/4434/8069
f  4232/4435/8070 4303/4875/8071 4304/4874/8070 4233/4434/8072
f  4302/4876/8073 4303/4875/8074 4232/4435/8073 4231/4436/8075
f  4230/4437/8076 4301/4877/8077 4302/4876/8076 4231/4436/8078
f  4300/4878/8079 4301/4877/8080 4230/4437/8079 4229/4438/8081
f  4228/4439/8082 4299/4879/8083 4300/4878/8082 4229/4438/8084
f  4298/4880/8085 4299/4879/8086 4228/4439/8085 4227/4440/8087
f  4226/4441/8088 4297/4881/8089 4298/4880/8088 4227/4440/8090
f  4296/4882/8091 4297/4881/8092 4226/4441/8091 4225/4442/8093
f  4224/4443/8094 4295/4883/8095 4296/4882/8094 4225/4442/8096
f  4294/4884/8097 4295/4883/8098 4224/4443/8097 4223/4444/8099
f  4222/4445/8100 4293/4885/8101 4294/4884/8100 4223/4444/8102
f  4292/4886/8103 4293/4887/8104 4222/4447/8103 4221/4446/8105
f  4220/4448/8106 4291/4888/8107 4292/4886/8106 4221/4446/8108
f  4290/4889/8109 4291/4888/8110 4220/4448/8109 4219/4449/8111
f  4218/4450/8112 4289/4890/8113 4290/4889/8112 4219/4449/8114
f  4288/4891/8115 4289/4890/8116 4218/4450/8115 4217/4451/8117
f  4216/4452/8118 4287/4892/8119 4288/4891/8118 4217/4451/8120
f  4286/4893/8121 4287/4892/8122 4216/4452/8121 4215/4453/8123
f  4214/4454/8124 4285/4894/8125 4286/4893/8124 4215/4453/8126
f  4284/4895/8127 4285/4894/8128 4214/4454/8127 4213/4455/8129
f  4212/4456/8130 4283/4896/8131 4284/4895/8130 4213/4455/8132
f  4354/4897/8133 4283/4896/8134 4212/4456/8133 4211/4457/8135
f  4282/4458/8136 4353/4898/8137 4354/4897/8136 4211/4457/8138
f  4352/4899/8139 4353/4898/8140 4282/4458/8139 4281/4459/8141
f  4280/4460/8142 4351/4900/8143 4352/4899/8142 4281/4459/8144
f  4350/4901/8145 4351/4900/8146 4280/4460/8145 4279/4461/8147
f  4278/4462/8148 4349/4902/8149 4350/4901/8148 4279/4461/8150
f  4348/4903/8151 4349/4902/8152 4278/4462/8151 4277/4463/8153
f  4276/4464/8154 4347/4904/8155 4348/4903/8154 4277/4463/8156
f  4346/4905/8157 4347/4904/8158 4276/4464/8157 4275/4465/8159
f  4274/4466/8160 4345/4906/8161 4346/4905/8160 4275/4465/8162
f  4344/4907/8163 4345/4906/8164 4274/4466/8163 4273/4467/8165
f  4272/4468/8166 4343/4908/8167 4344/4907/8166 4273/4467/8168
f  4342/4909/8169 4343/4908/8170 4272/4468/8169 4271/4469/8171
f  4270/4470/8172 4341/4910/8173 4342/4909/8172 4271/4469/8174
f  4340/4911/8175 4341/4910/8176 4270/4470/8175 4269/4471/8177
f  4268/4472/8178 4339/4912/8179 4340/4911/8178 4269/4471/8180
f  4338/4913/8181 4339/4912/8182 4268/4472/8181 4267/4473/8183
f  4266/4474/8184 4337/4914/8185 4338/4913/8184 4267/4473/8186
f  4336/4915/8187 4337/4914/8188 4266/4474/8187 4265/4475/8189
f  4264/4476/8190 4335/4916/8191 4336/4915/8190 4265/4475/8192
f  4334/4917/8193 4335/4916/8194 4264/4476/8193 4263/4477/8195
f  4262/4478/8196 4333/4918/8197 4334/4917/8196 4263/4477/8198
f  4332/4919/8199 4333/4918/8200 4262/4478/8199 4261/4479/8201
f  4260/4480/8202 4331/4920/8203 4332/4919/8202 4261/4479/8204
f  4330/4921/8205 4331/4920/8206 4260/4480/8205 4259/4481/8207
f  4258/4482/8208 4329/4922/8209 4330/4921/8208 4259/4481/8210
f  4328/4923/8211 4329/4924/8212 4258/4484/8211 4257/4483/8213
f  4256/4485/8214 4327/4925/8215 4328/4923/8214 4257/4483/8216
f  4326/4926/8217 4327/4925/8218 4256/4485/8217 4255/4486/8219
f  4254/4487/8220 4325/4927/8221 4326/4926/8220 4255/4486/8222
f  4324/4928/8223 4325/4927/8224 4254/4487/8223 4253/4488/8225
f  4252/4489/8226 4323/4929/8227 4324/4928/8226 4253/4488/8228
f  4322/4930/8229 4323/4929/8230 4252/4489/8229 4251/4490/8231
f  4250/4491/8232 4321/4931/8233 4322/4930/8232 4251/4490/8234
f  4320/4932/8235 4321/4931/8236 4250/4491/8235 4249/4492/8237
f  4248/4493/8238 4319/4933/8239 4320/4932/8238 4249/4492/8240
f  4318/4934/8241 4319/4933/8242 4248/4493/8241 4247/4494/8243
f  4246/4495/8244 4317/4935/8245 4318/4934/8244 4247/4494/8246
f  4316/4936/8247 4317/4935/8248 4246/4495/8247 4245/4496/8249
f  4244/4497/8250 4315/4937/8251 4316/4936/8250 4245/4496/8252
f  4314/4938/8253 4315/4937/8254 4244/4497/8253 4243/4498/8255
f  4242/4499/8256 4313/4939/8257 4314/4938/8256 4243/4498/8258
f  4312/4940/8259 4313/4939/8260 4242/4499/8259 4241/4500/8261
f  4240/4428/8262 4311/4868/8263 4312/4940/8262 4241/4500/8264
f  3924/4502/8265 3923/4501/8266 4311/4868/8265 4310/4867/8267
f  4309/4869/8268 3925/4505/8269 3924/4502/8268 4310/4867/8270
f  3926/4507/8271 3925/4505/8272 4309/4869/8271 4308/4870/8273
f  4307/4871/8274 3927/4509/8275 3926/4507/8274 4308/4870/8276
f  3928/4511/8277 3927/4509/8278 4307/4871/8277 4306/4872/8279
f  4305/4873/8280 3929/4513/8281 3928/4511/8280 4306/4872/8282
f  3930/4515/8283 3929/4513/8284 4305/4873/8283 4304/4874/8285
f  4303/4875/8286 3931/4517/8287 3930/4515/8286 4304/4874/8288
f  3932/4519/8289 3931/4517/8290 4303/4875/8289 4302/4876/8291
f  4301/4877/8292 3933/4521/8293 3932/4519/8292 4302/4876/8294
f  3934/4523/8295 3933/4521/8296 4301/4877/8295 4300/4878/8297
f  4299/4879/8298 3935/4525/8299 3934/4523/8298 4300/4878/8300
f  3936/4527/8301 3935/4525/8302 4299/4879/8301 4298/4880/8303
f  4297/4881/8304 3937/4529/8305 3936/4527/8304 4298/4880/8306
f  3938/4531/8307 3937/4529/8308 4297/4881/8307 4296/4882/8309
f  4295/4883/8310 3939/4533/8311 3938/4531/8310 4296/4882/8312
f  3940/4535/8313 3939/4533/8314 4295/4883/8313 4294/4884/8315
f  4293/4885/8316 3941/4537/8317 3940/4535/8316 4294/4884/8318
f  3942/4540/8319 3941/4539/8320 4293/4887/8319 4292/4886/8321
f  4291/4888/8322 3943/4543/8323 3942/4540/8322 4292/4886/8324
f  3944/4545/8325 3943/4543/8326 4291/4888/8325 4290/4889/8327
f  4289/4890/8328 3945/4547/8329 3944/4545/8328 4290/4889/8330
f  3946/4549/8331 3945/4547/8332 4289/4890/8331 4288/4891/8333
f  4287/4892/8334 3947/4551/8335 3946/4549/8334 4288/4891/8336
f  3948/4553/8337 3947/4551/8338 4287/4892/8337 4286/4893/8339
f  4285/4894/8340 3949/4555/8341 3948/4553/8340 4286/4893/8342
f  3950/4557/8343 3949/4555/8344 4285/4894/8343 4284/4895/8345
f  4283/4896/8346 3951/4559/8347 3950/4557/8346 4284/4895/8348
f  3952/4561/8349 3951/4559/8350 4283/4896/8349 4354/4897/8351
f  4353/4898/8352 3953/4563/8353 3952/4561/8352 4354/4897/8354
f  3954/4565/8355 3953/4563/8356 4353/4898/8355 4352/4899/8357
f  4351/4900/8358 3955/4567/8359 3954/4565/8358 4352/4899/8360
f  3956/4569/8361 3955/4567/8362 4351/4900/8361 4350/4901/8363
f  4349/4902/8364 3957/4571/8365 3956/4569/8364 4350/4901/8366
f  3958/4573/8367 3957/4571/8368 4349/4902/8367 4348/4903/8369
f  4347/4904/8370 3959/4575/8371 3958/4573/8370 4348/4903/8372
f  3960/4577/8373 3959/4575/8374 4347/4904/8373 4346/4905/8375
f  4345/4906/8376 3961/4579/8377 3960/4577/8376 4346/4905/8378
f  3962/4581/8379 3961/4579/8380 4345/4906/8379 4344/4907/8381
f  4343/4908/8382 3963/4583/8383 3962/4581/8382 4344/4907/8384
f  3964/4585/8385 3963/4583/8386 4343/4908/8385 4342/4909/8387
f  4341/4910/8388 3965/4587/8389 3964/4585/8388 4342/4909/8390
f  3966/4589/8391 3965/4587/8392 4341/4910/8391 4340/4911/8393
f  4339/4912/8394 3967/4591/8395 3966/4589/8394 4340/4911/8396
f  3968/4593/8397 3967/4591/8398 4339/4912/8397 4338/4913/8399
f  4337/4914/8400 3969/4595/8401 3968/4593/8400 4338/4913/8402
f  3970/4597/8403 3969/4595/8404 4337/4914/8403 4336/4915/8405
f  4335/4916/8406 3971/4599/8407 3970/4597/8406 4336/4915/8408
f  3972/4601/8409 3971/4599/8410 4335/4916/8409 4334/4917/8411
f  4333/4918/8412 3973/4603/8413 3972/4601/8412 4334/4917/8414
f  3974/4605/8415 3973/4603/8416 4333/4918/8415 4332/4919/8417
f  4331/4920/8418 3975/4607/8419 3974/4605/8418 4332/4919/8420
f  3976/4609/8421 3975/4607/8422 4331/4920/8421 4330/4921/8423
f  4329/4922/8424 3977/4611/8425 3976/4609/8424 4330/4921/8426
f  3978/4614/8427 3977/4613/8428 4329/4924/8427 4328/4923/8429
f  4327/4925/8430 3979/4617/8431 3978/4614/8430 4328/4923/8432
f  3980/4619/8433 3979/4617/8434 4327/4925/8433 4326/4926/8435
f  4325/4927/8436 3981/4621/8437 3980/4619/8436 4326/4926/8438
f  3982/4623/8439 3981/4621/8440 4325/4927/8439 4324/4928/8441
f  4323/4929/8442 3983/4625/8443 3982/4623/8442 4324/4928/8444
f  3984/4627/8445 3983/4625/8446 4323/4929/8445 4322/4930/8447
f  4321/4931/8448 3985/4629/8449 3984/4627/8448 4322/4930/8450
f  3986/4631/8451 3985/4629/8452 4321/4931/8451 4320/4932/8453
f  4319/4933/8454 3987/4633/8455 3986/4631/8454 4320/4932/8456
f  3988/4635/8457 3987/4633/8458 4319/4933/8457 4318/4934/8459
f  4317/4935/8460 3989/4637/8461 3988/4635/8460 4318/4934/8462
f  3990/4639/8463 3989/4637/8464 4317/4935/8463 4316/4936/8465
f  4315/4937/8466 3991/4641/8467 3990/4639/8466 4316/4936/8468
f  3992/4643/8469 3991/4641/8470 4315/4937/8469 4314/4938/8471
f  4313/4939/8472 3993/4645/8473 3992/4643/8472 4314/4938/8474
f  3994/4647/8475 3993/4645/8476 4313/4939/8475 4312/4940/8477
f  4311/4868/8478 3923/4501/8479 3994/4647/8478 4312/4940/8480
f  4068/4724/8481 4067/4723/8482 4377/4941/8481 4376/4942/8483
f  4069/4727/7674 4068/4724/7674 4376/4942/7674 4375/4943/7674
f  4070/4729/8484 4069/4727/7678 4375/4943/8484 4374/4944/8485
f  4071/4731/8486 4070/4729/8487 4374/4944/8486 4373/4945/8488
f  4072/4733/8489 4071/4731/8490 4373/4945/8489 4372/4946/7683
f  4073/4735/7685 4072/4733/7685 4372/4946/7685 4371/4947/7685
f  4074/4737/8491 4073/4735/7688 4371/4947/8491 4370/4948/8492
f  4075/4739/8493 4074/4737/8493 4370/4948/8493 4369/4949/8493
f  4076/4741/8494 4075/4739/8495 4369/4949/8494 4368/4950/7691
f  4077/4743/7693 4076/4741/7693 4368/4950/7693 4367/4951/7693
f  4078/4745/8496 4077/4743/7696 4367/4951/8496 4366/4952/8497
f  4079/4747/8498 4078/4745/8499 4366/4952/8498 4365/4953/7698
f  4080/4749/7700 4079/4747/7700 4365/4953/7700 4364/4954/7700
f  4081/4751/7701 4080/4749/7701 4364/4954/7701 4363/4955/7701
f  4082/4753/8500 4081/4751/7704 4363/4955/8500 4362/4956/8501
f  4083/4755/8502 4082/4753/8502 4362/4956/8502 4361/4957/8502
f  4084/4757/8503 4083/4755/8504 4361/4957/8503 4360/4958/8505
f  4085/4759/8506 4084/4757/8507 4360/4958/8506 4359/4959/7710
f  4086/4761/8508 4085/4759/7714 4359/4959/8508 4358/4960/8509
f  4087/4763/8510 4086/4761/8511 4358/4960/8510 4357/4961/7716
f  4088/4765/8512 4087/4763/7720 4357/4961/8512 4356/4962/8513
f  4089/4767/8514 4088/4765/8514 4356/4962/8514 4355/4963/8514
f  4090/4769/8515 4089/4767/8516 4355/4963/8515 4426/4964/7723
f  4091/4771/8517 4090/4769/7727 4426/4964/8517 4425/4965/8518
f  4092/4773/8519 4091/4771/8520 4425/4965/8519 4424/4966/7729
f  4093/4775/7731 4092/4773/7731 4424/4966/7731 4423/4967/7731
f  4094/4777/8521 4093/4775/7734 4423/4967/8521 4422/4968/8522
f  4095/4779/8523 4094/4777/8524 4422/4968/8523 4421/4969/8525
f  4096/4781/8526 4095/4779/8527 4421/4969/8526 4420/4970/7739
f  4097/4783/7741 4096/4781/7741 4420/4970/7741 4419/4971/7741
f  4098/4785/7742 4097/4783/7742 4419/4971/7742 4418/4972/7742
f  4099/4787/7743 4098/4785/7743 4418/4972/7743 4417/4973/7743
f  4100/4789/8528 4099/4787/7746 4417/4973/8528 4416/4974/8529
f  4101/4791/8530 4100/4789/8531 4416/4974/8530 4415/4975/8532
f  4102/4793/8533 4101/4791/8534 4415/4975/8533 4414/4976/8535
f  4103/4795/7754 4102/4793/7754 4414/4976/7754 4413/4977/7754
f  4104/4797/7756 4103/4795/7756 4413/4977/7756 4412/4978/7756
f  4105/4799/7757 4104/4797/7757 4412/4978/7757 4411/4979/7757
f  4106/4801/8536 4105/4799/7760 4411/4979/8536 4410/4980/8537
f  4107/4803/8538 4106/4801/8539 4410/4980/8538 4409/4981/7762
f  4108/4805/7764 4107/4803/7764 4409/4981/7764 4408/4982/7764
f  4109/4807/7765 4108/4805/7765 4408/4982/7765 4407/4983/7765
f  4110/4809/7766 4109/4807/7766 4407/4983/7766 4406/4984/7766
f  4111/4811/7767 4110/4809/7767 4406/4984/7767 4405/4985/7767
f  4112/4813/8540 4111/4811/7770 4405/4985/8540 4404/4986/8541
f  4113/4815/8542 4112/4813/8543 4404/4986/8542 4403/4987/8544
f  4114/4817/8545 4113/4815/8546 4403/4987/8545 4402/4988/8547
f  4115/4819/8548 4114/4817/8549 4402/4988/8548 4401/4989/8550
f  4116/4821/8551 4115/4819/8552 4401/4989/8551 4400/4990/7781
f  4117/4823/7783 4116/4821/7783 4400/4990/7783 4399/4991/7783
f  4118/4825/7784 4117/4823/7784 4399/4991/7784 4398/4992/7784
f  4119/4827/7785 4118/4825/7785 4398/4992/7785 4397/4993/7785
f  4120/4829/8553 4119/4827/7788 4397/4993/8553 4396/4994/8554
f  4121/4831/8555 4120/4829/8556 4396/4994/8555 4395/4995/7790
f  4122/4833/7792 4121/4831/7792 4395/4995/7792 4394/4996/7792
f  4123/4835/8557 4122/4833/7795 4394/4996/8557 4393/4997/8558
f  4124/4837/8559 4123/4835/8560 4393/4997/8559 4392/4998/8561
f  4125/4839/8562 4124/4837/8563 4392/4998/8562 4391/4999/7800
f  4126/4841/7802 4125/4839/7802 4391/4999/7802 4390/5000/7802
f  4127/4843/8564 4126/4841/7805 4390/5000/8564 4389/5001/8565
f  4128/4845/8566 4127/4843/8567 4389/5001/8566 4388/5002/7807
f  4129/4847/7809 4128/4845/7809 4388/5002/7809 4387/5003/7809
f  4130/4849/8568 4129/4847/7812 4387/5003/8568 4386/5004/8569
f  4131/4851/8570 4130/4849/8571 4386/5004/8570 4385/5005/7814
f  4132/4853/8572 4131/4851/7818 4385/5005/8572 4384/5006/8573
f  4133/4855/8574 4132/4853/8575 4384/5006/8574 4383/5007/7820
f  4134/4857/8576 4133/4855/7824 4383/5007/8576 4382/5008/8577
f  4135/4859/8578 4134/4857/8579 4382/5008/8578 4381/5009/7826
f  4136/4861/7828 4135/4859/7828 4381/5009/7828 4380/5010/7828
f  4137/4863/8580 4136/4861/7831 4380/5010/8580 4379/5011/8581
f  4138/4865/8582 4137/4863/8583 4379/5011/8582 4378/5012/7833
f  4067/4723/8584 4138/4865/7837 4378/5012/8584 4377/4941/8585
f  3708/5013/8586 3707/5014/8587 4452/5015/8586 4451/5016/8588
f  3709/5017/8589 3708/5013/8590 4451/5016/8589 4450/5018/8591
f  3710/5019/8592 3709/5017/8593 4450/5018/8592 4449/5020/8594
f  3711/5021/8595 3710/5019/8596 4449/5020/8595 4448/5022/8597
f  3712/5023/8598 3711/5021/8599 4448/5022/8598 4447/5024/8600
f  3713/5025/8601 3712/5023/8602 4447/5024/8601 4446/5026/8603
f  3714/5027/8604 3713/5025/8605 4446/5026/8604 4445/5028/8606
f  3715/5029/8607 3714/5027/8608 4445/5028/8607 4444/5030/8609
f  3716/5031/8610 3715/5029/8611 4444/5030/8610 4443/5032/8612
f  3717/5033/8613 3716/5031/8614 4443/5032/8613 4442/5034/8615
f  3718/5035/8616 3717/5033/8617 4442/5034/8616 4441/5036/8618
f  3719/5037/8619 3718/5035/8620 4441/5036/8619 4440/5038/8621
f  3720/5039/8622 3719/5037/8623 4440/5038/8622 4439/5040/8624
f  3721/5041/8625 3720/5039/8626 4439/5040/8625 4438/5042/8627
f  3722/5043/8628 3721/5041/8629 4438/5042/8628 4437/5044/8630
f  3723/5045/8631 3722/5043/8632 4437/5044/8631 4436/5046/8633
f  3724/5047/8634 3723/5045/8635 4436/5046/8634 4435/5048/8636
f  3725/5049/8637 3724/5047/8638 4435/5048/8637 4434/5050/8639
f  3726/5051/8640 3725/5049/8641 4434/5050/8640 4433/5052/8642
f  3727/5053/8643 3726/5051/8644 4433/5052/8643 4432/5054/8645
f  3728/5055/8646 3727/5053/8647 4432/5054/8646 4431/5056/8648
f  3729/5057/8649 3728/5055/8650 4431/5056/8649 4430/5058/8651
f  3730/5059/8652 3729/5057/8653 4430/5058/8652 4429/5060/8654
f  3731/5061/8655 3730/5059/8656 4429/5060/8655 4428/5062/8657
f  3732/5063/8658 3731/5061/8659 4428/5062/8658 4427/5064/8660
f  3733/5065/8661 3732/5063/8662 4427/5064/8661 4498/5066/8663
f  3734/5067/8664 3733/5065/8665 4498/5066/8664 4497/5068/8666
f  3735/5069/8667 3734/5067/8668 4497/5068/8667 4496/5070/8669
f  3736/5071/8670 3735/5069/8671 4496/5070/8670 4495/5072/8672
f  3737/5073/8673 3736/5071/8674 4495/5072/8673 4494/5074/8675
f  3738/5075/8676 3737/5073/8677 4494/5074/8676 4493/5076/8678
f  3739/5077/8679 3738/5075/8680 4493/5076/8679 4492/5078/8681
f  3740/5079/8682 3739/5077/8683 4492/5078/8682 4491/5080/8684
f  3741/5081/8685 3740/5079/8686 4491/5080/8685 4490/5082/8687
f  3742/5083/8688 3741/5081/8689 4490/5082/8688 4489/5084/8690
f  3743/5085/8691 3742/5083/8692 4489/5084/8691 4488/5086/8693
f  3744/5087/8694 3743/5085/8695 4488/5086/8694 4487/5088/8696
f  3745/5089/8697 3744/5087/8698 4487/5088/8697 4486/5090/8699
f  3746/5091/8700 3745/5089/8701 4486/5090/8700 4485/5092/8702
f  3747/5093/8703 3746/5091/8704 4485/5092/8703 4484/5094/8705
f  3748/5095/8706 3747/5093/8707 4484/5094/8706 4483/5096/8708
f  3749/5097/8709 3748/5095/8710 4483/5096/8709 4482/5098/8711
f  3750/5099/8712 3749/5097/8713 4482/5098/8712 4481/5100/8714
f  3751/5101/8715 3750/5099/8716 4481/5100/8715 4480/5102/8717
f  3752/5103/8718 3751/5101/8719 4480/5102/8718 4479/5104/8720
f  3753/5105/8721 3752/5103/8722 4479/5104/8721 4478/5106/8723
f  3754/5107/8724 3753/5105/8725 4478/5106/8724 4477/5108/8726
f  3755/5109/8727 3754/5107/8728 4477/5108/8727 4476/5110/8729
f  3756/5111/8730 3755/5109/8731 4476/5110/8730 4475/5112/8732
f  3757/5113/8733 3756/5111/8734 4475/5112/8733 4474/5114/8735
f  3758/5115/8736 3757/5113/8737 4474/5114/8736 4473/5116/8738
f  3759/5117/8739 3758/5115/8740 4473/5116/8739 4472/5118/8741
f  3760/5119/8742 3759/5117/8743 4472/5118/8742 4471/5120/8744
f  3761/5121/8745 3760/5119/8746 4471/5120/8745 4470/5122/8747
f  3762/5123/8748 3761/5121/8749 4470/5122/8748 4469/5124/8750
f  3763/5125/8751 3762/5123/8752 4469/5124/8751 4468/5126/8753
f  3764/5127/8754 3763/5125/8755 4468/5126/8754 4467/5128/8756
f  3765/5129/8757 3764/5127/8758 4467/5128/8757 4466/5130/8759
f  3766/5131/8760 3765/5129/8761 4466/5130/8760 4465/5132/8762
f  3767/5133/8763 3766/5131/8764 4465/5132/8763 4464/5134/8765
f  3768/5135/8766 3767/5133/8767 4464/5134/8766 4463/5136/8768
f  3769/5137/8769 3768/5135/8770 4463/5136/8769 4462/5138/8771
f  3770/5139/8772 3769/5137/8773 4462/5138/8772 4461/5140/8774
f  3771/5141/8775 3770/5139/8776 4461/5140/8775 4460/5142/8775
f  3772/5143/8777 3771/5141/8778 4460/5142/8777 4459/5144/8779
f  3773/5145/8780 3772/5143/8781 4459/5144/8780 4458/5146/8782
f  3774/5147/8783 3773/5145/8784 4458/5146/8783 4457/5148/8785
f  3775/5149/8786 3774/5147/8787 4457/5148/8786 4456/5150/8788
f  3776/5151/8789 3775/5149/8790 4456/5150/8789 4455/5152/8791
f  3777/5153/8792 3776/5151/8793 4455/5152/8792 4454/5154/8794
f  3778/5155/8795 3777/5153/8796 4454/5154/8795 4453/5156/8797
f  3707/5014/8798 3778/5155/8799 4453/5156/8798 4452/5015/8800
f  4981/5157/8801 4982/5158/8802 4524/4063/8801 4523/4062/8803
f  4980/5159/8804 4981/5157/8805 4523/4062/8804 4522/4066/8806
f  4979/5160/8807 4980/5159/8808 4522/4066/8807 4521/4068/8809
f  4978/5161/8810 4979/5160/8811 4521/4068/8810 4520/4070/8812
f  4977/5162/8813 4978/5161/8814 4520/4070/8813 4519/4072/8815
f  4976/5163/8816 4977/5162/8817 4519/4072/8816 4518/4074/8818
f  4975/5164/8819 4976/5163/8820 4518/4074/8819 4517/4076/8821
f  4974/5165/8822 4975/5164/8823 4517/4076/8822 4516/4078/8824
f  4973/5166/8825 4974/5165/8826 4516/4078/8825 4515/4080/8827
f  4972/5167/8828 4973/5166/8829 4515/4080/8828 4514/4082/8830
f  4971/5168/8831 4972/5167/8832 4514/4082/8831 4513/4084/8833
f  4970/5169/8834 4971/5168/8835 4513/4084/8834 4512/4086/8836
f  4969/5170/8837 4970/5169/8838 4512/4086/8837 4511/4088/8839
f  4968/5171/8840 4969/5170/8841 4511/4088/8840 4510/4090/8842
f  4967/5172/8843 4968/5171/8844 4510/4090/8843 4509/4092/8845
f  4966/5173/8846 4967/5172/8847 4509/4092/8846 4508/4094/8848
f  4965/5174/8849 4966/5173/8850 4508/4094/8849 4507/4096/8851
f  4964/5175/8852 4965/5174/8853 4507/4096/8852 4506/4098/8854
f  5035/5176/8855 4964/5175/8856 4506/4098/8855 4505/4100/8857
f  5034/5177/8858 5035/5176/8859 4505/4100/8858 4504/4102/8860
f  5033/5178/8861 5034/5177/8862 4504/4102/8861 4503/4104/8863
f  5032/5179/8864 5033/5178/8865 4503/4104/8864 4502/4106/8866
f  5031/5180/8867 5032/5179/8868 4502/4106/8867 4501/4108/8869
f  5030/5181/8870 5031/5180/8871 4501/4108/8870 4500/4110/8872
f  5029/5182/8873 5030/5181/8874 4500/4110/8873 4499/4112/8875
f  5028/5183/8876 5029/5182/8877 4499/4112/8876 4570/4114/8878
f  5027/5184/8879 5028/5183/8880 4570/4114/8879 4569/4116/8881
f  5026/5185/8882 5027/5184/8883 4569/4116/8882 4568/4118/8884
f  5025/5186/8885 5026/5185/8886 4568/4118/8885 4567/4120/8887
f  5024/5187/8888 5025/5186/8889 4567/4120/8888 4566/4122/8890
f  5023/5188/8891 5024/5187/8892 4566/4122/8891 4565/4124/8893
f  5022/5189/8894 5023/5188/8895 4565/4124/8894 4564/4126/8896
f  5021/5190/8897 5022/5189/8898 4564/4126/8897 4563/4128/8899
f  5020/5191/8900 5021/5190/8901 4563/4128/8900 4562/4130/8902
f  5019/5192/8903 5020/5191/8903 4562/4130/8903 4561/4132/8904
f  5018/5193/8905 5019/5192/8906 4561/4132/8905 4560/4134/8907
f  5017/5194/8908 5018/5193/8909 4560/4134/8908 4559/4136/8910
f  5016/5195/8911 5017/5194/8912 4559/4136/8911 4558/4138/8913
f  5015/5196/8914 5016/5195/8915 4558/4138/8914 4557/4140/8916
f  5014/5197/8917 5015/5196/8918 4557/4140/8917 4556/4142/8919
f  5013/5198/8920 5014/5197/8921 4556/4142/8920 4555/4144/8922
f  5012/5199/8923 5013/5198/8924 4555/4144/8923 4554/4146/8925
f  5011/5200/8926 5012/5199/8927 4554/4146/8926 4553/4148/8928
f  5010/5201/8929 5011/5200/8930 4553/4148/8929 4552/4150/8931
f  5009/5202/8932 5010/5201/8933 4552/4150/8932 4551/4152/8934
f  5008/5203/8935 5009/5202/8936 4551/4152/8935 4550/4154/8937
f  5007/5204/8938 5008/5203/8939 4550/4154/8938 4549/4156/8940
f  5006/5205/8941 5007/5204/8942 4549/4156/8941 4548/4158/8943
f  5005/5206/8944 5006/5205/8945 4548/4158/8944 4547/4160/8946
f  5004/5207/8947 5005/5206/8948 4547/4160/8947 4546/4162/8949
f  5003/5208/8950 5004/5207/8951 4546/4162/8950 4545/4164/8952
f  5002/5209/8953 5003/5208/8954 4545/4164/8953 4544/4166/8955
f  5001/5210/8956 5002/5209/8957 4544/4166/8956 4543/4168/8958
f  5000/5211/8959 5001/5210/8960 4543/4168/8959 4542/4170/8961
f  4999/5212/8962 5000/5211/8963 4542/4170/8962 4541/4172/8964
f  4998/5213/8965 4999/5212/8966 4541/4172/8965 4540/4174/8967
f  4997/5214/8968 4998/5213/8969 4540/4174/8968 4539/4176/8970
f  4996/5215/8971 4997/5214/8972 4539/4176/8971 4538/4178/8973
f  4995/5216/8974 4996/5215/8975 4538/4178/8974 4537/4180/8976
f  4994/5217/8977 4995/5216/8978 4537/4180/8977 4536/4182/8979
f  4993/5218/8980 4994/5217/8981 4536/4182/8980 4535/4184/8982
f  4992/5219/8983 4993/5218/8984 4535/4184/8983 4534/4186/8985
f  4991/5220/8986 4992/5219/8987 4534/4186/8986 4533/4188/8988
f  4990/5221/8989 4991/5220/8990 4533/4188/8989 4532/4190/8991
f  4989/5222/8992 4990/5221/8993 4532/4190/8992 4531/4192/8994
f  4988/5223/8995 4989/5222/8996 4531/4192/8995 4530/4194/8997
f  4987/5224/8998 4988/5223/8999 4530/4194/8998 4529/4196/9000
f  4986/5225/9001 4987/5224/9002 4529/4196/9001 4528/4198/9003
f  4985/5226/9004 4986/5225/9005 4528/4198/9004 4527/4200/9006
f  4984/5227/9007 4985/5226/9008 4527/4200/9007 4526/4202/9009
f  4983/5228/9010 4984/5227/9011 4526/4202/9010 4525/4204/9012
f  4982/5158/9013 4983/5228/9014 4525/4204/9013 4524/4063/9015
f  5053/5229/9016 5054/5230/9017 4595/3915/6966 4594/3914/6965
f  5052/5231/9018 5053/5229/9016 4594/3914/6965 4593/3918/6969
f  5051/5232/9019 5052/5231/9018 4593/3918/6969 4592/3920/6971
f  5050/5233/9020 5051/5232/9019 4592/3920/6971 4591/3922/6973
f  5049/5234/9021 5050/5233/9020 4591/3922/6973 4590/3924/6975
f  5048/5235/9022 5049/5234/9021 4590/3924/6975 4589/3926/6977
f  5047/5236/9023 5048/5235/9022 4589/3926/6977 4588/3928/6979
f  5046/5237/9024 5047/5236/9023 4588/3928/6979 4587/3930/6981
f  5045/5238/9025 5046/5237/9024 4587/3930/6981 4586/3932/6983
f  5044/5239/9026 5045/5238/9025 4586/3932/6983 4585/3934/6985
f  5043/5240/9027 5044/5239/9026 4585/3934/6985 4584/3936/6987
f  5042/5241/9028 5043/5240/9027 4584/3936/6987 4583/3938/6989
f  5041/5242/9029 5042/5241/9028 4583/3938/6989 4582/3940/6991
f  5040/5243/9030 5041/5242/9029 4582/3940/6991 4581/3942/6993
f  5039/5244/9031 5040/5243/9030 4581/3942/6993 4580/3944/6995
f  5038/5245/9032 5039/5244/9031 4580/3944/6995 4579/3946/6997
f  5037/5246/9033 5038/5245/9032 4579/3946/6997 4578/3948/6999
f  5036/5247/9034 5037/5246/9033 4578/3948/6999 4577/3950/7001
f  5107/5248/9035 5036/5249/9034 4577/3953/7001 4576/3952/7003
f  5106/5250/9036 5107/5248/9035 4576/3952/7003 4575/3956/7005
f  5105/5251/9037 5106/5250/9036 4575/3956/7005 4574/3958/7007
f  5104/5252/9038 5105/5251/9037 4574/3958/7007 4573/3960/7009
f  5103/5253/9039 5104/5252/9038 4573/3960/7009 4572/3962/7011
f  5102/5254/9040 5103/5253/9039 4572/3962/7011 4571/3964/7013
f  5101/5255/9041 5102/5254/9040 4571/3964/7013 4642/3966/7015
f  5100/5256/9042 5101/5255/9041 4642/3966/7015 4641/3968/7017
f  5099/5257/9043 5100/5256/9042 4641/3968/7017 4640/3970/7019
f  5098/5258/9044 5099/5257/9043 4640/3970/7019 4639/3972/7021
f  5097/5259/9045 5098/5258/9044 4639/3972/7021 4638/3974/7023
f  5096/5260/9046 5097/5259/9045 4638/3974/7023 4637/3976/7025
f  5095/5261/9047 5096/5260/9046 4637/3976/7025 4636/3978/7027
f  5094/5262/9048 5095/5261/9047 4636/3978/7027 4635/3980/7029
f  5093/5263/9049 5094/5262/9048 4635/3980/7029 4634/3982/7031
f  5092/5264/9050 5093/5263/9049 4634/3982/7031 4633/3984/7033
f  5091/5265/9051 5092/5264/9050 4633/3984/7033 4632/3986/7035
f  5090/5266/9052 5091/5265/9051 4632/3986/7035 4631/3988/7037
f  5089/5267/9053 5090/5266/9052 4631/3988/7037 4630/3990/7039
f  5088/5268/9054 5089/5267/9053 4630/3990/7039 4629/3992/7041
f  5087/5269/9055 5088/5268/9054 4629/3992/7041 4628/3994/7043
f  5086/5270/9056 5087/5269/9055 4628/3994/7043 4627/3996/7045
f  5085/5271/9057 5086/5270/9056 4627/3996/7045 4626/3998/7047
f  5084/5272/9058 5085/5271/9057 4626/3998/7047 4625/4000/7049
f  5083/5273/9059 5084/5272/9058 4625/4000/7049 4624/4002/7051
f  5082/5274/9060 5083/5273/9059 4624/4002/7051 4623/4004/7053
f  5081/5275/9061 5082/5274/9060 4623/4004/7053 4622/4006/7055
f  5080/5276/9062 5081/5275/9061 4622/4006/7055 4621/4008/7057
f  5079/5277/9063 5080/5276/9062 4621/4008/7057 4620/4010/7059
f  5078/5278/9064 5079/5277/9063 4620/4010/7059 4619/4012/7061
f  5077/5279/9065 5078/5278/9064 4619/4012/7061 4618/4014/7063
f  5076/5280/9066 5077/5279/9065 4618/4014/7063 4617/4016/7065
f  5075/5281/9067 5076/5280/9066 4617/4016/7065 4616/4018/7067
f  5074/5282/9068 5075/5281/9067 4616/4018/7067 4615/4020/7069
f  5073/5283/9069 5074/5282/9068 4615/4020/7069 4614/4022/7071
f  5072/5284/9070 5073/5283/9069 4614/4022/7071 4613/4024/7073
f  5071/5285/9071 5072/5286/9070 4613/4027/7073 4612/4026/7075
f  5070/5287/9072 5071/5285/9071 4612/4026/7075 4611/4030/7077
f  5069/5288/9073 5070/5287/9072 4611/4030/7077 4610/4032/7079
f  5068/5289/9074 5069/5288/9073 4610/4032/7079 4609/4034/7081
f  5067/5290/9075 5068/5289/9074 4609/4034/7081 4608/4036/7083
f  5066/5291/9076 5067/5290/9075 4608/4036/7083 4607/4038/7085
f  5065/5292/9077 5066/5291/9076 4607/4038/7085 4606/4040/7087
f  5064/5293/9078 5065/5292/9077 4606/4040/7087 4605/4042/7089
f  5063/5294/9079 5064/5293/9078 4605/4042/7089 4604/4044/7091
f  5062/5295/9080 5063/5294/9079 4604/4044/7091 4603/4046/7093
f  5061/5296/9081 5062/5295/9080 4603/4046/7093 4602/4048/7095
f  5060/5297/9082 5061/5296/9081 4602/4048/7095 4601/4050/7097
f  5059/5298/9083 5060/5297/9082 4601/4050/7097 4600/4052/7099
f  5058/5299/9084 5059/5298/9083 4600/4052/7099 4599/4054/7101
f  5057/5300/9085 5058/5299/9084 4599/4054/7101 4598/4056/7103
f  5056/5301/9086 5057/5300/9085 4598/4056/7103 4597/4058/7105
f  5055/5302/9087 5056/5301/9086 4597/4058/7105 4596/4060/7107
f  5054/5230/9017 5055/5302/9087 4596/4060/7107 4595/3915/6966
f  4713/5303/7395 4714/5304/7395 4643/5305/7395 4804/5306/7395
f  4714/5304/7395 4715/5307/7395 4644/5308/7395 4643/5305/7395
f  4715/5307/7395 4716/5309/7395 4645/5310/7395 4644/5308/7395
f  4716/5309/7395 4717/5311/7395 4646/5312/7395 4645/5310/7395
f  4717/5311/7395 4718/5313/7395 4647/5314/7395 4646/5312/7395
f  4718/5313/7395 4719/5315/7395 4648/5316/7395 4647/5314/7395
f  4719/5315/7395 4720/5317/7395 4649/5318/7395 4648/5316/7395
f  4720/5317/7395 4721/5319/7395 4650/5320/7395 4649/5318/7395
f  4721/5319/7395 4722/5321/7395 4651/5322/7395 4650/5320/7395
f  4722/5321/7395 4723/5323/7395 4652/5324/7395 4651/5322/7395
f  4723/5323/7395 4724/5325/7395 4653/5326/7395 4652/5324/7395
f  4724/5325/7395 4725/5327/7395 4654/5328/7395 4653/5326/7395
f  4725/5327/7395 4726/5329/7395 4655/5330/7395 4654/5328/7395
f  4726/5329/7395 4727/5331/7395 4656/5332/7395 4655/5330/7395
f  4727/5331/9088 4728/5333/9089 4657/5334/9088 4656/5332/9090
f  4728/5333/7395 4729/5335/7395 4658/5336/7395 4657/5334/7395
f  4729/5335/7395 4730/5337/7395 4659/5338/7395 4658/5336/7395
f  4730/5337/7395 4731/5339/7395 4660/5340/7395 4659/5338/7395
f  4731/5339/7395 4732/5341/7395 4661/5342/7395 4660/5340/7395
f  4732/5341/7395 4733/5343/7395 4662/5344/7395 4661/5342/7395
f  4733/5343/7395 4734/5345/7395 4663/5346/7395 4662/5344/7395
f  4734/5345/9091 4735/5347/9092 4664/5348/9091 4663/5346/9093
f  4735/5347/7395 4736/5349/7395 4665/5350/7395 4664/5348/7395
f  4736/5349/7395 4737/5351/7395 4666/5352/7395 4665/5350/7395
f  4737/5351/7395 4738/5353/7395 4667/5354/7395 4666/5352/7395
f  4738/5353/7395 4739/5355/7395 4668/5356/7395 4667/5354/7395
f  4739/5355/7395 4740/5357/7395 4669/5358/7395 4668/5356/7395
f  4740/5357/7395 4741/5359/7395 4670/5360/7395 4669/5358/7395
f  4741/5359/7395 4742/5361/7395 4671/5362/7395 4670/5360/7395
f  4742/5361/7395 4743/5363/7395 4672/5364/7395 4671/5362/7395
f  4743/5363/7395 4744/5365/7395 4673/5366/7395 4672/5364/7395
f  4744/5365/7395 4745/5367/7395 4674/5368/7395 4673/5366/7395
f  4745/5367/7395 4746/5369/7395 4675/5370/7395 4674/5368/7395
f  4746/5369/7395 4747/5371/7395 4676/5372/7395 4675/5370/7395
f  4747/5371/7395 4748/5373/7395 4677/5374/7395 4676/5372/7395
f  4748/5373/7395 4749/5375/7395 4803/5376/7395 4677/5374/7395
f  4749/5375/7395 4750/5377/7395 4678/5378/7395 4803/5376/7395
f  4750/5377/7395 4751/5379/7395 4679/5380/7395 4678/5378/7395
f  4751/5379/7395 4752/5381/7395 4680/5382/7395 4679/5380/7395
f  4752/5381/7395 4753/5383/7395 4681/5384/7395 4680/5382/7395
f  4753/5383/7395 4754/5385/7395 4682/5386/7395 4681/5384/7395
f  4754/5385/7395 4755/5387/7395 4683/5388/7395 4682/5386/7395
f  4755/5387/7395 4756/5389/7395 4684/5390/7395 4683/5388/7395
f  4756/5389/7395 4757/5391/7395 4685/5392/7395 4684/5390/7395
f  4757/5391/7395 4758/5393/7395 4686/5394/7395 4685/5392/7395
f  4758/5393/7395 4759/5395/7395 4687/5396/7395 4686/5394/7395
f  4759/5395/7395 4760/5397/7395 4688/5398/7395 4687/5396/7395
f  4760/5397/7395 4761/5399/7395 4689/5400/7395 4688/5398/7395
f  4761/5399/7395 4762/5401/7395 4690/5402/7395 4689/5400/7395
f  4762/5401/7395 4763/5403/7395 4691/5404/7395 4690/5402/7395
f  4763/5403/7395 4764/5405/7395 4692/5406/7395 4691/5404/7395
f  4764/5405/7395 4765/5407/7395 4693/5408/7395 4692/5406/7395
f  4765/5407/7395 4766/5409/7395 4694/5410/7395 4693/5408/7395
f  4766/5409/7395 4767/5411/7395 4695/5412/7395 4694/5410/7395
f  4767/5411/7395 4768/5413/7395 4696/5414/7395 4695/5412/7395
f  4768/5413/7395 4769/5415/7395 4697/5416/7395 4696/5414/7395
f  4769/5415/7395 4770/5417/7395 4698/5418/7395 4697/5416/7395
f  4770/5417/7395 4771/5419/7395 4699/5420/7395 4698/5418/7395
f  4771/5419/7395 4772/5421/7395 4700/5422/7395 4699/5420/7395
f  4772/5421/7395 4773/5423/7395 4701/5424/7395 4700/5422/7395
f  4773/5423/7395 4774/5425/7395 4702/5426/7395 4701/5424/7395
f  4774/5425/7395 4775/5427/7395 4703/5428/7395 4702/5426/7395
f  4775/5427/7395 4776/5429/7395 4704/5430/7395 4703/5428/7395
f  4776/5429/7395 4777/5431/7395 4705/5432/7395 4704/5430/7395
f  4777/5431/7395 4778/5433/7395 4706/5434/7395 4705/5432/7395
f  4778/5433/7395 4779/5435/7395 4707/5436/7395 4706/5434/7395
f  4779/5435/7395 4780/5437/7395 4708/5438/7395 4707/5436/7395
f  4780/5437/7395 4781/5439/7395 4709/5440/7395 4708/5438/7395
f  4781/5439/7395 4782/5441/7395 4710/5442/7395 4709/5440/7395
f  4782/5441/7395 4783/5443/7395 4711/5444/7395 4710/5442/7395
f  4783/5443/7395 4784/5445/7395 4712/5446/7395 4711/5444/7395
f  4784/5445/7395 4713/5303/7395 4804/5306/7395 4712/5446/7395
f  4713/5303/9094 4139/4726/9095 4140/4725/9094 4714/5304/9096
f  4714/5304/9097 4140/4725/9098 4141/4728/9097 4715/5307/9099
f  4715/5307/9100 4141/4728/9101 4142/4730/9100 4716/5309/9102
f  4716/5309/9103 4142/4730/9104 4143/4732/9103 4717/5311/9105
f  4717/5311/9106 4143/4732/9107 4144/4734/9106 4718/5313/9108
f  4718/5313/9109 4144/4734/9110 4145/4736/9109 4719/5315/9111
f  4719/5315/9112 4145/4736/9113 4146/4738/9112 4720/5317/9114
f  4720/5317/9115 4146/4738/9116 4147/4740/9115 4721/5319/9117
f  4721/5319/9118 4147/4740/9119 4148/4742/9118 4722/5321/9120
f  4722/5321/9121 4148/4742/9122 4149/4744/9121 4723/5323/9123
f  4723/5323/9124 4149/4744/9125 4150/4746/9124 4724/5325/9126
f  4724/5325/9127 4150/4746/9128 4151/4748/9127 4725/5327/9129
f  4725/5327/9130 4151/4748/9131 4152/4750/9130 4726/5329/9132
f  4726/5329/9133 4152/4750/9134 4153/4752/9133 4727/5331/9135
f  4727/5331/9136 4153/4752/9137 4154/4754/9136 4728/5333/9138
f  4728/5333/9139 4154/4754/9140 4155/4756/9139 4729/5335/9141
f  4729/5335/9142 4155/4756/9143 4156/4758/9142 4730/5337/9144
f  4730/5337/9145 4156/4758/9146 4157/4760/9145 4731/5339/9147
f  4731/5339/9148 4157/4760/9149 4158/4762/9148 4732/5341/9150
f  4732/5341/9151 4158/4762/9152 4159/4764/9151 4733/5343/9153
f  4733/5343/9154 4159/4764/9155 4160/4766/9154 4734/5345/9156
f  4734/5345/9157 4160/4766/9158 4161/4768/9157 4735/5347/9159
f  4735/5347/9160 4161/4768/9161 4162/4770/9160 4736/5349/9162
f  4736/5349/9163 4162/4770/9164 4163/4772/9163 4737/5351/9163
f  4737/5351/9165 4163/4772/9166 4164/4774/9165 4738/5353/9167
f  4738/5353/9168 4164/4774/9169 4165/4776/9168 4739/5355/9170
f  4739/5355/9171 4165/4776/9172 4166/4778/9171 4740/5357/9173
f  4740/5357/9174 4166/4778/9175 4167/4780/9174 4741/5359/9176
f  4741/5359/9177 4167/4780/9178 4168/4782/9177 4742/5361/9179
f  4742/5361/9180 4168/4782/9181 4169/4784/9180 4743/5363/9182
f  4743/5363/9183 4169/4784/9184 4170/4786/9183 4744/5365/9185
f  4744/5365/9186 4170/4786/9186 4171/4788/9186 4745/5367/9186
f  4745/5367/9187 4171/4788/9188 4172/4790/9187 4746/5369/9189
f  4746/5369/9190 4172/4790/9191 4173/4792/9190 4747/5371/9192
f  4747/5371/9193 4173/4792/9194 4174/4794/9193 4748/5373/9195
f  4748/5373/9196 4174/4794/9197 4175/4796/9196 4749/5375/9198
f  4749/5375/9199 4175/4796/9200 4176/4798/9199 4750/5377/9201
f  4750/5377/9202 4176/4798/9203 4177/4800/9202 4751/5379/9204
f  4751/5379/9205 4177/4800/9206 4178/4802/9205 4752/5381/9207
f  4752/5381/9208 4178/4802/9209 4179/4804/9208 4753/5383/9210
f  4753/5383/9211 4179/4804/9212 4180/4806/9211 4754/5385/9213
f  4754/5385/9214 4180/4806/9215 4181/4808/9214 4755/5387/9216
f  4755/5387/9217 4181/4808/9218 4182/4810/9217 4756/5389/9219
f  4756/5389/9220 4182/4810/9221 4183/4812/9220 4757/5391/9222
f  4757/5391/9223 4183/4812/9224 4184/4814/9223 4758/5393/9225
f  4758/5393/9226 4184/4814/9227 4185/4816/9226 4759/5395/9228
f  4759/5395/9229 4185/4816/9230 4186/4818/9229 4760/5397/9231
f  4760/5397/9232 4186/4818/9233 4187/4820/9232 4761/5399/9234
f  4761/5399/9235 4187/4820/9236 4188/4822/9235 4762/5401/9237
f  4762/5401/9238 4188/4822/9239 4189/4824/9238 4763/5403/9240
f  4763/5403/9241 4189/4824/9242 4190/4826/9241 4764/5405/9243
f  4764/5405/9244 4190/4826/9245 4191/4828/9244 4765/5407/9246
f  4765/5407/9247 4191/4828/9248 4192/4830/9247 4766/5409/9249
f  4766/5409/9250 4192/4830/9251 4193/4832/9250 4767/5411/9252
f  4767/5411/9253 4193/4832/9253 4194/4834/9253 4768/5413/9253
f  4768/5413/9254 4194/4834/9255 4195/4836/9254 4769/5415/9256
f  4769/5415/9257 4195/4836/9258 4196/4838/9257 4770/5417/9259
f  4770/5417/9260 4196/4838/9261 4197/4840/9260 4771/5419/9262
f  4771/5419/9263 4197/4840/9264 4198/4842/9263 4772/5421/9265
f  4772/5421/9266 4198/4842/9267 4199/4844/9266 4773/5423/9268
f  4773/5423/9269 4199/4844/9269 4200/4846/9269 4774/5425/9269
f  4774/5425/9270 4200/4846/9271 4201/4848/9270 4775/5427/9272
f  4775/5427/9273 4201/4848/9274 4202/4850/9273 4776/5429/9275
f  4776/5429/9276 4202/4850/9277 4203/4852/9276 4777/5431/9278
f  4777/5431/9279 4203/4852/9280 4204/4854/9279 4778/5433/9281
f  4778/5433/9282 4204/4854/9283 4205/4856/9282 4779/5435/9284
f  4779/5435/9285 4205/4856/9286 4206/4858/9285 4780/5437/9287
f  4780/5437/9288 4206/4858/9289 4207/4860/9288 4781/5439/9290
f  4781/5439/9291 4207/4860/9292 4208/4862/9291 4782/5441/9293
f  4782/5441/9294 4208/4862/9295 4209/4864/9294 4783/5443/9296
f  4783/5443/9297 4209/4864/9298 4210/4866/9297 4784/5445/9299
f  4784/5445/9300 4210/4866/9301 4139/4726/9300 4713/5303/9302
f  4661/5342/9303 4786/5447/9304 4785/5448/9303 4660/5340/7395
f  4660/5340/9305 4785/5448/9306 4787/5449/9305 4659/5338/7395
f  4692/5406/9307 4693/5408/7395 4788/5450/9308 4789/5451/9309
f  4691/5404/9310 4692/5406/9307 4789/5451/9309 4790/5452/9311
f  4690/5402/9312 4691/5404/9310 4790/5452/9311 4791/5453/9313
f  4689/5400/7395 4690/5402/9312 4791/5453/9313 4792/5454/9314
f  4688/5398/9315 4689/5400/7395 4792/5454/9314 4793/5455/9316
f  4687/5396/7395 4688/5398/9315 4793/5455/9316 4794/5456/9317
f  4686/5394/9318 4687/5396/7395 4794/5456/9317 4795/5457/9319
f  4685/5392/7395 4686/5394/9318 4795/5457/9319 4796/5458/9320
f  4684/5390/9321 4685/5392/7395 4796/5458/9320 4797/5459/9322
f  4683/5388/7395 4684/5390/9321 4797/5459/9322 4798/5460/7395
f  4682/5386/7395 4683/5388/7395 4798/5460/7395 4799/5461/7395
f  4681/5384/7395 4682/5386/7395 4799/5461/7395 4800/5462/7395
f  4680/5382/7395 4681/5384/7395 4800/5462/7395 4801/5463/7395
f  4679/5380/7395 4680/5382/7395 4801/5463/7395 4802/5464/7395
f  4678/5378/7395 4679/5380/7395 4802/5464/7395 4803/5376/7395
f  4662/5344/9323 4788/5450/9324 4786/5447/9323 4661/5342/7395
f  4712/5446/7395 4804/5306/7395 4805/5465/7395 4711/5444/7395
f  4711/5444/7395 4805/5465/7395 4806/5466/7395 4710/5442/7395
f  4710/5442/7395 4806/5466/7395 4807/5467/7395 4709/5440/7395
f  4709/5440/7395 4807/5467/7395 4808/5468/7395 4708/5438/7395
f  4708/5438/7395 4808/5468/7395 4809/5469/7395 4707/5436/7395
f  4707/5436/7395 4809/5469/7395 4810/5470/7395 4706/5434/9325
f  4706/5434/9325 4810/5470/7395 4811/5471/9326 4705/5432/9327
f  4705/5432/9327 4811/5471/9326 4812/5472/9328 4704/5430/9329
f  4704/5430/9329 4812/5472/9328 4813/5473/7395 4703/5428/9330
f  4703/5428/9330 4813/5473/7395 4814/5474/9331 4702/5426/9332
f  4702/5426/9332 4814/5474/9331 4815/5475/9333 4701/5424/9334
f  4701/5424/9334 4815/5475/9333 4816/5476/9335 4700/5422/9336
f  4700/5422/9336 4816/5476/9335 4817/5477/9337 4699/5420/9338
f  4699/5420/9338 4817/5477/9337 4818/5478/9339 4698/5418/9340
f  4698/5418/9340 4818/5478/9339 4819/5479/9341 4697/5416/9342
f  4697/5416/9342 4819/5479/9341 4787/5449/9343 4696/5414/9344
f  4694/5410/9345 4695/5412/9346 4785/5448/9345 4786/5447/9347
f  4695/5412/9348 4696/5414/9349 4787/5449/9348 4785/5448/9350
f  4788/5450/9308 4662/5344/9351 4663/5346/9352 4789/5451/9309
f  4789/5451/9309 4663/5346/9352 4664/5348/9353 4790/5452/9311
f  4790/5452/9311 4664/5348/9353 4665/5350/9354 4791/5453/9313
f  4791/5453/9313 4665/5350/9354 4666/5352/7395 4792/5454/9314
f  4792/5454/9314 4666/5352/7395 4667/5354/9355 4793/5455/9316
f  4793/5455/9316 4667/5354/9355 4668/5356/9356 4794/5456/9317
f  4794/5456/9317 4668/5356/9356 4669/5358/9357 4795/5457/9319
f  4795/5457/9319 4669/5358/9357 4670/5360/9358 4796/5458/9320
f  4796/5458/9320 4670/5360/9358 4671/5362/9359 4797/5459/9322
f  4797/5459/9322 4671/5362/9359 4672/5364/7395 4798/5460/7395
f  4798/5460/7395 4672/5364/7395 4673/5366/7395 4799/5461/7395
f  4799/5461/7395 4673/5366/7395 4674/5368/7395 4800/5462/7395
f  4800/5462/7395 4674/5368/7395 4675/5370/7395 4801/5463/7395
f  4801/5463/7395 4675/5370/7395 4676/5372/7395 4802/5464/7395
f  4802/5464/7395 4676/5372/7395 4677/5374/7395 4803/5376/7395
f  4693/5408/9360 4694/5410/9361 4786/5447/9360 4788/5450/9362
f  4643/5305/7395 4644/5308/7395 4805/5465/7395 4804/5306/7395
f  4644/5308/7395 4645/5310/7395 4806/5466/7395 4805/5465/7395
f  4645/5310/7395 4646/5312/7395 4807/5467/7395 4806/5466/7395
f  4646/5312/7395 4647/5314/7395 4808/5468/7395 4807/5467/7395
f  4647/5314/7395 4648/5316/7395 4809/5469/7395 4808/5468/7395
f  4648/5316/7395 4649/5318/7395 4810/5470/7395 4809/5469/7395
f  4649/5318/7395 4650/5320/7395 4811/5471/9326 4810/5470/7395
f  4650/5320/7395 4651/5322/7395 4812/5472/9328 4811/5471/9326
f  4651/5322/7395 4652/5324/9363 4813/5473/7395 4812/5472/9328
f  4652/5324/9363 4653/5326/9364 4814/5474/9331 4813/5473/7395
f  4653/5326/9364 4654/5328/9365 4815/5475/9333 4814/5474/9331
f  4654/5328/9365 4655/5330/9366 4816/5476/9335 4815/5475/9333
f  4655/5330/9366 4656/5332/9367 4817/5477/9337 4816/5476/9335
f  4656/5332/9367 4657/5334/9368 4818/5478/9339 4817/5477/9337
f  4657/5334/9368 4658/5336/9369 4819/5479/9341 4818/5478/9339
f  4658/5336/9369 4659/5338/7395 4787/5449/9343 4819/5479/9341
f  4451/5016/9370 4452/5015/9371 4837/5480/9370 4836/5481/9372
f  4450/5018/9373 4451/5016/9374 4836/5481/9373 4835/5482/9375
f  4449/5020/9376 4450/5018/9377 4835/5482/9376 4834/5483/9378
f  4448/5022/9379 4449/5020/9380 4834/5483/9379 4833/5484/9381
f  4447/5024/9382 4448/5022/9383 4833/5484/9382 4832/5485/9384
f  4446/5026/9385 4447/5024/9386 4832/5485/9385 4831/5486/9387
f  4445/5028/9388 4446/5026/9389 4831/5486/9388 4830/5487/9390
f  4444/5030/9391 4445/5028/9391 4830/5487/9391 4829/5488/9391
f  4443/5032/9392 4444/5030/9393 4829/5488/9392 4828/5489/9394
f  4442/5034/9395 4443/5032/9396 4828/5489/9395 4827/5490/9397
f  4441/5036/9398 4442/5034/9399 4827/5490/9398 4826/5491/9400
f  4440/5038/9401 4441/5036/9402 4826/5491/9401 4825/5492/9403
f  4439/5040/9404 4440/5038/9405 4825/5492/9404 4824/5493/9406
f  4438/5042/9407 4439/5040/9408 4824/5493/9407 4823/5494/9409
f  4437/5044/9410 4438/5042/9411 4823/5494/9410 4822/5495/9412
f  4436/5046/9413 4437/5044/9414 4822/5495/9413 4821/5496/9415
f  4435/5048/9416 4436/5046/9417 4821/5496/9416 4820/5497/9418
f  4434/5050/9419 4435/5048/9420 4820/5497/9419 4891/5498/9421
f  4433/5052/9422 4434/5050/9423 4891/5498/9422 4890/5499/9424
f  4432/5054/9425 4433/5052/9426 4890/5499/9425 4889/5500/9427
f  4431/5056/9428 4432/5054/9429 4889/5500/9428 4888/5501/9430
f  4430/5058/9431 4431/5056/9432 4888/5501/9431 4887/5502/9433
f  4429/5060/9434 4430/5058/9435 4887/5502/9434 4886/5503/9436
f  4428/5062/9437 4429/5060/9438 4886/5503/9437 4885/5504/9439
f  4427/5064/9440 4428/5062/9441 4885/5504/9440 4884/5505/9442
f  4498/5066/9443 4427/5064/9444 4884/5505/9443 4883/5506/9445
f  4497/5068/9446 4498/5066/9447 4883/5506/9446 4882/5507/9448
f  4496/5070/9449 4497/5068/9450 4882/5507/9449 4881/5508/9451
f  4495/5072/9452 4496/5070/9453 4881/5508/9452 4880/5509/9454
f  4494/5074/9455 4495/5072/9456 4880/5509/9455 4879/5510/9457
f  4493/5076/9458 4494/5074/9459 4879/5510/9458 4878/5511/9460
f  4492/5078/9461 4493/5076/9462 4878/5511/9461 4877/5512/9463
f  4491/5080/9464 4492/5078/9465 4877/5512/9464 4876/5513/9466
f  4490/5082/9467 4491/5080/9468 4876/5513/9467 4875/5514/9469
f  4489/5084/9470 4490/5082/9471 4875/5514/9470 4874/5515/9472
f  4488/5086/9473 4489/5084/9474 4874/5515/9473 4873/5516/9475
f  4487/5088/9476 4488/5086/9477 4873/5516/9476 4872/5517/9478
f  4486/5090/9479 4487/5088/9480 4872/5517/9479 4871/5518/9481
f  4485/5092/9482 4486/5090/9483 4871/5518/9482 4870/5519/9484
f  4484/5094/9485 4485/5092/9486 4870/5519/9485 4869/5520/9487
f  4483/5096/9488 4484/5094/9489 4869/5520/9488 4868/5521/9490
f  4482/5098/9491 4483/5096/9492 4868/5521/9491 4867/5522/9493
f  4481/5100/9494 4482/5098/9495 4867/5522/9494 4866/5523/9496
f  4480/5102/9497 4481/5100/9498 4866/5523/9497 4865/5524/9499
f  4479/5104/9500 4480/5102/9501 4865/5524/9500 4864/5525/9502
f  4478/5106/9503 4479/5104/9504 4864/5525/9503 4863/5526/9505
f  4477/5108/9506 4478/5106/9507 4863/5526/9506 4862/5527/9508
f  4476/5110/9509 4477/5108/9510 4862/5527/9509 4861/5528/9511
f  4475/5112/9512 4476/5110/9513 4861/5528/9512 4860/5529/9514
f  4474/5114/9515 4475/5112/9516 4860/5529/9515 4859/5530/9517
f  4473/5116/9518 4474/5114/9519 4859/5530/9518 4858/5531/9520
f  4472/5118/9521 4473/5116/9522 4858/5531/9521 4857/5532/9523
f  4471/5120/9524 4472/5118/9525 4857/5532/9524 4856/5533/9526
f  4470/5122/9527 4471/5120/9528 4856/5533/9527 4855/5534/9529
f  4469/5124/9530 4470/5122/9531 4855/5534/9530 4854/5535/9532
f  4468/5126/9533 4469/5124/9534 4854/5535/9533 4853/5536/9535
f  4467/5128/9536 4468/5126/9537 4853/5536/9536 4852/5537/9538
f  4466/5130/9539 4467/5128/9540 4852/5537/9539 4851/5538/9541
f  4465/5132/9542 4466/5130/9543 4851/5538/9542 4850/5539/9544
f  4464/5134/9545 4465/5132/9546 4850/5539/9545 4849/5540/9547
f  4463/5136/9548 4464/5134/9549 4849/5540/9548 4848/5541/9550
f  4462/5138/9551 4463/5136/9552 4848/5541/9551 4847/5542/9553
f  4461/5140/9554 4462/5138/9555 4847/5542/9554 4846/5543/9556
f  4460/5142/9557 4461/5140/9558 4846/5543/9557 4845/5544/9559
f  4459/5144/9560 4460/5142/9561 4845/5544/9560 4844/5545/9562
f  4458/5146/9563 4459/5144/9564 4844/5545/9563 4843/5546/9565
f  4457/5148/9566 4458/5146/9567 4843/5546/9566 4842/5547/9568
f  4456/5150/9569 4457/5148/9570 4842/5547/9569 4841/5548/9571
f  4455/5152/9572 4456/5150/9573 4841/5548/9572 4840/5549/9574
f  4454/5154/9575 4455/5152/9576 4840/5549/9575 4839/5550/9577
f  4453/5156/9578 4454/5154/9579 4839/5550/9578 4838/5551/9580
f  4452/5015/9581 4453/5156/9582 4838/5551/9581 4837/5480/9583
f  4836/5481/9584 4837/5480/9585 4909/5552/9584 4908/5553/9586
f  4835/5482/9587 4836/5481/9588 4908/5553/9587 4907/5554/9589
f  4834/5483/9590 4835/5482/9591 4907/5554/9590 4906/5555/9592
f  4833/5484/9593 4834/5483/9594 4906/5555/9593 4905/5556/9595
f  4832/5485/9596 4833/5484/9597 4905/5556/9596 4904/5557/9598
f  4831/5486/9599 4832/5485/9600 4904/5557/9599 4903/5558/9601
f  4830/5487/9602 4831/5486/9603 4903/5558/9602 4902/5559/9604
f  4829/5488/9605 4830/5487/9606 4902/5559/9605 4901/5560/9607
f  4828/5489/9608 4829/5488/9609 4901/5560/9608 4900/5561/9610
f  4827/5490/9611 4828/5489/9612 4900/5561/9611 4899/5562/9613
f  4826/5491/9614 4827/5490/9615 4899/5562/9614 4898/5563/9616
f  4825/5492/9617 4826/5491/9618 4898/5563/9617 4897/5564/9619
f  4824/5493/9620 4825/5492/9621 4897/5564/9620 4896/5565/9622
f  4823/5494/9623 4824/5493/9624 4896/5565/9623 4895/5566/9625
f  4822/5495/9626 4823/5494/9627 4895/5566/9626 4894/5567/9628
f  4821/5496/9629 4822/5495/9630 4894/5567/9629 4893/5568/9631
f  4820/5497/9632 4821/5496/9633 4893/5568/9632 4892/5569/9634
f  4891/5498/9635 4820/5497/9636 4892/5569/9635 4963/5570/9637
f  4890/5499/9638 4891/5498/9639 4963/5570/9638 4962/5571/9640
f  4889/5500/9641 4890/5499/9642 4962/5571/9641 4961/5572/9643
f  4888/5501/9644 4889/5500/9645 4961/5572/9644 4960/5573/9646
f  4887/5502/9647 4888/5501/9648 4960/5573/9647 4959/5574/9649
f  4886/5503/9650 4887/5502/9651 4959/5574/9650 4958/5575/9652
f  4885/5504/9653 4886/5503/9654 4958/5575/9653 4957/5576/9655
f  4884/5505/9656 4885/5504/9657 4957/5576/9656 4956/5577/9658
f  4883/5506/9659 4884/5505/9660 4956/5577/9659 4955/5578/9661
f  4882/5507/9662 4883/5506/9663 4955/5578/9662 4954/5579/9664
f  4881/5508/9665 4882/5507/9666 4954/5579/9665 4953/5580/9667
f  4880/5509/9668 4881/5508/9669 4953/5580/9668 4952/5581/9670
f  4879/5510/9671 4880/5509/9672 4952/5581/9671 4951/5582/9673
f  4878/5511/9674 4879/5510/9675 4951/5582/9674 4950/5583/9676
f  4877/5512/9677 4878/5511/9678 4950/5583/9677 4949/5584/9679
f  4876/5513/9680 4877/5512/9681 4949/5584/9680 4948/5585/9682
f  4875/5514/9683 4876/5513/9684 4948/5585/9683 4947/5586/9685
f  4874/5515/9686 4875/5514/9687 4947/5586/9686 4946/5587/9688
f  4873/5516/9689 4874/5515/9690 4946/5587/9689 4945/5588/9691
f  4872/5517/9692 4873/5516/9693 4945/5588/9692 4944/5589/9694
f  4871/5518/9695 4872/5517/9696 4944/5589/9695 4943/5590/9697
f  4870/5519/9698 4871/5518/9699 4943/5590/9698 4942/5591/9700
f  4869/5520/9701 4870/5519/9702 4942/5591/9701 4941/5592/9703
f  4868/5521/9704 4869/5520/9705 4941/5592/9704 4940/5593/9706
f  4867/5522/9707 4868/5521/9708 4940/5593/9707 4939/5594/9709
f  4866/5523/9710 4867/5522/9711 4939/5594/9710 4938/5595/9712
f  4865/5524/9713 4866/5523/9714 4938/5595/9713 4937/5596/9715
f  4864/5525/9716 4865/5524/9717 4937/5596/9716 4936/5597/9718
f  4863/5526/9719 4864/5525/9720 4936/5597/9719 4935/5598/9721
f  4862/5527/9722 4863/5526/9723 4935/5598/9722 4934/5599/9724
f  4861/5528/9725 4862/5527/9726 4934/5599/9725 4933/5600/9727
f  4860/5529/9728 4861/5528/9729 4933/5600/9728 4932/5601/9730
f  4859/5530/9731 4860/5529/9732 4932/5601/9731 4931/5602/9733
f  4858/5531/9734 4859/5530/9735 4931/5602/9734 4930/5603/9736
f  4857/5532/9737 4858/5531/9738 4930/5603/9737 4929/5604/9739
f  4856/5533/9740 4857/5532/9741 4929/5604/9740 4928/5605/9742
f  4855/5534/9743 4856/5533/9744 4928/5605/9743 4927/5606/9745
f  4854/5535/9746 4855/5534/9747 4927/5606/9746 4926/5607/9748
f  4853/5536/9749 4854/5535/9750 4926/5607/9749 4925/5608/9751
f  4852/5537/9752 4853/5536/9753 4925/5608/9752 4924/5609/9754
f  4851/5538/9755 4852/5537/9756 4924/5609/9755 4923/5610/9757
f  4850/5539/9758 4851/5538/9759 4923/5610/9758 4922/5611/9760
f  4849/5540/9761 4850/5539/9762 4922/5611/9761 4921/5612/9763
f  4848/5541/9764 4849/5540/9765 4921/5612/9764 4920/5613/9766
f  4847/5542/9767 4848/5541/9768 4920/5613/9767 4919/5614/9769
f  4846/5543/9770 4847/5542/9771 4919/5614/9770 4918/5615/9772
f  4845/5544/9773 4846/5543/9774 4918/5615/9773 4917/5616/9775
f  4844/5545/9776 4845/5544/9777 4917/5616/9776 4916/5617/9778
f  4843/5546/9779 4844/5545/9780 4916/5617/9779 4915/5618/9781
f  4842/5547/9782 4843/5546/9783 4915/5618/9782 4914/5619/9784
f  4841/5548/9785 4842/5547/9786 4914/5619/9785 4913/5620/9787
f  4840/5549/9788 4841/5548/9789 4913/5620/9788 4912/5621/9790
f  4839/5550/9791 4840/5549/9792 4912/5621/9791 4911/5622/9793
f  4838/5551/9794 4839/5550/9795 4911/5622/9794 4910/5623/9796
f  4837/5480/9797 4838/5551/9798 4910/5623/9797 4909/5552/9799
f  4908/5553/9800 4909/5552/9801 4982/5158/9800 4981/5157/9802
f  4907/5554/9803 4908/5553/9804 4981/5157/9803 4980/5159/9805
f  4906/5555/9806 4907/5554/9807 4980/5159/9806 4979/5160/9808
f  4905/5556/9809 4906/5555/9810 4979/5160/9809 4978/5161/9811
f  4904/5557/9812 4905/5556/9813 4978/5161/9812 4977/5162/9814
f  4903/5558/9815 4904/5557/9816 4977/5162/9815 4976/5163/9817
f  4902/5559/9818 4903/5558/9819 4976/5163/9818 4975/5164/9820
f  4901/5560/9821 4902/5559/9822 4975/5164/9821 4974/5165/9823
f  4900/5561/9824 4901/5560/9825 4974/5165/9824 4973/5166/9826
f  4899/5562/9827 4900/5561/9828 4973/5166/9827 4972/5167/9829
f  4898/5563/9830 4899/5562/9831 4972/5167/9830 4971/5168/9832
f  4897/5564/9833 4898/5563/9834 4971/5168/9833 4970/5169/9835
f  4896/5565/9836 4897/5564/9837 4970/5169/9836 4969/5170/9838
f  4895/5566/9839 4896/5565/9840 4969/5170/9839 4968/5171/9841
f  4894/5567/9842 4895/5566/9843 4968/5171/9842 4967/5172/9844
f  4893/5568/9845 4894/5567/9846 4967/5172/9845 4966/5173/9847
f  4892/5569/9848 4893/5568/9849 4966/5173/9848 4965/5174/9850
f  4963/5570/9851 4892/5569/9852 4965/5174/9851 4964/5175/9853
f  4962/5571/9854 4963/5570/9855 4964/5175/9854 5035/5176/9856
f  4961/5572/9857 4962/5571/9858 5035/5176/9857 5034/5177/9859
f  4960/5573/9860 4961/5572/9861 5034/5177/9860 5033/5178/9862
f  4959/5574/9863 4960/5573/9864 5033/5178/9863 5032/5179/9865
f  4958/5575/9866 4959/5574/9867 5032/5179/9866 5031/5180/9868
f  4957/5576/9869 4958/5575/9870 5031/5180/9869 5030/5181/9871
f  4956/5577/9872 4957/5576/9873 5030/5181/9872 5029/5182/9874
f  4955/5578/9875 4956/5577/9876 5029/5182/9875 5028/5183/9877
f  4954/5579/9878 4955/5578/9879 5028/5183/9878 5027/5184/9880
f  4953/5580/9881 4954/5579/9882 5027/5184/9881 5026/5185/9883
f  4952/5581/9884 4953/5580/9885 5026/5185/9884 5025/5186/9886
f  4951/5582/9887 4952/5581/9673 5025/5186/9887 5024/5187/9888
f  4950/5583/9889 4951/5582/9890 5024/5187/9889 5023/5188/9891
f  4949/5584/9892 4950/5583/9893 5023/5188/9892 5022/5189/9894
f  4948/5585/9895 4949/5584/9896 5022/5189/9895 5021/5190/9897
f  4947/5586/9898 4948/5585/9899 5021/5190/9898 5020/5191/9900
f  4946/5587/9901 4947/5586/9902 5020/5191/9901 5019/5192/9903
f  4945/5588/9904 4946/5587/9905 5019/5192/9904 5018/5193/9906
f  4944/5589/9907 4945/5588/9908 5018/5193/9907 5017/5194/9909
f  4943/5590/9910 4944/5589/9911 5017/5194/9910 5016/5195/9912
f  4942/5591/9913 4943/5590/9914 5016/5195/9913 5015/5196/9915
f  4941/5592/9916 4942/5591/9917 5015/5196/9916 5014/5197/9918
f  4940/5593/9919 4941/5592/9920 5014/5197/9919 5013/5198/9921
f  4939/5594/9922 4940/5593/9923 5013/5198/9922 5012/5199/9924
f  4938/5595/9925 4939/5594/9926 5012/5199/9925 5011/5200/9927
f  4937/5596/9928 4938/5595/9929 5011/5200/9928 5010/5201/9930
f  4936/5597/9931 4937/5596/9932 5010/5201/9931 5009/5202/9933
f  4935/5598/9934 4936/5597/9935 5009/5202/9934 5008/5203/9936
f  4934/5599/9937 4935/5598/9938 5008/5203/9937 5007/5204/9939
f  4933/5600/9940 4934/5599/9941 5007/5204/9940 5006/5205/9942
f  4932/5601/9943 4933/5600/9944 5006/5205/9943 5005/5206/9945
f  4931/5602/9946 4932/5601/9947 5005/5206/9946 5004/5207/9948
f  4930/5603/9949 4931/5602/9950 5004/5207/9949 5003/5208/9951
f  4929/5604/9952 4930/5603/9953 5003/5208/9952 5002/5209/9954
f  4928/5605/9955 4929/5604/9956 5002/5209/9955 5001/5210/9957
f  4927/5606/9958 4928/5605/9959 5001/5210/9958 5000/5211/9960
f  4926/5607/9961 4927/5606/9962 5000/5211/9961 4999/5212/9963
f  4925/5608/9964 4926/5607/9965 4999/5212/9964 4998/5213/9966
f  4924/5609/9967 4925/5608/9968 4998/5213/9967 4997/5214/9969
f  4923/5610/9970 4924/5609/9971 4997/5214/9970 4996/5215/9972
f  4922/5611/9973 4923/5610/9974 4996/5215/9973 4995/5216/9975
f  4921/5612/9976 4922/5611/9977 4995/5216/9976 4994/5217/9978
f  4920/5613/9979 4921/5612/9980 4994/5217/9979 4993/5218/9979
f  4919/5614/9981 4920/5613/9982 4993/5218/9981 4992/5219/9983
f  4918/5615/9984 4919/5614/9985 4992/5219/9984 4991/5220/9986
f  4917/5616/9987 4918/5615/9988 4991/5220/9987 4990/5221/9989
f  4916/5617/9990 4917/5616/9778 4990/5221/9990 4989/5222/9991
f  4915/5618/9992 4916/5617/9993 4989/5222/9992 4988/5223/9994
f  4914/5619/9995 4915/5618/9996 4988/5223/9995 4987/5224/9997
f  4913/5620/9998 4914/5619/9999 4987/5224/9998 4986/5225/10000
f  4912/5621/10001 4913/5620/10002 4986/5225/10001 4985/5226/10003
f  4911/5622/10004 4912/5621/10005 4985/5226/10004 4984/5227/10006
f  4910/5623/10007 4911/5622/10008 4984/5227/10007 4983/5228/10009
f  4909/5552/10010 4910/5623/10011 4983/5228/10010 4982/5158/10012
f  3636/4061/6964 3635/4064/10013 5054/5624/9017 5053/5625/9016
f  3637/4065/6968 3636/4061/6964 5053/5625/9016 5052/5626/9018
f  3638/4067/6970 3637/4065/6968 5052/5626/9018 5051/5627/9019
f  3639/4069/6972 3638/4067/6970 5051/5627/9019 5050/5628/9020
f  3640/4071/6974 3639/4069/6972 5050/5628/9020 5049/5629/9021
f  3641/4073/6976 3640/4071/6974 5049/5629/9021 5048/5630/9022
f  3642/4075/6978 3641/4073/6976 5048/5630/9022 5047/5631/9023
f  3643/4077/6980 3642/4075/6978 5047/5631/9023 5046/5632/9024
f  3644/4079/10014 3643/4077/6980 5046/5632/9024 5045/5633/9025
f  3645/4081/10015 3644/4079/10014 5045/5633/9025 5044/5634/9026
f  3646/4083/6986 3645/4081/10015 5044/5634/9026 5043/5635/9027
f  3647/4085/6988 3646/4083/6986 5043/5635/9027 5042/5636/9028
f  3648/4087/6990 3647/4085/6988 5042/5636/9028 5041/5637/9029
f  3649/4089/10016 3648/4087/6990 5041/5637/9029 5040/5638/9030
f  3650/4091/10017 3649/4089/10016 5040/5638/9030 5039/5639/9031
f  3651/4093/6996 3650/4091/10017 5039/5639/9031 5038/5640/9032
f  3652/4095/6998 3651/4093/6996 5038/5640/9032 5037/5641/9033
f  3653/4097/7000 3652/4095/6998 5037/5641/9033 5036/5642/9034
f  3654/4099/7002 3653/4097/7000 5036/5642/9034 5107/5643/9035
f  3655/4101/7004 3654/4099/7002 5107/5643/9035 5106/5644/9036
f  3656/4103/7006 3655/4101/7004 5106/5644/9036 5105/5645/9037
f  3657/4105/7008 3656/4103/7006 5105/5645/9037 5104/5646/9038
f  3658/4107/7010 3657/4105/7008 5104/5646/9038 5103/5647/9039
f  3659/4109/7012 3658/4107/7010 5103/5647/9039 5102/5648/9040
f  3660/4111/7014 3659/4109/7012 5102/5648/9040 5101/5649/9041
f  3661/4113/10018 3660/4111/7014 5101/5649/9041 5100/5650/9042
f  3662/4115/10019 3661/4113/10018 5100/5650/9042 5099/5651/9043
f  3663/4117/7020 3662/4115/10019 5099/5651/9043 5098/5652/9044
f  3664/4119/7022 3663/4117/7020 5098/5652/9044 5097/5653/9045
f  3665/4121/7024 3664/4119/7022 5097/5653/9045 5096/5654/9046
f  3666/4123/7026 3665/4121/7024 5096/5654/9046 5095/5655/9047
f  3667/4125/7028 3666/4123/7026 5095/5655/9047 5094/5656/9048
f  3668/4127/10020 3667/4125/7028 5094/5656/9048 5093/5657/9049
f  3669/4129/10021 3668/4127/10020 5093/5657/9049 5092/5658/9050
f  3670/4131/10022 3669/4129/10021 5092/5658/9050 5091/5659/9051
f  3671/4133/7036 3670/4131/10022 5091/5659/9051 5090/5660/9052
f  3672/4135/7038 3671/4133/7036 5090/5660/9052 5089/5661/9053
f  3673/4137/7040 3672/4135/7038 5089/5661/9053 5088/5662/9054
f  3674/4139/7042 3673/4137/7040 5088/5662/9054 5087/5663/9055
f  3675/4141/7044 3674/4139/7042 5087/5663/9055 5086/5664/9056
f  3676/4143/7046 3675/4141/7044 5086/5664/9056 5085/5665/9057
f  3677/4145/7048 3676/4143/7046 5085/5665/9057 5084/5666/9058
f  3678/4147/10023 3677/4145/7048 5084/5666/9058 5083/5667/9059
f  3679/4149/10024 3678/4147/10023 5083/5667/9059 5082/5668/9060
f  3680/4151/7054 3679/4149/10024 5082/5668/9060 5081/5669/9061
f  3681/4153/7056 3680/4151/7054 5081/5669/9061 5080/5670/9062
f  3682/4155/7058 3681/4153/7056 5080/5670/9062 5079/5671/9063
f  3683/4157/7060 3682/4155/7058 5079/5671/9063 5078/5672/9064
f  3684/4159/7062 3683/4157/7060 5078/5672/9064 5077/5673/9065
f  3685/4161/7064 3684/4159/7062 5077/5673/9065 5076/5674/9066
f  3686/4163/7066 3685/4161/7064 5076/5674/9066 5075/5675/9067
f  3687/4165/7068 3686/4163/7066 5075/5675/9067 5074/5676/9068
f  3688/4167/7070 3687/4165/7068 5074/5676/9068 5073/5677/9069
f  3689/4169/7072 3688/4167/7070 5073/5677/9069 5072/5678/9070
f  3690/4171/7074 3689/4169/7072 5072/5678/9070 5071/5679/9071
f  3691/4173/7076 3690/4171/7074 5071/5679/9071 5070/5680/9072
f  3692/4175/7078 3691/4173/7076 5070/5680/9072 5069/5681/9073
f  3693/4177/7080 3692/4175/7078 5069/5681/9073 5068/5682/9074
f  3694/4179/7082 3693/4177/7080 5068/5682/9074 5067/5683/9075
f  3695/4181/7084 3694/4179/7082 5067/5683/9075 5066/5684/9076
f  3696/4183/10025 3695/4181/7084 5066/5684/9076 5065/5685/9077
f  3697/4185/10026 3696/4183/10025 5065/5685/9077 5064/5686/9078
f  3698/4187/7090 3697/4185/10026 5064/5686/9078 5063/5687/9079
f  3699/4189/7092 3698/4187/7090 5063/5687/9079 5062/5688/9080
f  3700/4191/7094 3699/4189/7092 5062/5688/9080 5061/5689/9081
f  3701/4193/7096 3700/4191/7094 5061/5689/9081 5060/5690/9082
f  3702/4195/7098 3701/4193/7096 5060/5690/9082 5059/5691/9083
f  3703/4197/7100 3702/4195/7098 5059/5691/9083 5058/5692/9084
f  3704/4199/7102 3703/4197/7100 5058/5692/9084 5057/5693/9085
f  3705/4201/10027 3704/4199/7102 5057/5693/9085 5056/5694/9086
f  3706/4203/10028 3705/4201/10027 5056/5694/9086 5055/5695/9087
f  3635/4064/10013 3706/4203/10028 5055/5695/9087 5054/5624/9017
# object lock001_pivot
g lock001_pivot
v -3.26333 3.71884 2.85627
v -3.62270 3.71884 3.09639
v -3.86282 3.71884 3.45576
v -2.83943 3.55581 2.77195
v -3.26333 3.55581 2.85627
v -3.62270 3.55581 3.09639
v -3.86282 3.55581 3.45576
v -2.83943 3.83380 2.88691
v -3.26333 3.83380 2.97123
v -3.53982 3.83380 3.17927
v -3.74787 3.83380 3.45576
v -2.83943 0.68924 2.77195
v -3.26333 0.68924 2.85627
v -3.62270 0.68924 3.09639
v -3.86282 0.68924 3.45576
v -2.95007 3.83380 3.45576
v -2.95001 3.83380 3.28487
v -2.83943 3.71884 2.77195
v -2.41553 3.71884 2.85627
v -2.05616 3.71884 3.09639
v -1.81604 3.71884 3.45576
v -2.41553 3.83380 3.45576
v -2.41553 3.55581 2.85627
v -2.05616 3.55582 3.09639
v -1.81604 3.55582 3.45576
v -2.41553 3.83380 2.97123
v -2.13904 3.83380 3.17927
v -1.93100 3.83380 3.45576
v -2.41553 0.68924 2.85627
v -2.05616 0.68924 3.09639
v -1.81604 0.68924 3.45576
v -2.72886 3.83380 3.98374
v -2.72886 3.83380 3.45576
v -2.72892 3.83380 3.28487
v -2.83943 3.83380 3.28487
v -3.26333 3.71884 4.90305
v -3.62270 3.71884 4.66293
v -3.86282 3.71884 4.30356
v -3.94714 3.71884 3.87966
v -3.26333 3.83380 3.87966
v -3.26333 3.83380 4.30356
v -2.83943 3.55582 4.98737
v -3.26333 3.55581 4.90305
v -3.62270 3.55581 4.66293
v -3.86282 3.55581 4.30356
v -3.94714 3.55581 3.87966
v -2.83943 3.83380 4.87242
v -3.26333 3.83380 4.78810
v -3.53982 3.83380 4.58005
v -3.74787 3.83380 4.30356
v -3.83219 3.83380 3.87966
v -2.83943 0.68924 4.98737
v -3.26333 0.68924 4.90305
v -3.62270 0.68924 4.66293
v -3.86282 0.68924 4.30356
v -3.94714 0.68924 3.87966
v -2.95007 3.83380 3.87966
v -2.95007 3.83380 4.30356
v -2.95001 3.83380 4.47445
v -2.83943 3.71884 4.98737
v -2.41553 3.71884 4.90305
v -2.05616 3.71884 4.66293
v -1.81604 3.71884 4.30356
v -1.73172 3.71884 3.87966
v -2.41553 3.55582 4.90305
v -2.05616 3.55582 4.66293
v -1.81604 3.55582 4.30356
v -1.73172 3.55582 3.87966
v -2.41553 3.83380 4.78810
v -2.13904 3.83380 4.58005
v -1.93100 3.83380 4.30356
v -1.84668 3.83380 3.87966
v -2.41553 0.68924 4.90305
v -2.05616 0.68924 4.66293
v -1.81604 0.68924 4.30356
v -1.73172 0.68924 3.87966
v -2.72886 3.83380 4.30356
v -2.72892 3.83380 4.47445
v -2.83943 3.83380 4.47445
v -2.79513 3.83380 4.19077
v -2.72886 3.83380 4.08502
v -2.41553 3.83380 4.08575
v -2.11831 3.83380 4.08659
v -2.11867 3.83380 3.87966
v -2.11901 3.83380 3.68514
v -2.41553 3.83380 3.68073
v -2.72886 3.83380 3.67689
v -2.80114 3.83380 3.57645
v -2.72886 3.83380 3.77314
v -2.41553 3.83380 3.77415
v -2.26305 3.83380 3.77475
v -2.25956 3.83380 3.98535
v -2.41553 3.83380 3.98474
v -2.95007 2.96076 3.45576
v -2.95007 2.96076 3.87966
v -2.95007 2.96076 4.30356
v -2.95001 2.96076 4.47445
v -2.83943 2.96076 4.47445
v -2.72892 2.96076 4.47445
v -2.72886 2.96076 4.30356
v -2.79513 2.96076 4.19077
v -2.72886 2.96076 4.08502
v -2.72886 2.96076 3.98374
v -2.79793 2.96076 3.88904
v -2.72886 2.96076 3.77314
v -2.72886 2.96076 3.67689
v -2.79951 2.96076 3.59519
v -2.72886 2.96076 3.45576
v -2.72892 2.96076 3.28487
v -2.83943 2.96076 3.28487
v -2.95001 2.96076 3.28487
v -2.79403 3.83380 4.17149
v -2.79951 3.83380 3.59519
v -2.79803 3.83380 3.87021
v -2.79793 3.83380 3.88904
v -2.79403 2.96076 4.17149
v -2.79803 2.96076 3.87021
v -2.80114 2.96076 3.57645
v -2.83943 3.81698 2.87009
v -2.83943 3.73566 2.78877
v -3.26333 3.81698 2.95441
v -3.26333 3.73566 2.87309
v -3.55195 3.81698 3.16715
v -3.61057 3.73566 3.10852
v -3.76468 3.81698 3.45576
v -3.84600 3.73566 3.45576
v -2.41553 3.73566 2.87309
v -2.41553 3.81698 2.95441
v -2.06829 3.73566 3.10852
v -2.12692 3.81698 3.16715
v -1.83286 3.73566 3.45576
v -1.91418 3.81698 3.45576
v -2.83943 3.73566 4.97055
v -2.83943 3.81698 4.88923
v -3.26333 3.73566 4.88623
v -3.26333 3.81698 4.80491
v -3.61057 3.73566 4.65081
v -3.55195 3.81698 4.59218
v -3.84600 3.73566 4.30356
v -3.76468 3.81698 4.30356
v -3.84900 3.81698 3.87966
v -3.93032 3.73566 3.87966
v -2.41553 3.81698 4.80491
v -2.41553 3.73566 4.88623
v -2.12692 3.81698 4.59218
v -2.06829 3.73566 4.65081
v -1.91418 3.81698 4.30356
v -1.83286 3.73566 4.30356
v -1.74854 3.73566 3.87966
v -1.82986 3.81698 3.87966
v -3.67698 3.83380 3.45576
v -2.41553 3.83380 3.04211
v -3.74896 3.83380 3.87966
v -3.67698 3.83380 4.30356
v -3.26333 3.83380 4.71721
v -1.88647 3.83380 3.87966
v -1.98347 3.83380 4.30356
v -2.41553 3.83380 4.71721
v -3.26333 3.83380 3.04211
v -1.98459 3.83380 3.45576
v -3.49938 3.83380 4.53978
v -2.17057 3.83380 4.54460
v -3.49826 3.83380 3.22662
v -2.17461 3.83380 3.21576
v -2.70078 3.83380 4.50083
v -2.83943 3.83380 4.49981
v -2.97599 3.83380 4.49880
v -2.97619 3.83380 4.30356
v -2.97662 3.83380 3.87966
v -2.97706 3.83380 3.45576
v -2.97726 3.83380 3.25933
v -2.83943 3.83380 3.25950
v -2.70203 3.83380 3.25966
v -2.70183 3.83380 3.45576
v -2.70161 3.83380 3.67729
v -2.70151 3.83380 3.77324
v -2.70130 3.83380 3.98384
v -2.70120 3.83380 4.08509
v -2.70098 3.83380 4.30356
v -2.95007 3.80581 4.30356
v -2.95007 3.80581 3.87966
v -2.95007 3.80581 3.45576
v -2.95001 3.80581 3.28487
v -2.83943 3.80581 3.28487
v -2.72892 3.80581 3.28487
v -2.72886 3.80581 3.45576
v -2.80114 3.80581 3.57645
v -2.79951 3.80581 3.59519
v -2.72886 3.80581 3.67689
v -2.72886 3.80581 3.77314
v -2.79803 3.80581 3.87021
v -2.79793 3.80581 3.88904
v -2.72886 3.80581 3.98374
v -2.72886 3.80581 4.08502
v -2.79403 3.80581 4.17149
v -2.79513 3.80581 4.19077
v -2.72886 3.80581 4.30356
v -2.72892 3.80581 4.47445
v -2.83943 3.80581 4.47445
v -2.95001 3.80581 4.47445
v -2.95007 3.69573 4.30356
v -2.95007 3.69573 3.87966
v -2.95007 3.69573 3.45576
v -2.95001 3.69573 3.28487
v -2.83943 3.69573 3.28487
v -2.72892 3.69573 3.28487
v -2.72886 3.69573 3.45576
v -2.80114 3.69573 3.57645
v -2.79951 3.69573 3.59519
v -2.72886 3.69573 3.67689
v -2.72886 3.69573 3.77314
v -2.79803 3.69573 3.87021
v -2.79793 3.69573 3.88904
v -2.72886 3.69573 3.98374
v -2.72886 3.69573 4.08502
v -2.79403 3.69573 4.17149
v -2.79513 3.69573 4.19077
v -2.72886 3.69573 4.30356
v -2.72892 3.69573 4.47445
v -2.83943 3.69573 4.47445
v -2.95001 3.69573 4.47445
v -2.75247 2.96076 3.28487
v -2.75247 3.69573 3.28487
v -2.75247 3.80581 3.28487
v -2.75247 3.83380 3.28487
v -2.72942 3.83380 3.25964
v -2.83943 3.83380 2.94513
v -2.92613 2.96076 3.28487
v -2.92613 3.69573 3.28487
v -2.92613 3.80581 3.28487
v -2.92613 3.83380 3.28487
v -2.94943 3.83380 3.25936
v -2.93030 2.96076 4.47445
v -2.93030 3.69573 4.47445
v -2.93030 3.80581 4.47445
v -2.93030 3.83380 4.47445
v -2.95317 3.83380 4.49892
v -2.83943 3.83380 4.81419
v -2.74706 2.96076 4.47445
v -2.74706 3.69573 4.47445
v -2.74706 3.80581 4.47445
v -2.74706 3.83380 4.47445
v -2.72202 3.83380 4.50071
v -2.72887 2.96076 4.31959
v -2.72887 3.69573 4.31959
v -2.72887 3.80581 4.31959
v -2.72887 3.83380 4.31959
v -2.70096 3.83380 4.32206
v -2.72886 2.96076 4.06960
v -2.72886 3.69573 4.06960
v -2.72886 3.80581 4.06960
v -2.72886 3.83380 4.06960
v -2.70122 3.83380 4.06968
v -2.41553 3.83380 4.07037
v -2.72886 2.96076 3.99929
v -2.72886 3.69573 3.99929
v -2.72886 3.80581 3.99929
v -2.72886 3.83380 3.99929
v -2.70129 3.83380 3.99939
v -2.41553 3.83380 4.00025
v -2.72887 2.96076 3.43558
v -2.72887 3.69573 3.43557
v -2.72887 3.80581 3.43557
v -2.72887 3.83380 3.43557
v -2.70185 3.83380 3.43260
v -2.70200 3.83380 3.28298
v -2.72891 3.83380 3.30519
v -2.72891 3.80581 3.30519
v -2.72891 3.69573 3.30519
v -2.72891 2.96076 3.30519
v -2.72891 2.96076 4.45209
v -2.72891 3.69573 4.45209
v -2.72891 3.80581 4.45209
v -2.72891 3.83380 4.45209
v -2.70081 3.83380 4.47501
v -2.41553 3.83380 4.30356
v -2.97602 3.83380 4.47032
v -2.95002 3.83380 4.44953
v -2.95002 3.80581 4.44953
v -2.95002 3.69573 4.44953
v -2.95002 2.96076 4.44953
v -2.95002 2.96076 3.30952
v -2.95002 3.69573 3.30952
v -2.95002 3.80581 3.30952
v -2.95002 3.83380 3.30952
v -2.97723 3.83380 3.28767
v -3.26333 3.83380 3.45576
v -2.72886 2.96076 3.75623
v -2.72886 3.69573 3.75623
v -2.72886 3.80581 3.75623
v -2.72886 3.83380 3.75623
v -2.70153 3.83380 3.75639
v -2.41553 3.83380 3.75775
v -2.72886 2.96076 3.69051
v -2.72886 3.69573 3.69051
v -2.72886 3.80581 3.69051
v -2.72886 3.83380 3.69051
v -2.70159 3.83380 3.69087
v -2.41553 3.83380 3.69395
v -2.24130 3.83380 3.99844
v -2.24480 3.83380 3.75829
v -2.14106 3.83380 3.69796
v -2.14053 3.83380 3.89606
v -2.14007 3.83380 4.07099
v -2.77503 3.83380 4.19301
v -2.77503 3.83380 4.17112
v -2.78170 3.83380 3.89128
v -2.78321 3.83380 3.87051
v -2.78149 3.83380 3.59353
v -2.78211 3.83380 3.57568
v -2.51353 3.83380 4.48334
v -3.18652 3.83380 4.47513
v -2.50347 3.83380 3.28416
v -3.18887 3.83380 3.28469
v -2.85849 3.83380 4.80983
v -2.85787 3.83380 2.94935
v -2.45665 3.83380 4.37899
v -2.45635 3.83380 3.37612
# 318 verticies
vt 0.55547 0.56022
vt 0.61897 0.57259
vt 0.57605 0.60074
vt 0.55710 0.49300
vt 0.63164 0.50752
vt 0.67565 0.51609
vt 0.66291 0.58115
vt 0.46151 0.95868
vt 0.46151 0.98418
vt 0.39522 0.98418
vt 0.39522 0.95868
vt 0.51771 0.98418
vt 0.51771 0.95868
vt 0.19878 0.50152
vt 0.25498 0.50152
vt 0.25498 0.52702
vt 0.19878 0.52702
vt 0.13249 0.50152
vt 0.13249 0.52702
vt 0.97275 0.12288
vt 0.96958 0.19040
vt 0.95167 0.19204
vt 0.95485 0.12452
vt 0.94889 0.24993
vt 0.93262 0.24195
vt 0.91446 0.29507
vt 0.90424 0.28210
vt 0.89206 0.69089
vt 0.91149 0.75563
vt 0.89372 0.75838
vt 0.87429 0.69364
vt 0.46151 0.51040
vt 0.39522 0.51040
vt 0.51771 0.51040
vt 0.25498 0.97531
vt 0.19878 0.97531
vt 0.13249 0.97531
vt 0.66606 0.66245
vt 0.60660 0.63608
vt 0.65701 0.61130
vt 0.66128 0.61212
vt 0.73047 0.62165
vt 0.74046 0.60894
vt 0.77891 0.64198
vt 0.73674 0.66143
vt 0.78205 0.55353
vt 0.78888 0.52131
vt 0.79207 0.51985
vt 0.78436 0.55661
vt 0.75862 0.54907
vt 0.75813 0.55158
vt 0.71419 0.54324
vt 0.71470 0.54065
vt 0.32892 0.98418
vt 0.32892 0.95868
vt 0.27273 0.98418
vt 0.27273 0.95868
vt 0.19878 0.48378
vt 0.19878 0.45829
vt 0.25498 0.45829
vt 0.25498 0.48378
vt 0.13249 0.48378
vt 0.13249 0.45829
vt 0.95760 0.05965
vt 0.93969 0.06129
vt 0.92710 0.01209
vt 0.91249 0.02219
vt 0.96637 0.43007
vt 0.94856 0.43240
vt 0.96655 0.36931
vt 0.98317 0.37658
vt 0.96639 0.49455
vt 0.94858 0.49688
vt 0.32892 0.51040
vt 0.27273 0.51040
vt 0.19878 0.01000
vt 0.25498 0.01000
vt 0.13249 0.01000
vt 0.66877 0.66365
vt 0.69506 0.61866
vt 0.69926 0.61947
vt 0.66124 0.41842
vt 0.64432 0.44245
vt 0.61514 0.39914
vt 0.65668 0.37896
vt 0.58082 0.43009
vt 0.68839 0.45104
vt 0.39522 0.03549
vt 0.39522 0.01000
vt 0.46151 0.01000
vt 0.46151 0.03549
vt 0.51771 0.01000
vt 0.51771 0.03549
vt 0.06620 0.50152
vt 0.06620 0.52702
vt 0.01000 0.52702
vt 0.01000 0.50152
vt 0.91258 0.42663
vt 0.92341 0.49334
vt 0.90543 0.49375
vt 0.89460 0.42703
vt 0.88525 0.36983
vt 0.87000 0.37961
vt 0.89432 0.82339
vt 0.91209 0.82065
vt 0.89401 0.87418
vt 0.87739 0.86791
vt 0.39522 0.48378
vt 0.46151 0.48378
vt 0.51771 0.48378
vt 0.06620 0.97531
vt 0.01000 0.97531
vt 0.72160 0.37685
vt 0.72465 0.37675
vt 0.71525 0.42500
vt 0.69777 0.42174
vt 0.84077 0.48072
vt 0.77445 0.46780
vt 0.81926 0.43813
vt 0.76492 0.51674
vt 0.76538 0.51436
vt 0.76794 0.50124
vt 0.76748 0.50360
vt 0.72361 0.49516
vt 0.72407 0.49280
vt 0.32892 0.03549
vt 0.32892 0.01000
vt 0.27273 0.01000
vt 0.27273 0.03549
vt 0.06620 0.48378
vt 0.01000 0.48378
vt 0.01000 0.45829
vt 0.06620 0.45829
vt 0.91555 0.55788
vt 0.89757 0.55829
vt 0.89065 0.60861
vt 0.87498 0.60023
vt 0.54833 0.97002
vt 0.54775 0.90442
vt 0.56430 0.91140
vt 0.56628 0.96743
vt 0.96686 0.55095
vt 0.98467 0.54862
vt 0.32892 0.48378
vt 0.27273 0.48378
vt 0.01000 0.01000
vt 0.06620 0.01000
vt 0.73330 0.42838
vt 0.69426 0.42108
vt 0.69340 0.42545
vt 0.73119 0.45643
vt 0.77040 0.45499
vt 0.73064 0.45927
vt 0.69996 0.61590
vt 0.65786 0.60695
vt 0.62528 0.60108
vt 0.81359 0.50999
vt 0.84299 0.54869
vt 0.80735 0.54175
vt 0.81525 0.61082
vt 0.80148 0.57160
vt 0.74910 0.59794
vt 0.75583 0.56341
vt 0.70516 0.58938
vt 0.71181 0.55538
vt 0.72103 0.50833
vt 0.54432 0.78334
vt 0.54870 0.78334
vt 0.54870 0.84963
vt 0.54432 0.84963
vt 0.54432 0.71705
vt 0.54870 0.71705
vt 0.54432 0.69423
vt 0.54870 0.69423
vt 0.97388 0.82686
vt 0.97388 0.82248
vt 0.97696 0.82248
vt 0.97696 0.82686
vt 0.94522 0.82686
vt 0.94522 0.82248
vt 0.95967 0.82248
vt 0.95967 0.82686
vt 0.84400 0.69382
vt 0.83962 0.69382
vt 0.83962 0.69033
vt 0.84400 0.69033
vt 0.84400 0.73469
vt 0.83962 0.73469
vt 0.83962 0.71705
vt 0.84400 0.71705
vt 0.84400 0.75123
vt 0.83962 0.75123
vt 0.83962 0.73771
vt 0.84400 0.73771
vt 0.84400 0.75364
vt 0.83962 0.75364
vt 0.84400 0.78188
vt 0.83962 0.78188
vt 0.83962 0.76707
vt 0.84400 0.76707
vt 0.84400 0.80000
vt 0.83962 0.80000
vt 0.83962 0.78482
vt 0.84400 0.78482
vt 0.84400 0.80265
vt 0.83962 0.80265
vt 0.84400 0.82783
vt 0.83962 0.82783
vt 0.83962 0.81505
vt 0.84400 0.81505
vt 0.84400 0.84963
vt 0.83962 0.84963
vt 0.83962 0.83076
vt 0.84400 0.83076
vt 0.84400 0.85279
vt 0.83962 0.85279
vt 0.94607 0.85347
vt 0.94607 0.85785
vt 0.94238 0.85785
vt 0.94238 0.85347
vt 0.97322 0.85347
vt 0.97322 0.85785
vt 0.95967 0.85785
vt 0.95967 0.85347
vt 0.54432 0.87250
vt 0.54870 0.87250
vt 0.54870 0.87636
vt 0.54432 0.87636
vt 0.97646 0.12254
vt 0.97328 0.19006
vt 0.94796 0.19238
vt 0.95114 0.12486
vt 0.95225 0.25158
vt 0.92925 0.24030
vt 0.91658 0.29775
vt 0.90213 0.27942
vt 0.89574 0.69033
vt 0.91517 0.75507
vt 0.89004 0.75894
vt 0.87061 0.69421
vt 0.96130 0.05931
vt 0.93599 0.06163
vt 0.93012 0.01000
vt 0.90946 0.02428
vt 0.94488 0.43288
vt 0.96311 0.36781
vt 0.98661 0.37808
vt 0.97005 0.42959
vt 0.94490 0.49736
vt 0.97008 0.49407
vt 0.91630 0.42654
vt 0.92713 0.49326
vt 0.90171 0.49383
vt 0.89088 0.42712
vt 0.88841 0.36781
vt 0.86684 0.38163
vt 0.91577 0.82008
vt 0.89745 0.87548
vt 0.87395 0.86662
vt 0.89064 0.82396
vt 0.91926 0.55780
vt 0.89385 0.55838
vt 0.89389 0.61034
vt 0.87174 0.59850
vt 0.54461 0.97055
vt 0.54432 0.90298
vt 0.56772 0.91284
vt 0.56999 0.96689
vt 0.96318 0.55144
vt 0.98835 0.54814
vt 0.56826 0.60676
vt 0.54459 0.55810
vt 0.54432 0.49051
vt 0.60448 0.64697
vt 0.66703 0.67258
vt 0.78328 0.64865
vt 0.73462 0.67231
vt 0.61014 0.39175
vt 0.65880 0.36808
vt 0.56994 0.42797
vt 0.72639 0.36781
vt 0.82516 0.43363
vt 0.84883 0.48229
vt 0.78894 0.39343
vt 0.78682 0.40431
vt 0.84910 0.54988
vt 0.82348 0.61243
vt 0.73146 0.43220
vt 0.72867 0.43166
vt 0.73656 0.42899
vt 0.71449 0.42890
vt 0.70054 0.42618
vt 0.69752 0.42559
vt 0.69677 0.42942
vt 0.69240 0.45182
vt 0.67973 0.51689
vt 0.66705 0.58196
vt 0.66269 0.60441
vt 0.66195 0.60819
vt 0.66562 0.60890
vt 0.67817 0.61539
vt 0.67893 0.61150
vt 0.69227 0.61410
vt 0.69589 0.61480
vt 0.69650 0.61168
vt 0.69705 0.56585
vt 0.69433 0.56506
vt 0.70762 0.55463
vt 0.70803 0.55254
vt 0.71222 0.55330
vt 0.70592 0.52014
vt 0.70336 0.52000
vt 0.71679 0.50753
vt 0.71726 0.50514
vt 0.72149 0.50595
vt 0.71596 0.47402
vt 0.71281 0.47377
vt 0.72636 0.45843
vt 0.72683 0.45597
vt 0.56591 0.78334
vt 0.56591 0.84963
vt 0.56591 0.71705
vt 0.56591 0.69033
vt 0.56591 0.69423
vt 0.54870 0.69033
vt 0.95967 0.80526
vt 0.97388 0.80526
vt 0.94238 0.80526
vt 0.94522 0.80526
vt 0.94238 0.82248
vt 0.82240 0.71705
vt 0.82240 0.71455
vt 0.83962 0.71455
vt 0.82240 0.73469
vt 0.82240 0.75123
vt 0.82240 0.73771
vt 0.82240 0.76707
vt 0.82240 0.76464
vt 0.83962 0.76464
vt 0.82240 0.78188
vt 0.82240 0.80000
vt 0.82240 0.78482
vt 0.82240 0.81505
vt 0.82240 0.81292
vt 0.83962 0.81292
vt 0.82240 0.82783
vt 0.82240 0.84963
vt 0.82240 0.83076
vt 0.82240 0.87636
vt 0.82240 0.87318
vt 0.83962 0.87318
vt 0.83962 0.87636
vt 0.95967 0.87506
vt 0.94607 0.87506
vt 0.97696 0.87506
vt 0.97322 0.87506
vt 0.97696 0.85785
vt 0.56591 0.87250
vt 0.68085 0.78334
vt 0.68085 0.84963
vt 0.68085 0.71705
vt 0.68085 0.69033
vt 0.68085 0.69423
vt 0.95967 0.69033
vt 0.97388 0.69033
vt 0.94238 0.69033
vt 0.94522 0.69033
vt 0.70747 0.71705
vt 0.70747 0.71455
vt 0.70747 0.73469
vt 0.70747 0.75123
vt 0.70747 0.73771
vt 0.70747 0.76707
vt 0.70747 0.76464
vt 0.70747 0.78188
vt 0.70747 0.80000
vt 0.70747 0.78482
vt 0.70747 0.81505
vt 0.70747 0.81292
vt 0.70747 0.82783
vt 0.70747 0.84963
vt 0.70747 0.83076
vt 0.70747 0.87636
vt 0.70747 0.87318
vt 0.95967 0.99000
vt 0.94607 0.99000
vt 0.97696 0.99000
vt 0.97322 0.99000
vt 0.68085 0.87250
vt 0.94238 0.87506
vt 0.94238 0.99000
vt 0.97696 0.85347
vt 0.97696 0.80526
vt 0.97696 0.69033
vt 0.94238 0.82686
vt 0.84400 0.71455
vt 0.73079 0.43563
vt 0.73579 0.43295
vt 0.82240 0.69382
vt 0.70747 0.69382
vt 0.84400 0.76464
vt 0.71982 0.49198
vt 0.71936 0.49435
vt 0.82240 0.75364
vt 0.70747 0.75364
vt 0.84400 0.87318
vt 0.70040 0.59167
vt 0.70101 0.58857
vt 0.70446 0.59293
vt 0.82240 0.85279
vt 0.70747 0.85279
vt 0.84400 0.87636
vt 0.82240 0.69033
vt 0.70747 0.69033
vt 0.54432 0.69033
vt 0.56591 0.87636
vt 0.68085 0.87636
vt 0.75623 0.56138
vt 0.84400 0.81292
vt 0.71050 0.53985
vt 0.70999 0.54245
vt 0.82240 0.80265
vt 0.70747 0.80265
vt 0.80978 0.51174
vt 0.80448 0.53857
vt 0.79848 0.56897
vt 0.71240 0.47676
vt 0.71531 0.47738
vt 0.70278 0.52289
vt 0.70507 0.52328
vt 0.69352 0.56788
vt 0.69642 0.56857
vt 0.76479 0.43728
# 433 texture verticies
vn 0.00000 1.00000 0.00000
vn -0.00000 1.00000 0.00000
vn -0.00000 1.00000 0.00000
vn -0.00000 1.00000 -0.00000
vn 0.00000 1.00000 0.00000
vn -0.00001 1.00000 0.00000
vn -0.00000 1.00000 0.00000
vn -0.38268 -0.00000 -0.92388
vn -0.38268 -0.00000 -0.92388
vn -0.06616 -0.00000 -0.99781
vn 0.00000 -0.00000 -1.00000
vn -0.65878 -0.00000 -0.75234
vn -0.70711 -0.00000 -0.70711
vn -0.89654 -0.00000 -0.44297
vn -0.92388 -0.00000 -0.38268
vn -1.00000 -0.00000 -0.00000
vn -1.00000 -0.00000 -0.00000
vn -0.13928 0.70021 -0.70022
vn -0.13928 0.70021 -0.70022
vn -0.13928 0.70022 -0.70021
vn -0.42563 0.67467 -0.60304
vn -0.43230 0.63762 -0.63762
vn -0.41785 0.70996 -0.56689
vn -0.60304 0.67467 -0.42563
vn -0.63762 0.63762 -0.43230
vn -0.56689 0.70996 -0.41785
vn -0.70021 0.70021 -0.13928
vn -0.70022 0.70021 -0.13928
vn -0.70021 0.70021 -0.13928
vn -0.38268 -0.00000 -0.92388
vn 0.06616 -0.00000 -0.99781
vn -0.75234 -0.00000 -0.65878
vn -0.94717 -0.00000 -0.32072
vn -1.00000 -0.00000 -0.00000
vn 0.00000 1.00000 -0.00000
vn -0.00000 1.00000 -0.00000
vn 0.00000 1.00000 0.00000
vn -0.00000 1.00000 0.00000
vn -0.00000 1.00000 0.00000
vn -0.00000 1.00000 0.00000
vn -0.00000 1.00000 0.00000
vn -0.00000 1.00000 -0.00000
vn -0.00000 1.00000 -0.00000
vn -0.00000 1.00000 -0.00000
vn -0.00000 1.00000 -0.00000
vn 0.00000 1.00000 0.00000
vn -0.00000 1.00000 0.00000
vn -0.00000 1.00000 0.00000
vn -0.00000 1.00000 0.00000
vn -0.00000 1.00000 0.00000
vn 0.32072 0.00000 -0.94717
vn 0.38268 0.00000 -0.92388
vn 0.65878 0.00000 -0.75234
vn 0.70711 0.00000 -0.70711
vn 0.89654 0.00000 -0.44297
vn 0.92388 -0.00000 -0.38268
vn 0.99781 -0.00000 -0.06616
vn 1.00000 0.00000 -0.00000
vn 0.13928 0.70021 -0.70022
vn 0.13928 0.70021 -0.70021
vn 0.13928 0.70021 -0.70022
vn 0.42563 0.67467 -0.60304
vn 0.43230 0.63762 -0.63762
vn 0.41785 0.70996 -0.56689
vn 0.60304 0.67467 -0.42563
vn 0.63762 0.63762 -0.43230
vn 0.56689 0.70996 -0.41785
vn 0.70021 0.70021 -0.13928
vn 0.70021 0.70021 -0.13928
vn 0.70021 0.70021 -0.13928
vn 0.44297 -0.00000 -0.89654
vn 0.75234 -0.00000 -0.65878
vn 0.94717 0.00000 -0.32072
vn 0.99781 0.00000 0.06616
vn 0.00000 1.00000 -0.00000
vn 0.00000 1.00000 0.00000
vn -0.00000 1.00000 0.00000
vn 0.00000 1.00000 -0.00000
vn 0.00000 1.00000 -0.00000
vn -0.00000 1.00000 -0.00000
vn -0.00000 1.00000 0.00000
vn 0.00000 1.00000 0.00000
vn -0.00000 1.00000 -0.00000
vn 0.00000 0.00000 1.00000
vn 0.06616 0.00000 0.99781
vn -0.32072 -0.00000 0.94717
vn -0.38268 -0.00000 0.92388
vn -0.65878 -0.00000 0.75234
vn -0.70711 -0.00000 0.70711
vn -0.89654 -0.00000 0.44297
vn -0.92388 -0.00000 0.38268
vn -0.13928 0.70021 0.70021
vn -0.13928 0.70021 0.70021
vn -0.13928 0.70021 0.70021
vn -0.42563 0.67467 0.60304
vn -0.43230 0.63762 0.63762
vn -0.41785 0.70996 0.56689
vn -0.60304 0.67467 0.42563
vn -0.63762 0.63762 0.43230
vn -0.56689 0.70996 0.41785
vn -0.70022 0.70021 0.13928
vn -0.70022 0.70021 0.13928
vn -0.70021 0.70021 0.13928
vn -0.06616 0.00000 0.99781
vn -0.44297 0.00000 0.89654
vn -0.75234 -0.00000 0.65878
vn -0.94717 -0.00000 0.32072
vn -0.00000 1.00000 -0.00000
vn 0.00000 1.00000 -0.00000
vn -0.00000 1.00000 -0.00000
vn -0.00000 1.00000 -0.00000
vn -0.00000 1.00000 -0.00000
vn -0.00000 1.00000 -0.00000
vn -0.00000 1.00000 -0.00000
vn -0.00000 1.00000 0.00000
vn -0.00000 1.00000 -0.00000
vn -0.00000 1.00000 0.00000
vn -0.00000 1.00000 0.00000
vn -0.00000 1.00000 0.00000
vn -0.00000 1.00000 0.00000
vn 0.38268 0.00000 0.92388
vn 0.38268 0.00000 0.92388
vn 0.65878 0.00000 0.75234
vn 0.70711 0.00000 0.70711
vn 0.92388 0.00000 0.38268
vn 0.92388 0.00000 0.38268
vn 0.13928 0.70021 0.70021
vn 0.13928 0.70021 0.70021
vn 0.13928 0.70022 0.70021
vn 0.42563 0.67467 0.60304
vn 0.43230 0.63762 0.63762
vn 0.41785 0.70996 0.56689
vn 0.60304 0.67467 0.42563
vn 0.63762 0.63762 0.43230
vn 0.56689 0.70996 0.41785
vn 0.70021 0.70021 0.13928
vn 0.70021 0.70021 0.13928
vn 0.70021 0.70021 0.13928
vn 0.38268 0.00000 0.92388
vn 0.75234 0.00000 0.65878
vn 0.92388 0.00000 0.38268
vn 0.00000 1.00000 -0.00000
vn 0.00000 1.00000 -0.00000
vn 0.00000 1.00000 -0.00000
vn -0.00000 1.00000 -0.00000
vn -0.00000 1.00000 -0.00000
vn -0.00000 1.00000 0.00000
vn -0.00000 1.00000 0.00000
vn 0.00000 1.00000 0.00000
vn 0.00000 1.00000 0.00000
vn -0.00000 1.00000 0.00000
vn -0.00000 1.00000 -0.00000
vn -0.00000 1.00000 -0.00000
vn -0.00000 1.00000 0.00000
vn 0.00000 1.00000 -0.00000
vn -0.00000 1.00000 0.00000
vn -0.00000 1.00000 -0.00000
vn -0.00000 1.00000 0.00000
vn -0.00000 1.00000 0.00000
vn -0.00000 1.00000 0.00000
vn 1.00000 -0.00000 -0.00000
vn 1.00000 -0.00000 0.00000
vn 1.00000 -0.00000 -0.00000
vn 1.00000 -0.00000 0.00000
vn 1.00000 0.00000 0.00000
vn 1.00000 -0.00000 0.00000
vn 1.00000 -0.00000 -0.00033
vn 1.00000 -0.00000 -0.00033
vn 1.00000 0.00000 -0.00033
vn 0.00000 0.00000 -1.00000
vn -0.00000 0.00000 -1.00000
vn 0.00000 0.00000 -1.00000
vn 0.00000 0.00000 -1.00000
vn 0.00000 0.00000 -1.00000
vn 0.00000 0.00000 -1.00000
vn -1.00000 0.00000 -0.00033
vn -1.00000 0.00000 -0.00033
vn -1.00000 0.00000 -0.00033
vn -0.86219 -0.00000 0.50659
vn -0.86219 0.00000 0.50659
vn -0.86219 -0.00000 0.50659
vn -0.79864 0.00000 -0.60181
vn -0.79864 0.00000 -0.60181
vn -0.79864 0.00000 -0.60181
vn -1.00000 0.00000 0.00000
vn -0.80794 0.00000 0.58926
vn -0.80794 0.00000 0.58926
vn -0.80794 0.00000 0.58926
vn -0.81439 0.00000 -0.58032
vn -0.81439 0.00000 -0.58032
vn -0.81439 0.00000 -0.58032
vn -0.75640 0.00000 0.65411
vn -0.75640 0.00000 0.65411
vn -0.75640 0.00000 0.65411
vn -0.85792 0.00000 -0.51379
vn -0.85792 0.00000 -0.51379
vn -0.85792 0.00000 -0.51379
vn -1.00000 0.00000 0.00034
vn -1.00000 0.00001 0.00034
vn -1.00000 0.00000 0.00034
vn 0.00000 0.00000 1.00000
vn -0.00000 0.00000 1.00000
vn -0.00000 0.00000 1.00000
vn -0.00000 0.00000 1.00000
vn 1.00000 0.00000 0.00033
vn 1.00000 -0.00000 0.00034
vn 1.00000 0.00000 0.00033
vn -0.99836 0.00000 -0.05724
vn -0.99836 0.00000 -0.05724
vn -0.99836 0.00000 -0.05724
vn -0.99998 0.00000 0.00551
vn -0.99998 0.00000 0.00552
vn -0.99998 0.00000 0.00551
vn -0.99624 0.00000 0.08659
vn -0.99624 0.00000 0.08659
vn -0.99624 0.00000 0.08660
vn -0.13928 0.70021 -0.70022
vn -0.13928 0.70021 -0.70022
vn -0.13928 0.70021 -0.70022
vn -0.13928 0.70022 -0.70021
vn -0.13928 0.70022 -0.70021
vn -0.13928 0.70021 -0.70022
vn -0.41231 0.67418 -0.61277
vn -0.42719 0.63934 -0.63934
vn -0.39655 0.70757 -0.58488
vn -0.44336 0.66982 -0.59563
vn -0.42312 0.71047 -0.56232
vn -0.46219 0.62705 -0.62704
vn -0.61277 0.67418 -0.41231
vn -0.63934 0.63934 -0.42719
vn -0.58488 0.70757 -0.39655
vn -0.59563 0.66982 -0.44336
vn -0.56232 0.71047 -0.42312
vn -0.62705 0.62704 -0.46220
vn -0.70021 0.70022 -0.13928
vn -0.70021 0.70022 -0.13928
vn -0.70022 0.70021 -0.13928
vn -0.70022 0.70021 -0.13928
vn -0.70022 0.70021 -0.13928
vn -0.70022 0.70021 -0.13928
vn 0.13928 0.70022 -0.70021
vn 0.13928 0.70022 -0.70021
vn 0.13928 0.70021 -0.70022
vn 0.13928 0.70021 -0.70022
vn 0.13928 0.70021 -0.70022
vn 0.13928 0.70021 -0.70022
vn 0.41231 0.67418 -0.61276
vn 0.42719 0.63934 -0.63933
vn 0.39655 0.70758 -0.58488
vn 0.44336 0.66982 -0.59563
vn 0.42312 0.71046 -0.56233
vn 0.46220 0.62705 -0.62705
vn 0.61277 0.67418 -0.41231
vn 0.63934 0.63933 -0.42719
vn 0.58488 0.70758 -0.39655
vn 0.59563 0.66982 -0.44336
vn 0.56233 0.71046 -0.42312
vn 0.62705 0.62705 -0.46220
vn 0.70022 0.70021 -0.13928
vn 0.70021 0.70022 -0.13928
vn 0.70022 0.70021 -0.13928
vn 0.70021 0.70022 -0.13928
vn 0.70021 0.70021 -0.13928
vn 0.70021 0.70022 -0.13928
vn -0.13928 0.70021 0.70022
vn -0.13928 0.70021 0.70022
vn -0.13928 0.70021 0.70022
vn -0.13928 0.70022 0.70021
vn -0.13928 0.70022 0.70021
vn -0.13928 0.70021 0.70021
vn -0.41231 0.67417 0.61277
vn -0.42720 0.63933 0.63934
vn -0.39655 0.70757 0.58488
vn -0.44336 0.66982 0.59563
vn -0.42312 0.71046 0.56233
vn -0.46219 0.62705 0.62704
vn -0.61277 0.67418 0.41231
vn -0.63934 0.63934 0.42719
vn -0.58489 0.70757 0.39655
vn -0.59563 0.66981 0.44336
vn -0.56233 0.71046 0.42312
vn -0.62705 0.62704 0.46220
vn -0.70021 0.70022 0.13928
vn -0.70021 0.70022 0.13928
vn -0.70022 0.70021 0.13928
vn -0.70022 0.70021 0.13928
vn -0.70022 0.70021 0.13928
vn -0.70022 0.70021 0.13928
vn 0.13928 0.70022 0.70021
vn 0.13928 0.70021 0.70022
vn 0.13928 0.70022 0.70021
vn 0.13928 0.70021 0.70021
vn 0.13928 0.70021 0.70021
vn 0.13928 0.70021 0.70021
vn 0.41231 0.67418 0.61277
vn 0.42719 0.63934 0.63933
vn 0.39655 0.70757 0.58489
vn 0.44336 0.66982 0.59563
vn 0.42312 0.71047 0.56232
vn 0.46219 0.62705 0.62705
vn 0.61277 0.67417 0.41231
vn 0.63934 0.63933 0.42719
vn 0.58489 0.70757 0.39655
vn 0.59563 0.66982 0.44336
vn 0.56232 0.71047 0.42312
vn 0.62705 0.62705 0.46220
vn 0.70022 0.70021 0.13928
vn 0.70022 0.70021 0.13928
vn 0.70021 0.70022 0.13928
vn 0.70021 0.70022 0.13928
vn 0.70021 0.70021 0.13928
vn 0.70021 0.70022 0.13928
vn -0.00000 1.00000 -0.00000
vn -0.00000 1.00000 -0.00000
vn -0.00000 1.00000 -0.00000
vn 0.00000 1.00000 -0.00000
vn -0.00000 1.00000 -0.00000
vn -0.00000 1.00000 -0.00000
vn -0.00000 1.00000 -0.00000
vn -0.00000 1.00000 0.00000
vn -0.00000 1.00000 -0.00000
vn -0.00000 1.00000 -0.00000
vn -0.00000 1.00000 -0.00000
vn -0.00000 1.00000 -0.00000
vn -0.00000 1.00000 0.00000
vn 0.00000 1.00000 -0.00000
vn -0.00000 1.00000 -0.00000
vn -0.00000 1.00000 0.00000
vn -0.00000 1.00000 -0.00000
vn -0.00000 1.00000 -0.00000
vn -0.00001 1.00000 -0.00000
vn -0.00001 1.00000 0.00000
vn 0.00000 1.00000 -0.00000
vn 0.00000 1.00000 0.00000
vn 0.00000 1.00000 0.00000
vn -0.00000 1.00000 0.00000
vn 0.00000 1.00000 0.00000
vn -0.00000 1.00000 0.00000
vn 0.00000 1.00000 0.00000
vn -0.00000 1.00000 -0.00000
vn -0.00000 1.00000 -0.00000
vn -0.00000 1.00000 0.00000
vn -0.00000 1.00000 0.00000
vn -0.00000 1.00000 0.00000
vn -0.00000 1.00000 0.00000
vn -0.00000 1.00000 0.00000
vn 1.00000 -0.00000 0.00000
vn 1.00000 -0.00000 0.00000
vn 1.00000 -0.00000 0.00000
vn 1.00000 -0.00000 0.00000
vn 1.00000 -0.00000 0.00000
vn 1.00000 -0.00000 -0.00033
vn 1.00000 0.00000 -0.00033
vn 1.00000 -0.00000 -0.00033
vn -0.00000 -0.00000 -1.00000
vn -0.00000 -0.00000 -1.00000
vn -0.00000 0.00000 -1.00000
vn -0.00000 -0.00000 -1.00000
vn -0.00000 -0.00000 -1.00000
vn 0.00000 -0.00000 -1.00000
vn -1.00000 -0.00000 -0.00034
vn -1.00000 0.00000 -0.00034
vn -1.00000 -0.00000 -0.00034
vn -0.86219 0.00000 0.50659
vn -0.86219 0.00000 0.50659
vn -0.86219 0.00000 0.50659
vn -0.79864 0.00000 -0.60181
vn -0.79864 0.00000 -0.60181
vn -0.79864 -0.00000 -0.60181
vn -1.00000 0.00000 0.00000
vn -0.80794 0.00000 0.58926
vn -0.80794 0.00000 0.58926
vn -0.80794 0.00000 0.58926
vn -0.81439 -0.00000 -0.58032
vn -0.81439 -0.00000 -0.58032
vn -0.81439 -0.00000 -0.58032
vn -0.75640 0.00000 0.65411
vn -0.75640 0.00000 0.65411
vn -0.75640 -0.00000 0.65411
vn -0.85792 0.00000 -0.51379
vn -0.85792 -0.00000 -0.51379
vn -0.85792 0.00000 -0.51379
vn -1.00000 -0.00000 0.00034
vn -1.00000 -0.00000 0.00034
vn -1.00000 0.00000 0.00034
vn 0.00000 -0.00000 1.00000
vn 0.00000 -0.00000 1.00000
vn 1.00000 -0.00000 0.00033
vn 1.00000 0.00000 0.00033
vn 1.00000 -0.00000 0.00033
vn -0.99836 0.00000 -0.05724
vn -0.99836 -0.00000 -0.05723
vn -0.99836 0.00000 -0.05724
vn -0.99998 0.00000 0.00551
vn -0.99998 0.00000 0.00551
vn -0.99998 -0.00000 0.00552
vn -0.99624 -0.00000 0.08659
vn -0.99624 -0.00000 0.08659
vn -0.99624 0.00000 0.08659
vn 1.00000 0.00000 0.00000
vn 1.00000 0.00000 0.00000
vn 1.00000 0.00000 0.00000
vn 1.00000 0.00000 0.00000
vn 1.00000 0.00000 0.00000
vn 1.00000 0.00000 0.00000
vn 1.00000 0.00000 -0.00033
vn 1.00000 0.00000 -0.00033
vn 1.00000 0.00000 -0.00033
vn -0.00000 -0.00000 -1.00000
vn -0.00000 -0.00000 -1.00000
vn -0.00000 -0.00000 -1.00000
vn -0.00000 -0.00000 -1.00000
vn 0.00000 -0.00000 -1.00000
vn -0.00000 -0.00000 -1.00000
vn -1.00000 -0.00000 -0.00033
vn -1.00000 -0.00000 -0.00033
vn -1.00000 -0.00000 -0.00034
vn -0.86219 -0.00000 0.50659
vn -0.86219 -0.00000 0.50659
vn -0.86219 -0.00000 0.50659
vn -0.79864 -0.00000 -0.60181
vn -0.79864 -0.00000 -0.60181
vn -0.79864 -0.00000 -0.60181
vn -1.00000 -0.00000 0.00000
vn -0.80794 -0.00000 0.58926
vn -0.80794 -0.00000 0.58926
vn -0.80794 -0.00000 0.58926
vn -0.81439 -0.00000 -0.58031
vn -0.81439 -0.00000 -0.58031
vn -0.81439 -0.00000 -0.58032
vn -0.75640 -0.00000 0.65411
vn -0.75640 -0.00000 0.65411
vn -0.75640 -0.00000 0.65411
vn -0.85792 -0.00000 -0.51379
vn -0.85792 -0.00000 -0.51379
vn -0.85792 -0.00000 -0.51379
vn -1.00000 -0.00000 0.00034
vn -1.00000 -0.00000 0.00033
vn -1.00000 -0.00000 0.00034
vn 0.00000 0.00000 1.00000
vn 0.00000 0.00000 1.00000
vn 0.00000 0.00000 1.00000
vn 0.00000 0.00000 1.00000
vn 1.00000 0.00000 0.00033
vn 1.00000 0.00000 0.00033
vn 1.00000 0.00000 0.00033
vn -0.99836 -0.00000 -0.05724
vn -0.99836 -0.00000 -0.05724
vn -0.99836 -0.00000 -0.05723
vn -0.99998 -0.00000 0.00551
vn -0.99998 -0.00000 0.00551
vn -0.99998 -0.00000 0.00551
vn -0.99624 -0.00000 0.08660
vn -0.99624 -0.00000 0.08660
vn -0.99624 -0.00000 0.08659
vn 0.00000 0.00000 1.00000
vn 0.00000 0.00000 1.00000
vn -0.00000 -0.00000 1.00000
vn -0.00000 -0.00000 1.00000
vn -0.00000 0.00000 1.00000
vn -0.00000 0.00000 1.00000
vn -0.00000 0.00000 1.00000
vn -0.00000 0.00000 -1.00000
vn -0.00000 -0.00000 -1.00000
vn -0.00000 0.00000 -1.00000
vn 0.00000 -0.00000 -1.00000
vn 0.00000 -0.00000 -1.00000
vn 0.00000 -0.00000 -1.00000
vn 0.00000 0.00000 -1.00000
vn 0.00000 -0.00000 -1.00000
vn 0.00000 0.00000 -1.00000
vn 0.00000 -0.00000 -1.00000
vn 0.00000 -0.00000 -1.00000
vn 0.00000 -0.00000 -1.00000
vn 0.00000 -0.00000 -1.00000
vn -1.00000 0.00000 -0.00034
vn -1.00000 0.00000 -0.00034
vn -0.00000 1.00000 0.00000
vn -1.00000 -0.00000 -0.00033
vn -1.00000 -0.00000 -0.00033
vn -1.00000 0.00000 -0.00033
vn -1.00000 -0.00000 -0.00033
vn -1.00000 -0.00000 -0.00033
vn -1.00000 -0.00000 -0.00033
vn -1.00000 0.00000 0.00033
vn -1.00000 0.00000 0.00033
vn -1.00000 0.00001 0.00033
vn -0.00000 1.00000 -0.00000
vn -0.00000 1.00000 0.00000
vn -1.00000 -0.00000 0.00034
vn -1.00000 -0.00000 0.00034
vn -1.00000 -0.00000 0.00034
vn -1.00000 -0.00000 0.00033
vn -1.00000 -0.00000 0.00034
vn -1.00000 -0.00000 0.00033
vn -1.00000 -0.00000 0.00033
vn -1.00000 -0.00000 0.00033
vn -1.00000 -0.00000 0.00033
vn -1.00000 -0.00000 0.00033
vn -1.00000 -0.00000 0.00033
vn -1.00000 -0.00000 0.00034
vn -1.00000 0.00000 0.00034
vn -1.00000 0.00000 0.00034
vn -1.00000 0.00000 0.00033
vn -1.00000 0.00000 -0.00033
vn -1.00000 0.00000 -0.00033
vn -1.00000 0.00000 -0.00033
vn -1.00000 -0.00000 -0.00033
vn -1.00000 -0.00000 -0.00033
vn -1.00000 -0.00000 -0.00033
vn -1.00000 -0.00000 -0.00033
vn -1.00000 -0.00000 -0.00033
vn -1.00000 -0.00000 -0.00033
vn 1.00000 -0.00000 -0.00033
vn 1.00000 0.00000 -0.00033
vn 1.00000 -0.00000 -0.00033
vn 1.00000 0.00000 -0.00033
vn 1.00000 0.00000 -0.00033
vn 1.00000 0.00000 -0.00033
vn 1.00000 0.00000 -0.00033
vn 1.00000 -0.00000 0.00033
vn 1.00000 0.00000 0.00033
vn 1.00000 -0.00000 0.00033
vn 1.00000 -0.00000 0.00033
vn 1.00000 -0.00000 0.00034
vn 1.00000 0.00000 0.00033
vn 1.00000 0.00000 0.00033
vn 1.00000 0.00000 0.00033
vn 1.00000 0.00000 0.00034
vn -0.00000 1.00000 0.00000
vn 0.00000 1.00000 0.00000
vn -0.00000 1.00000 -0.00000
vn -0.00000 1.00000 -0.00000
vn -0.00000 1.00000 -0.00000
vn 0.00000 1.00000 0.00000
vn 0.00000 1.00000 0.00000
vn -0.00000 1.00000 -0.00000
vn -0.00000 1.00000 -0.00000
vn -0.00000 1.00000 0.00000
# 539 normals
usemtl chrom
f  5258/5696/10029 5394/5697/10030 5270/5698/10031
f  5260/5699/10032 5147/5700/10033 5394/5697/10030 5258/5696/10029
f  5147/5700/10033 5276/5701/10034 5277/5702/10035 5394/5697/10030
f  5112/5703/10036 5108/5704/10037 5125/5705/10038 5111/5706/10039
f  5109/5707/10040 5108/5704/10037 5112/5703/10036 5113/5708/10041
f  5110/5709/10042 5109/5710/10040 5113/5711/10041 5114/5712/10043
f  5146/5713/10044 5110/5709/10042 5114/5712/10043 5153/5714/10045
f  5227/5715/10046 5229/5716/10047 5228/5717/10046 5226/5718/10048
f  5228/5717/10049 5229/5716/10050 5231/5719/10049 5230/5720/10051
f  5231/5719/10052 5233/5721/10053 5232/5722/10052 5230/5720/10054
f  5233/5723/10055 5249/5724/10056 5248/5725/10055 5232/5726/10057
f  5120/5727/10058 5112/5703/10036 5111/5706/10039 5119/5728/10059
f  5113/5708/10041 5112/5703/10036 5120/5727/10058 5121/5729/10060
f  5114/5712/10043 5113/5711/10041 5121/5730/10060 5122/5731/10061
f  5153/5714/10045 5114/5712/10043 5122/5731/10061 5163/5732/10062
f  5423/5733/10063 5266/5734/10064 5278/5735/10065 5339/5736/10066
f  5420/5737/10067 5425/5738/10068 5271/5739/10069 5259/5740/10070
f  5198/5741/10071 5199/5742/10072 5407/5743/10073 5408/5744/10074
f  5197/5745/10075 5400/5746/10076 5399/5747/10077 5283/5748/10078
f  5111/5706/10039 5125/5705/10038 5126/5749/10079 5130/5750/10080
f  5127/5751/10081 5131/5752/10082 5130/5750/10080 5126/5749/10079
f  5128/5753/10083 5132/5754/10084 5131/5755/10082 5127/5756/10081
f  5171/5757/10085 5175/5758/10086 5132/5754/10084 5128/5753/10083
f  5234/5759/10087 5227/5715/10088 5226/5718/10087 5235/5760/10089
f  5236/5761/10090 5234/5759/10091 5235/5760/10090 5237/5762/10092
f  5239/5763/10093 5238/5764/10094 5236/5765/10093 5237/5766/10095
f  5257/5767/10096 5256/5768/10097 5238/5764/10096 5239/5763/10098
f  5119/5728/10059 5111/5706/10039 5130/5750/10080 5136/5769/10099
f  5131/5752/10082 5137/5770/10100 5136/5769/10099 5130/5750/10080
f  5132/5754/10084 5138/5771/10101 5137/5772/10100 5131/5755/10082
f  5175/5758/10086 5183/5773/10102 5138/5771/10101 5132/5754/10084
f  5334/5774/10103 5333/5775/10104 5280/5776/10105 5259/5740/10070
f  5419/5777/10106 5148/5778/10107 5268/5779/10108 5262/5780/10109
f  5261/5781/10110 5148/5778/10107 5147/5700/10033 5260/5699/10032
f  5275/5782/10111 5276/5701/10034 5147/5700/10033 5148/5778/10107
f  5149/5783/10112 5167/5784/10113 5143/5785/10114 5150/5786/10115
f  5144/5787/10116 5151/5788/10117 5150/5786/10115 5143/5785/10114
f  5145/5789/10118 5152/5790/10119 5151/5791/10117 5144/5792/10116
f  5146/5713/10044 5153/5714/10045 5152/5790/10119 5145/5789/10118
f  5242/5793/10120 5240/5794/10121 5241/5795/10120 5243/5796/10122
f  5244/5797/10123 5242/5793/10124 5243/5796/10123 5245/5798/10125
f  5247/5799/10126 5246/5800/10127 5244/5801/10126 5245/5802/10128
f  5248/5725/10129 5249/5724/10130 5246/5800/10129 5247/5799/10131
f  5159/5803/10132 5149/5783/10112 5150/5786/10115 5160/5804/10133
f  5151/5788/10117 5161/5805/10134 5160/5804/10133 5150/5786/10115
f  5152/5790/10119 5162/5806/10135 5161/5807/10134 5151/5791/10117
f  5153/5714/10045 5163/5732/10062 5162/5806/10135 5152/5790/10119
f  5422/5808/10136 5345/5809/10137 5273/5810/10138 5344/5811/10139
f  5264/5812/10140 5383/5813/10141 5269/5814/10142
f  5199/5742/10072 5200/5815/10143 5367/5816/10144 5407/5743/10073
f  5189/5817/10145 5361/5818/10146 5360/5819/10147 5285/5820/10148
f  5172/5821/10149 5168/5822/10150 5167/5784/10113 5149/5783/10112
f  5169/5823/10151 5168/5822/10150 5172/5821/10149 5173/5824/10152
f  5170/5825/10153 5169/5826/10151 5173/5827/10152 5174/5828/10154
f  5175/5758/10086 5171/5757/10085 5170/5825/10153 5174/5828/10154
f  5240/5794/10155 5251/5829/10156 5250/5830/10155 5241/5795/10157
f  5250/5830/10158 5251/5829/10159 5253/5831/10158 5252/5832/10160
f  5253/5833/10161 5255/5834/10162 5254/5835/10161 5252/5836/10163
f  5255/5837/10164 5256/5768/10165 5257/5767/10164 5254/5838/10166
f  5180/5839/10167 5172/5821/10149 5149/5783/10112 5159/5803/10132
f  5173/5824/10152 5172/5821/10149 5180/5839/10167 5181/5840/10168
f  5174/5828/10154 5173/5827/10152 5181/5841/10168 5182/5842/10169
f  5183/5773/10102 5175/5758/10086 5174/5828/10154 5182/5842/10169
f  5345/5809/10137 5350/5843/10170 5273/5810/10138
f  5274/5844/10171 5384/5845/10172 5419/5777/10106 5262/5780/10109
f  5355/5846/10173 5424/5847/10174 5383/5813/10141 5286/5848/10175
f  5280/5776/10105 5373/5849/10176 5420/5737/10067 5259/5740/10070
f  5393/5850/10177 5421/5851/10178 5394/5697/10030 5277/5702/10035
f  5383/5813/10141 5189/5817/10145 5285/5820/10148 5286/5848/10175
f  5190/5852/10179 5189/5817/10145 5383/5813/10141 5264/5812/10140
f  5264/5812/10140 5263/5853/10180 5191/5854/10181 5190/5852/10179
f  5263/5853/10180 5267/5855/10182 5192/5856/10183 5191/5854/10181
f  5129/5857/10184 5193/5858/10185 5192/5856/10183 5267/5855/10182
f  5129/5857/10184 5281/5859/10186 5282/5860/10187 5193/5858/10185
f  5284/5861/10188 5200/5815/10143 5197/5745/10075 5283/5748/10078
f  5199/5742/10072 5198/5741/10071 5197/5745/10075 5200/5815/10143
f  5400/5746/10076 5197/5745/10075 5198/5741/10071 5408/5744/10074
f  5164/5862/10189 5288/5863/10190 5289/5864/10189 5123/5865/10191
f  5165/5866/10192 5287/5867/10193 5288/5863/10192 5164/5862/10194
f  5385/5868/10195 5386/5869/10196 5287/5867/10195 5165/5866/10197
f  5343/5870/10198 5342/5871/10199 5307/5872/10198 5166/5873/10200
f  5349/5874/10201 5348/5875/10202 5306/5876/10201 5186/5877/10203
f  5381/5878/10204 5380/5879/10205 5305/5880/10204 5185/5881/10206
f  5187/5882/10207 5303/5883/10208 5304/5884/10207 5184/5885/10209
f  5188/5886/10210 5301/5887/10211 5302/5888/10210 5219/5889/10212
f  5188/5886/10213 5359/5890/10213 5358/5891/10213 5301/5887/10213
f  5222/5892/10214 5299/5893/10215 5300/5894/10214 5139/5895/10216
f  5196/5896/10217 5297/5897/10218 5298/5898/10217 5221/5899/10219
f  5398/5900/10213 5397/5901/10213 5297/5897/10213 5196/5896/10213
f  5220/5902/10220 5295/5903/10221 5296/5904/10220 5194/5905/10222
f  5140/5906/10223 5293/5907/10224 5294/5908/10223 5195/5909/10225
f  5371/5910/10226 5370/5911/10227 5293/5907/10226 5140/5906/10228
f  5332/5912/10229 5331/5913/10229 5292/5914/10229 5141/5915/10229
f  5338/5916/10230 5337/5917/10231 5291/5918/10230 5142/5919/10232
f  5392/5920/10233 5391/5921/10234 5290/5922/10233 5124/5923/10235
f  5219/5889/10236 5302/5888/10237 5303/5883/10236 5187/5882/10238
f  5221/5899/10239 5298/5898/10240 5299/5893/10239 5222/5892/10241
f  5195/5909/10242 5294/5908/10243 5295/5903/10242 5220/5902/10244
f  5227/5715/10245 5125/5924/10246 5108/5925/10245 5229/5716/10247
f  5228/5717/10248 5116/5926/10249 5115/5927/10248 5226/5718/10250
f  5229/5716/10251 5108/5925/10252 5109/5928/10251 5231/5719/10253
f  5230/5720/10254 5117/5929/10255 5116/5926/10254 5228/5717/10256
f  5109/5928/10257 5110/5930/10258 5233/5721/10257 5231/5719/10259
f  5118/5931/10260 5117/5929/10261 5230/5720/10260 5232/5722/10262
f  5110/5932/10263 5146/5933/10264 5249/5724/10263 5233/5723/10265
f  5158/5934/10266 5118/5935/10267 5232/5726/10266 5248/5725/10268
f  5234/5759/10269 5126/5936/10270 5125/5924/10269 5227/5715/10271
f  5115/5927/10272 5133/5937/10273 5235/5760/10272 5226/5718/10274
f  5127/5938/10275 5126/5936/10276 5234/5759/10275 5236/5761/10277
f  5133/5937/10278 5134/5939/10279 5237/5762/10278 5235/5760/10280
f  5238/5764/10281 5128/5940/10282 5127/5941/10281 5236/5765/10283
f  5237/5766/10284 5134/5942/10285 5135/5943/10284 5239/5763/10286
f  5256/5768/10287 5171/5944/10288 5128/5940/10287 5238/5764/10289
f  5239/5763/10290 5135/5943/10291 5179/5945/10290 5257/5767/10292
f  5242/5793/10293 5143/5946/10294 5167/5947/10293 5240/5794/10295
f  5154/5948/10296 5155/5949/10297 5243/5796/10296 5241/5795/10298
f  5144/5950/10299 5143/5946/10300 5242/5793/10299 5244/5797/10301
f  5155/5949/10302 5156/5951/10303 5245/5798/10302 5243/5796/10304
f  5246/5800/10305 5145/5952/10306 5144/5953/10305 5244/5801/10307
f  5245/5802/10308 5156/5954/10309 5157/5955/10308 5247/5799/10310
f  5249/5724/10311 5146/5933/10312 5145/5952/10311 5246/5800/10313
f  5247/5799/10314 5157/5955/10315 5158/5934/10314 5248/5725/10316
f  5240/5794/10317 5167/5947/10318 5168/5956/10317 5251/5829/10319
f  5250/5830/10320 5176/5957/10321 5154/5948/10320 5241/5795/10322
f  5251/5829/10323 5168/5956/10324 5169/5958/10323 5253/5831/10325
f  5252/5832/10326 5177/5959/10327 5176/5957/10326 5250/5830/10328
f  5169/5960/10329 5170/5961/10330 5255/5834/10329 5253/5833/10331
f  5178/5962/10332 5177/5963/10333 5252/5836/10332 5254/5835/10334
f  5255/5837/10335 5170/5964/10336 5171/5944/10335 5256/5768/10337
f  5179/5945/10338 5178/5965/10339 5254/5838/10338 5257/5767/10340
f  5117/5966/10029 5118/5967/10341 5258/5696/10029 5270/5698/10031
f  5118/5967/10341 5158/5968/10342 5260/5699/10032 5258/5696/10029
f  5116/5969/10343 5266/5734/10064 5423/5733/10063 5115/5970/10344
f  5134/5971/10345 5133/5972/10346 5259/5740/10070 5271/5739/10069
f  5133/5972/10346 5115/5970/10344 5334/5774/10103 5259/5740/10070
f  5156/5973/10029 5155/5974/10347 5262/5780/10109 5268/5779/10108
f  5260/5699/10032 5158/5968/10342 5157/5975/10348 5261/5781/10110
f  5154/5976/10349 5345/5809/10137 5422/5808/10136
f  5177/5977/10350 5178/5978/10029 5264/5812/10140 5269/5814/10142
f  5345/5809/10137 5154/5976/10349 5176/5979/10351 5265/5980/10352
f  5264/5812/10140 5178/5978/10029 5179/5981/10353 5263/5853/10180
f  5179/5981/10353 5135/5982/10029 5267/5855/10182 5263/5853/10180
f  5148/5778/10107 5261/5781/10110 5268/5779/10108
f  5261/5781/10110 5157/5975/10348 5156/5973/10029 5268/5779/10108
f  5383/5813/10141 5424/5847/10174 5269/5814/10142
f  5265/5980/10352 5176/5979/10351 5177/5977/10350 5269/5814/10142
f  5421/5851/10178 5266/5734/10064 5270/5698/10031 5394/5697/10030
f  5266/5734/10064 5116/5969/10343 5117/5966/10029 5270/5698/10031
f  5129/5857/10184 5267/5855/10182 5271/5739/10069
f  5267/5855/10182 5135/5982/10029 5134/5971/10345 5271/5739/10069
f  5185/5983/10029 5349/5984/10354 5350/5843/10170 5272/5985/10355
f  5273/5810/10138 5186/5986/10356 5343/5987/10357 5344/5811/10139
f  5166/5988/10029 5385/5989/10358 5384/5845/10172 5274/5844/10171
f  5165/5990/10359 5164/5991/10360 5276/5701/10034 5275/5782/10111
f  5164/5991/10360 5123/5992/10361 5277/5702/10035 5276/5701/10034
f  5277/5702/10035 5123/5992/10361 5392/5993/10362 5393/5850/10177
f  5124/5994/10363 5338/5995/10364 5339/5736/10066 5278/5735/10065
f  5279/5996/10365 5142/5997/10366 5332/5998/10367 5333/5775/10104
f  5141/5999/10029 5374/6000/10029 5373/5849/10176 5280/5776/10105
f  5416/6001/10368 5220/6002/10369 5194/6003/10029 5282/5860/10187
f  5282/5860/10187 5194/6003/10029 5404/6004/10029 5405/6005/10370
f  5414/6006/10371 5222/6007/10372 5139/6008/10373 5284/5861/10188
f  5139/6008/10373 5365/6009/10029 5366/6010/10374 5284/5861/10188
f  5412/6011/10029 5187/6012/10029 5184/6013/10029 5286/5848/10175
f  5286/5848/10175 5184/6013/10029 5354/6014/10029 5355/5846/10173
f  5309/6015/10375 5310/6016/10376 5289/5864/10375 5288/5863/10377
f  5308/6017/10378 5309/6015/10379 5288/5863/10378 5287/5867/10193
f  5328/6018/10380 5387/6019/10381 5386/5869/10380 5307/6020/10382
f  5327/6021/10383 5341/6022/10384 5342/5871/10383 5306/5876/10385
f  5326/6023/10386 5347/6024/10387 5348/5875/10386 5305/6025/10388
f  5325/6026/10389 5352/6027/10390 5353/6028/10389 5304/5884/10391
f  5324/6029/10392 5325/6026/10393 5304/5884/10392 5303/5883/10394
f  5322/6030/10395 5323/6031/10396 5302/5888/10395 5301/5887/10397
f  5321/6032/10398 5363/6033/10398 5364/6034/10398 5300/5894/10398
f  5320/6035/10399 5321/6032/10400 5300/5894/10399 5299/5893/10401
f  5318/6036/10402 5319/6037/10403 5298/5898/10402 5297/5897/10404
f  5317/6038/10398 5402/6039/10398 5403/6040/10398 5296/5904/10398
f  5316/6041/10405 5317/6038/10406 5296/5904/10405 5295/5903/10407
f  5314/6042/10408 5315/6043/10409 5294/5908/10408 5293/5907/10410
f  5313/6044/10411 5376/6045/10412 5375/6046/10411 5292/6047/10413
f  5312/6048/10414 5330/6049/10229 5331/5913/10414 5291/5918/10415
f  5311/6050/10229 5336/6051/10229 5337/5917/10229 5290/6052/10229
f  5310/6016/10416 5390/6053/10417 5391/5921/10416 5289/5864/10418
f  5323/6031/10419 5324/6029/10420 5303/5883/10419 5302/5888/10421
f  5319/6037/10422 5320/6035/10423 5299/5893/10422 5298/5898/10424
f  5315/6043/10425 5316/6041/10426 5295/5903/10425 5294/5908/10427
f  5202/6054/10428 5201/6055/10429 5310/6016/10428 5309/6015/10430
f  5203/6056/10431 5202/6054/10432 5309/6015/10431 5308/6017/10433
f  5204/6057/10434 5388/6058/10435 5387/6019/10434 5328/6018/10436
f  5205/6059/10437 5340/6060/10438 5341/6022/10437 5327/6021/10439
f  5206/6061/10440 5346/6062/10441 5347/6024/10440 5326/6023/10442
f  5207/6063/10443 5351/6064/10444 5352/6027/10443 5325/6026/10445
f  5208/6065/10446 5207/6063/10447 5325/6026/10446 5324/6029/10448
f  5209/6066/10449 5223/6067/10450 5323/6031/10449 5322/6030/10451
f  5210/6068/10452 5362/6069/10452 5363/6033/10452 5321/6032/10452
f  5211/6070/10453 5210/6068/10454 5321/6032/10453 5320/6035/10455
f  5212/6071/10456 5224/6072/10457 5319/6037/10456 5318/6036/10458
f  5213/6073/10452 5401/6074/10452 5402/6039/10452 5317/6038/10452
f  5214/6075/10459 5213/6073/10460 5317/6038/10459 5316/6041/10461
f  5215/6076/10462 5225/6077/10463 5315/6043/10462 5314/6042/10464
f  5216/6078/10465 5377/6079/10466 5376/6045/10465 5313/6044/10467
f  5217/6080/10468 5329/6081/10469 5330/6049/10468 5312/6048/10470
f  5218/6082/10471 5335/6083/10471 5336/6051/10471 5311/6050/10471
f  5201/6055/10472 5389/6084/10473 5390/6053/10472 5310/6016/10474
f  5223/6067/10475 5208/6065/10476 5324/6029/10475 5323/6031/10477
f  5224/6072/10478 5211/6070/10479 5320/6035/10478 5319/6037/10480
f  5225/6077/10481 5214/6075/10482 5316/6041/10481 5315/6043/10483
f  5334/5774/10103 5279/5996/10365 5333/5775/10104
f  5142/5919/10484 5291/5918/10485 5331/5913/10484 5332/5912/10229
f  5141/5999/10029 5280/5776/10105 5333/5775/10104 5332/5998/10367
f  5313/6085/10229 5292/5914/10229 5331/5913/10229 5330/6049/10229
f  5216/6086/10471 5313/6085/10471 5330/6049/10471 5329/6081/10471
f  5124/6087/10229 5290/6052/10229 5337/5917/10229 5338/5916/10229
f  5338/5995/10364 5142/5997/10366 5279/5996/10365 5339/5736/10066
f  5312/6048/10486 5291/5918/10487 5337/5917/10486 5336/6051/10229
f  5217/6080/10488 5312/6048/10489 5336/6051/10488 5335/6083/10490
f  5186/5877/10491 5306/5876/10492 5342/5871/10491 5343/5870/10493
f  5166/5988/10029 5274/5844/10171 5344/5811/10139 5343/5987/10357
f  5328/6088/10494 5307/5872/10495 5342/5871/10494 5341/6022/10388
f  5204/6089/10496 5328/6088/10496 5341/6022/10496 5340/6060/10496
f  5345/5809/10137 5265/5980/10352 5272/5985/10355 5350/5843/10170
f  5185/6090/10497 5305/6025/10497 5348/5875/10497 5349/5874/10497
f  5349/5984/10354 5186/5986/10356 5273/5810/10138 5350/5843/10170
f  5327/6021/10498 5306/5876/10499 5348/5875/10498 5347/6024/10500
f  5205/6059/10501 5327/6021/10502 5347/6024/10501 5346/6062/10503
f  5184/5885/10504 5304/5884/10505 5353/6028/10504 5354/6091/10390
f  5381/6092/10029 5382/6093/10506 5355/5846/10173 5354/6014/10029
f  5379/6094/10507 5380/5879/10508 5353/6028/10507 5352/6027/10509
f  5378/6095/10510 5379/6094/10511 5352/6027/10510 5351/6064/10512
f  5367/5816/10144 5366/6010/10374 5360/5819/10147 5361/5818/10146
f  5365/6096/10213 5364/6034/10213 5358/5891/10213 5359/5890/10213
f  5188/6097/10029 5285/5820/10148 5360/5819/10147 5359/6098/10029
f  5322/6030/10398 5301/5887/10398 5358/5891/10398 5357/6099/10398
f  5209/6066/10452 5322/6030/10452 5357/6099/10452 5356/6100/10452
f  5359/6098/10029 5360/5819/10147 5366/6010/10374 5365/6009/10029
f  5357/6099/10398 5358/5891/10398 5364/6034/10398 5363/6033/10398
f  5356/6100/10452 5357/6099/10452 5363/6033/10452 5362/6069/10452
f  5200/5815/10143 5284/5861/10188 5366/6010/10374 5367/5816/10144
f  5139/5895/10213 5300/5894/10213 5364/6034/10213 5365/6096/10213
f  5374/6101/10513 5375/6046/10514 5370/5911/10513 5371/5910/10515
f  5371/6102/10029 5140/6103/10516 5281/5859/10186 5372/6104/10517
f  5314/6042/10518 5293/5907/10519 5370/5911/10518 5369/6105/10520
f  5215/6076/10521 5314/6042/10522 5369/6105/10521 5368/6106/10523
f  5374/6000/10029 5371/6102/10029 5372/6104/10517 5373/5849/10176
f  5369/6105/10524 5370/5911/10525 5375/6046/10524 5376/6045/10526
f  5368/6106/10527 5369/6105/10528 5376/6045/10527 5377/6079/10529
f  5141/6107/10530 5292/6047/10531 5375/6046/10530 5374/6101/10532
f  5354/6091/10533 5353/6028/10534 5380/5879/10533 5381/5878/10535
f  5185/5983/10029 5272/5985/10355 5382/6093/10506 5381/6092/10029
f  5326/6108/10536 5305/5880/10537 5380/5879/10536 5379/6094/10538
f  5206/6109/10539 5326/6108/10540 5379/6094/10539 5378/6095/10541
f  5166/6110/10542 5307/6020/10543 5386/5869/10542 5385/5868/10544
f  5385/5989/10358 5165/5990/10359 5275/5782/10111 5384/5845/10172
f  5308/6017/10545 5287/5867/10546 5386/5869/10545 5387/6019/10547
f  5203/6056/10548 5308/6017/10548 5387/6019/10548 5388/6058/10548
f  5123/5865/10549 5289/5864/10550 5391/5921/10549 5392/5920/10551
f  5124/5994/10363 5278/5735/10065 5393/5850/10177 5392/5993/10362
f  5311/6111/10552 5290/5922/10553 5391/5921/10552 5390/6053/10554
f  5218/6112/10555 5311/6111/10556 5390/6053/10555 5389/6084/10557
f  5406/6113/10558 5405/6005/10370 5399/5747/10077 5400/5746/10076
f  5404/6114/10213 5403/6040/10213 5397/5901/10213 5398/5900/10213
f  5196/6115/10559 5283/5748/10078 5399/5747/10077 5398/6116/10029
f  5318/6036/10398 5297/5897/10398 5397/5901/10398 5396/6117/10398
f  5212/6071/10452 5318/6036/10452 5396/6117/10452 5395/6118/10452
f  5398/6116/10029 5399/5747/10077 5405/6005/10370 5404/6004/10029
f  5396/6117/10398 5397/5901/10398 5403/6040/10398 5402/6039/10398
f  5395/6118/10452 5396/6117/10452 5402/6039/10452 5401/6074/10452
f  5193/5858/10185 5282/5860/10187 5405/6005/10370 5406/6113/10558
f  5194/5905/10213 5296/5904/10213 5403/6040/10213 5404/6114/10213
f  5189/5817/10145 5190/5852/10179 5411/6119/10560 5361/5818/10146
f  5190/5852/10179 5191/5854/10181 5410/6120/10561 5411/6119/10560
f  5191/5854/10181 5192/5856/10183 5409/6121/10562 5410/6120/10561
f  5409/6121/10562 5192/5856/10183 5193/5858/10185 5406/6113/10558
f  5406/6113/10558 5400/5746/10076 5408/5744/10074 5409/6121/10562
f  5408/5744/10074 5407/5743/10073 5410/6120/10561 5409/6121/10562
f  5410/6120/10561 5407/5743/10073 5411/6119/10560
f  5407/5743/10073 5367/5816/10144 5361/5818/10146 5411/6119/10560
f  5188/6097/10029 5219/6122/10029 5413/6123/10029 5285/5820/10148
f  5412/6011/10029 5286/5848/10175 5285/5820/10148 5413/6123/10029
f  5219/6122/10029 5187/6012/10029 5412/6011/10029 5413/6123/10029
f  5196/6115/10559 5221/6124/10563 5415/6125/10564 5283/5748/10078
f  5414/6006/10371 5284/5861/10188 5283/5748/10078 5415/6125/10564
f  5414/6006/10371 5415/6125/10564 5221/6124/10563 5222/6007/10372
f  5140/6103/10516 5195/6126/10565 5417/6127/10566 5281/5859/10186
f  5416/6001/10368 5282/5860/10187 5281/5859/10186 5417/6127/10566
f  5416/6001/10368 5417/6127/10566 5195/6126/10565 5220/6002/10369
f  5382/6093/10506 5272/5985/10355 5265/5980/10352 5418/6128/10567
f  5384/5845/10172 5275/5782/10111 5148/5778/10107 5419/5777/10106
f  5372/6104/10517 5425/5738/10068 5420/5737/10067 5373/5849/10176
f  5278/5735/10065 5266/5734/10064 5421/5851/10178 5393/5850/10177
f  5274/5844/10171 5262/5780/10109 5422/5808/10136 5344/5811/10139
f  5422/5808/10136 5262/5780/10109 5155/5974/10347 5154/5976/10349
f  5279/5996/10365 5334/5774/10103 5423/5733/10063 5339/5736/10066
f  5423/5733/10063 5334/5774/10103 5115/5970/10344
f  5355/5846/10173 5382/6093/10506 5418/6128/10567 5424/5847/10174
f  5418/6128/10567 5265/5980/10352 5269/5814/10142 5424/5847/10174
f  5372/6104/10517 5281/5859/10186 5129/5857/10184 5425/5738/10068
f  5425/5738/10068 5129/5857/10184 5271/5739/10069
# object detail_2_pivot
g detail_2_pivot
v -2.83943 0.78362 2.77195
v -2.41553 0.78362 2.85627
v -2.05617 0.78362 3.09639
v -1.81604 0.78362 3.45576
v -3.26333 0.78362 2.85627
v -3.62270 0.78362 3.09639
v -3.86282 0.78362 3.45576
v -2.83943 0.78362 4.98737
v -2.41553 0.78362 4.90305
v -2.05617 0.78362 4.66293
v -1.81604 0.78362 4.30356
v -1.73172 0.78362 3.87966
v -3.26333 0.78362 4.90305
v -3.62270 0.78362 4.66293
v -3.86282 0.78362 4.30356
v -3.94714 0.78362 3.87966
v -2.83943 0.78362 3.20235
v -2.58024 0.78362 3.25391
v -2.36050 0.78362 3.40073
v -2.21368 0.78362 3.62047
v -2.16213 0.78362 3.87966
v -2.21368 0.78362 4.13886
v -2.36050 0.78362 4.35859
v -2.58024 0.78362 4.50541
v -2.83943 0.78362 4.55697
v -3.09863 0.78362 4.50541
v -3.31836 0.78362 4.35859
v -3.46518 0.78362 4.13886
v -3.51674 0.78362 3.87966
v -3.46518 0.78362 3.62047
v -3.31836 0.78362 3.40073
v -3.09863 0.78362 3.25391
# 32 verticies
vt 0.68124 0.35006
vt 0.69410 0.28400
vt 0.73543 0.28383
vt 0.74883 0.34980
vt 0.77355 0.26787
vt 0.81117 0.32368
vt 0.80266 0.23853
vt 0.85877 0.27570
vt 0.81832 0.20028
vt 0.88439 0.21315
vt 0.81816 0.15896
vt 0.88412 0.14556
vt 0.80219 0.12084
vt 0.85800 0.08322
vt 0.77285 0.09173
vt 0.81002 0.03562
vt 0.73461 0.07607
vt 0.74747 0.01000
vt 0.69328 0.07623
vt 0.67988 0.01027
vt 0.65516 0.09220
vt 0.61754 0.03638
vt 0.62605 0.12154
vt 0.56994 0.08437
vt 0.61039 0.15978
vt 0.54432 0.14691
vt 0.61055 0.20111
vt 0.54459 0.21450
vt 0.62652 0.23923
vt 0.57071 0.27684
vt 0.65586 0.26834
vt 0.61869 0.32445
# 32 texture verticies
vn 0.00000 1.00000 0.00000
vn -0.00000 1.00000 0.00000
vn 0.00000 1.00000 0.00000
vn 0.00000 1.00000 -0.00000
vn -0.00000 1.00000 -0.00000
vn -0.00000 1.00000 -0.00000
vn -0.00000 1.00000 0.00000
vn -0.00000 1.00000 -0.00000
vn -0.00000 1.00000 0.00000
vn -0.00000 1.00000 0.00000
vn -0.00000 1.00000 0.00000
vn 0.00000 1.00000 0.00000
vn -0.00000 1.00000 0.00000
vn 0.00000 1.00000 0.00000
vn -0.00000 1.00000 -0.00000
vn -0.00000 1.00000 -0.00000
vn 0.00000 1.00000 -0.00000
vn -0.00000 1.00000 -0.00000
vn -0.00000 1.00000 -0.00000
vn -0.00000 1.00000 0.00000
vn -0.00000 1.00000 -0.00000
vn -0.00000 1.00000 0.00000
vn -0.00000 1.00000 0.00000
vn -0.00000 1.00000 0.00000
vn -0.00000 1.00000 -0.00000
vn -0.00000 1.00000 -0.00000
vn 0.00000 1.00000 -0.00000
# 27 normals
f  5426/6129/10568 5442/6130/10569 5443/6131/10568 5427/6132/10570
f  5427/6132/10571 5443/6131/10571 5444/6133/10571 5428/6134/10571
f  5428/6134/10571 5444/6133/10571 5445/6135/10571 5429/6136/10571
f  5429/6136/10572 5445/6135/10571 5446/6137/10572 5437/6138/10573
f  5437/6138/10574 5446/6137/10575 5447/6139/10574 5436/6140/10576
f  5436/6140/10571 5447/6139/10571 5448/6141/10571 5435/6142/10571
f  5435/6142/10571 5448/6141/10571 5449/6143/10571 5434/6144/10571
f  5434/6144/10577 5449/6143/10571 5450/6145/10577 5433/6146/10578
f  5433/6146/10579 5450/6145/10580 5451/6147/10579 5438/6148/10581
f  5438/6148/10571 5451/6147/10571 5452/6149/10571 5439/6150/10571
f  5439/6150/10582 5452/6149/10583 5453/6151/10582 5440/6152/10584
f  5440/6152/10585 5453/6151/10571 5454/6153/10585 5441/6154/10586
f  5441/6154/10587 5454/6153/10588 5455/6155/10587 5432/6156/10589
f  5432/6156/10571 5455/6155/10571 5456/6157/10571 5431/6158/10571
f  5431/6158/10571 5456/6157/10571 5457/6159/10571 5430/6160/10571
f  5430/6160/10590 5457/6159/10571 5442/6130/10590 5426/6129/10591
f  5442/6130/10571 5457/6159/10571 5444/6133/10571 5443/6131/10571
f  5457/6159/10571 5456/6157/10571 5445/6135/10571 5444/6133/10571
f  5456/6157/10571 5455/6155/10592 5446/6137/10593 5445/6135/10571
f  5455/6155/10592 5454/6153/10594 5447/6139/10592 5446/6137/10593
f  5454/6153/10594 5453/6151/10571 5448/6141/10571 5447/6139/10592
f  5453/6151/10571 5452/6149/10571 5449/6143/10571 5448/6141/10571
f  5452/6149/10571 5451/6147/10571 5450/6145/10571 5449/6143/10571
# object body_2_pivot
g body_2_pivot
v 0.00000 1.49576 16.70346
v 0.00000 1.10642 16.59914
v 0.00000 0.82140 16.31412
v 0.00000 0.82140 15.53544
v 0.00000 1.88510 15.25042
v 0.00000 2.17012 15.53544
v 0.00000 2.27444 15.92478
v 0.00000 2.17012 16.31412
v 0.00000 1.88510 16.59914
v -3.87473 1.49576 12.93789
v -3.77041 1.10642 12.93789
v -3.48539 0.82140 12.93789
v -3.09605 0.71708 12.93789
v -2.70671 0.82140 12.93789
v -2.42169 1.10642 12.93789
v -2.31737 1.49576 12.93789
v -2.42169 1.88510 12.93789
v -2.70671 2.17012 12.93789
v -3.09605 2.27444 12.93789
v -3.48539 2.17012 12.93789
v -3.77041 1.88510 12.93789
v -3.74642 1.49576 13.91249
v -3.64565 1.10642 13.88549
v -3.37035 0.82140 13.81172
v -2.99428 0.71708 13.71095
v -2.61820 0.82140 13.61019
v -2.34290 1.10642 13.53642
v -2.24213 1.49576 13.50942
v -2.34290 1.88510 13.53642
v -2.61820 2.17012 13.61019
v -2.99427 2.27444 13.71095
v -3.37035 2.17012 13.81172
v -3.64565 1.88510 13.88549
v -3.37024 1.49576 14.82068
v -3.27990 1.10642 14.76851
v -3.03306 0.82140 14.62601
v -2.69588 0.71708 14.43134
v -2.35871 0.82140 14.23667
v -2.11187 1.10642 14.09416
v -2.02153 1.49576 14.04199
v -2.11187 1.88510 14.09416
v -2.35870 2.17012 14.23666
v -2.69588 2.27444 14.43133
v -3.03306 2.17012 14.62601
v -3.27989 1.88510 14.76851
v -2.77182 1.49576 15.60055
v -2.69806 1.10642 15.52678
v -2.49652 0.82140 15.32525
v -2.22121 0.71708 15.04994
v -1.94591 0.82140 14.77464
v -1.74437 1.10642 14.57310
v -1.67060 1.49576 14.49933
v -1.74437 1.88510 14.57310
v -1.94591 2.17012 14.77464
v -2.22121 2.27444 15.04994
v -2.49652 2.17012 15.32525
v -2.69806 1.88510 15.52678
v -1.99195 1.49576 16.19897
v -1.93979 1.10642 16.10862
v -1.79728 0.82140 15.86179
v -1.60261 0.71708 15.52461
v -1.40794 0.82140 15.18743
v -1.26543 1.10642 14.94060
v -1.21327 1.49576 14.85026
v -1.26543 1.88510 14.94060
v -1.40794 2.17012 15.18743
v -1.60261 2.27444 15.52461
v -1.79728 2.17012 15.86179
v -1.93979 1.88510 16.10862
v -1.08376 1.49576 16.57515
v -1.05676 1.10642 16.47438
v -0.98299 0.82140 16.19908
v -0.88223 0.71708 15.82301
v -0.78146 0.82140 15.44693
v -0.70769 1.10642 15.17163
v -0.68069 1.49576 15.07086
v -0.70769 1.88510 15.17163
v -0.78146 2.17012 15.44693
v -0.88223 2.27444 15.82301
v -0.98299 2.17012 16.19908
v -1.05676 1.88510 16.47438
v -3.87473 1.49576 8.05843
v -3.77041 1.10642 8.05843
v -3.48539 0.82140 8.05843
v -3.09605 0.71708 8.05843
v -2.70671 0.82140 8.05843
v -2.42169 1.10642 8.05843
v -2.31737 1.49576 8.05843
v -2.42169 1.88510 8.05843
v -2.70671 2.17012 8.05843
v -3.09605 2.27444 8.05843
v -3.48539 2.17012 8.05843
v -3.77041 1.88510 8.05843
v -3.48539 0.82140 12.11747
v -3.09605 0.71708 12.11747
v -2.70671 0.82140 12.11747
v -2.42169 1.10642 12.11747
v -2.31737 1.49576 12.11747
v -2.42169 1.88510 12.11747
v -2.70671 2.17012 12.11747
v -3.09605 2.27444 12.11747
v -3.48539 2.17012 12.11747
v -3.77041 1.88510 12.11747
v -3.87473 1.49576 12.11747
v -3.77041 1.10642 12.11747
v 3.87473 1.49576 12.93789
v 3.77041 1.10642 12.93789
v 3.64565 1.10642 13.88549
v 3.74642 1.49576 13.91249
v 3.48539 0.82140 12.93789
v 3.37035 0.82140 13.81172
v 3.09605 0.71708 12.93789
v 2.99428 0.71708 13.71095
v 2.70671 0.82140 12.93789
v 2.61820 0.82140 13.61019
v 2.42169 1.10642 12.93789
v 2.34290 1.10642 13.53642
v 2.31737 1.49576 12.93789
v 2.24213 1.49576 13.50942
v 2.42169 1.88510 12.93789
v 2.34290 1.88510 13.53642
v 2.70671 2.17012 12.93789
v 2.61820 2.17012 13.61019
v 3.09605 2.27444 12.93789
v 2.99427 2.27444 13.71095
v 3.48539 2.17012 12.93789
v 3.37035 2.17012 13.81172
v 3.77041 1.88510 12.93789
v 3.64565 1.88510 13.88549
v 3.27990 1.10642 14.76851
v 3.37024 1.49576 14.82068
v 3.03306 0.82140 14.62601
v 2.69588 0.71708 14.43134
v 2.35871 0.82140 14.23667
v 2.11187 1.10642 14.09416
v 2.02153 1.49576 14.04199
v 2.11187 1.88510 14.09416
v 2.35870 2.17012 14.23666
v 2.69588 2.27444 14.43133
v 3.03306 2.17012 14.62601
v 3.27989 1.88510 14.76851
v 2.69806 1.10642 15.52678
v 2.77182 1.49576 15.60055
v 2.49652 0.82140 15.32525
v 2.22121 0.71708 15.04994
v 1.94591 0.82140 14.77464
v 1.74437 1.10642 14.57310
v 1.67060 1.49576 14.49933
v 1.74437 1.88510 14.57310
v 1.94591 2.17012 14.77464
v 2.22121 2.27444 15.04994
v 2.49652 2.17012 15.32525
v 2.69806 1.88510 15.52678
v 1.93979 1.10642 16.10862
v 1.99195 1.49576 16.19897
v 1.79728 0.82140 15.86179
v 1.60261 0.71708 15.52461
v 1.40794 0.82140 15.18743
v 1.26543 1.10642 14.94060
v 1.21327 1.49576 14.85026
v 1.26543 1.88510 14.94060
v 1.40794 2.17012 15.18743
v 1.60261 2.27444 15.52461
v 1.79728 2.17012 15.86179
v 1.93979 1.88510 16.10862
v 1.05676 1.10642 16.47438
v 1.08376 1.49576 16.57515
v 0.98299 0.82140 16.19908
v 0.88223 0.71708 15.82301
v 0.78146 0.82140 15.44693
v 0.70769 1.10642 15.17163
v 0.68069 1.49576 15.07086
v 0.70769 1.88510 15.17163
v 0.78146 2.17012 15.44693
v 0.88223 2.27444 15.82301
v 0.98299 2.17012 16.19908
v 1.05676 1.88510 16.47438
v 0.00000 0.71708 15.92478
v 0.00000 1.10642 15.25042
v 0.00000 1.49576 15.14610
v 3.87473 1.49576 12.11747
v 3.77041 1.10642 12.11747
v 3.48539 0.82140 12.11747
v 3.09605 0.71708 12.11747
v 2.70671 0.82140 12.11747
v 2.42169 1.10642 12.11747
v 2.31737 1.49576 12.11747
v 2.42169 1.88510 12.11747
v 2.70671 2.17012 12.11747
v 3.09605 2.27444 12.11747
v 3.48539 2.17012 12.11747
v 3.77041 1.88510 12.11747
v 3.87473 1.49576 8.05843
v 3.77041 1.10642 8.05843
v 3.48539 0.82140 8.05843
v 3.09605 0.71708 8.05843
v 2.70671 0.82140 8.05843
v 2.42169 1.10642 8.05843
v 2.31737 1.49576 8.05843
v 2.42169 1.88510 8.05843
v 2.70671 2.17012 8.05843
v 3.09605 2.27444 8.05843
v 3.48539 2.17012 8.05843
v 3.77041 1.88510 8.05843
v -3.48539 0.82140 11.49307
v -3.09605 0.71708 11.49307
v -2.70671 0.82140 11.49307
v -2.42169 1.10642 11.49307
v -2.31737 1.49576 11.49307
v -2.42169 1.88510 11.49307
v -2.70671 2.17012 11.49307
v -3.09605 2.27444 11.49307
v -3.48539 2.17012 11.49307
v -3.77041 1.88510 11.49307
v -3.87473 1.49576 11.49307
v -3.77041 1.10642 11.49307
v -3.48539 0.82140 10.75967
v -3.09605 0.71708 10.75967
v -2.70671 0.82140 10.75967
v -2.42169 1.10642 10.75967
v -2.31737 1.49576 10.75967
v -2.42169 1.88510 10.75967
v -2.70671 2.17012 10.75967
v -3.09605 2.27444 10.75967
v -3.48539 2.17012 10.75967
v -3.77041 1.88510 10.75967
v -3.87473 1.49576 10.75967
v -3.77041 1.10642 10.75967
v -3.48539 0.82140 9.86880
v -3.09605 0.71708 9.86880
v -2.70671 0.82140 9.86880
v -2.42169 1.10642 9.86880
v -2.31737 1.49576 9.86880
v -2.42169 1.88510 9.86880
v -2.70671 2.17012 9.86880
v -3.09605 2.27444 9.86880
v -3.48539 2.17012 9.86880
v -3.77041 1.88510 9.86880
v -3.87473 1.49576 9.86880
v -3.77041 1.10642 9.86880
v -3.09605 0.71708 8.97561
v -2.70671 0.82140 8.97561
v -2.42169 1.10642 8.97561
v -2.31737 1.49576 8.97561
v -2.42169 1.88510 8.97561
v -2.70671 2.17012 8.97561
v -3.09605 2.27444 8.97561
v -3.48539 2.17012 8.97561
v -3.77041 1.88510 8.97561
v -3.87473 1.49576 8.97561
v -3.77041 1.10642 8.97561
v -3.48539 0.82140 8.97561
v 3.09605 0.71708 11.36538
v 2.70671 0.82140 11.36538
v 2.42169 1.10642 11.36538
v 2.31737 1.49576 11.36538
v 2.42169 1.88510 11.36538
v 2.70671 2.17012 11.36538
v 3.09605 2.27444 11.36538
v 3.48539 2.17012 11.36538
v 3.77041 1.88510 11.36538
v 3.87473 1.49576 11.36538
v 3.77041 1.10642 11.36538
v 3.48539 0.82140 11.36538
v 3.09605 0.71708 10.57363
v 2.70671 0.82140 10.57363
v 2.42169 1.10642 10.57363
v 2.31737 1.49576 10.57363
v 2.42169 1.88510 10.57363
v 2.70671 2.17012 10.57363
v 3.09605 2.27444 10.57363
v 3.48539 2.17012 10.57363
v 3.77041 1.88510 10.57363
v 3.87473 1.49576 10.57363
v 3.77041 1.10642 10.57363
v 3.48539 0.82140 10.57363
v 3.09605 0.71708 9.59890
v 2.70671 0.82140 9.59890
v 2.42169 1.10642 9.59890
v 2.31737 1.49576 9.59890
v 2.42169 1.88510 9.59890
v 2.70671 2.17012 9.59890
v 3.09605 2.27444 9.59890
v 3.48539 2.17012 9.59890
v 3.77041 1.88510 9.59890
v 3.87473 1.49576 9.59890
v 3.77041 1.10642 9.59890
v 3.48539 0.82140 9.59890
v 3.09605 0.71708 8.91311
v 2.70671 0.82140 8.91311
v 2.42169 1.10642 8.91311
v 2.31737 1.49576 8.91311
v 2.42169 1.88510 8.91311
v 2.70671 2.17012 8.91311
v 3.09605 2.27444 8.91311
v 3.48539 2.17012 8.91311
v 3.77041 1.88510 8.91311
v 3.87473 1.49576 8.91311
v 3.77041 1.10642 8.91311
v 3.48539 0.82140 8.91311
# 300 verticies
vt 0.64985 0.68400
vt 0.63496 0.68268
vt 0.63621 0.65197
vt 0.64985 0.65277
vt 0.62020 0.67904
vt 0.62242 0.64973
vt 0.60567 0.67402
vt 0.60835 0.64655
vt 0.59129 0.66888
vt 0.59401 0.64317
vt 0.57695 0.66478
vt 0.57952 0.64037
vt 0.56258 0.66233
vt 0.56504 0.63868
vt 0.73712 0.66233
vt 0.72275 0.66478
vt 0.72019 0.64037
vt 0.73466 0.63868
vt 0.70841 0.66888
vt 0.70569 0.64317
vt 0.69404 0.67402
vt 0.69135 0.64655
vt 0.67950 0.67904
vt 0.67728 0.64973
vt 0.66474 0.68268
vt 0.66349 0.65197
vt 0.63644 0.62225
vt 0.64985 0.62274
vt 0.62288 0.62086
vt 0.60906 0.61889
vt 0.59494 0.61676
vt 0.58058 0.61498
vt 0.56612 0.61404
vt 0.71913 0.61498
vt 0.73358 0.61404
vt 0.70476 0.61676
vt 0.69064 0.61889
vt 0.67682 0.62086
vt 0.66327 0.62225
vt 0.63638 0.59329
vt 0.64985 0.59359
vt 0.62282 0.59246
vt 0.60907 0.59126
vt 0.59506 0.58998
vt 0.58080 0.58893
vt 0.56637 0.58848
vt 0.71891 0.58893
vt 0.73333 0.58848
vt 0.70464 0.58998
vt 0.69063 0.59126
vt 0.67688 0.59246
vt 0.66332 0.59329
vt 0.63628 0.56486
vt 0.64985 0.56503
vt 0.62266 0.56439
vt 0.60890 0.56371
vt 0.59492 0.56299
vt 0.58069 0.56243
vt 0.56628 0.56225
vt 0.71901 0.56243
vt 0.73342 0.56225
vt 0.70478 0.56299
vt 0.69080 0.56371
vt 0.67705 0.56439
vt 0.66342 0.56486
vt 0.63625 0.53675
vt 0.64985 0.53683
vt 0.62259 0.53654
vt 0.60879 0.53623
vt 0.59478 0.53590
vt 0.58054 0.53566
vt 0.56612 0.53562
vt 0.71916 0.53566
vt 0.73358 0.53562
vt 0.70492 0.53590
vt 0.69091 0.53623
vt 0.67711 0.53654
vt 0.66345 0.53675
vt 0.63598 0.50489
vt 0.64985 0.50489
vt 0.62215 0.50489
vt 0.60831 0.50489
vt 0.59437 0.50489
vt 0.58023 0.50489
vt 0.56587 0.50489
vt 0.71948 0.50489
vt 0.73384 0.50489
vt 0.70533 0.50489
vt 0.69139 0.50489
vt 0.67755 0.50489
vt 0.66372 0.50489
vt 0.64985 0.71067
vt 0.63314 0.70960
vt 0.61699 0.70672
vt 0.60165 0.70282
vt 0.58698 0.69888
vt 0.57270 0.69581
vt 0.55843 0.69415
vt 0.74127 0.69415
vt 0.72700 0.69581
vt 0.71273 0.69888
vt 0.69806 0.70282
vt 0.68271 0.70672
vt 0.66656 0.70960
vt 0.64985 0.73290
vt 0.63317 0.73185
vt 0.61703 0.72903
vt 0.60166 0.72520
vt 0.58699 0.72133
vt 0.57271 0.71831
vt 0.55842 0.71674
vt 0.74128 0.71674
vt 0.72700 0.71831
vt 0.71271 0.72133
vt 0.69804 0.72520
vt 0.68267 0.72903
vt 0.66653 0.73185
vt 0.64985 0.32579
vt 0.64985 0.35702
vt 0.63621 0.35781
vt 0.63496 0.32711
vt 0.62242 0.36006
vt 0.62020 0.33075
vt 0.60835 0.36324
vt 0.60567 0.33576
vt 0.59401 0.36661
vt 0.59129 0.34091
vt 0.57952 0.36942
vt 0.57695 0.34501
vt 0.56504 0.37111
vt 0.56258 0.34746
vt 0.73712 0.34746
vt 0.73466 0.37111
vt 0.72018 0.36942
vt 0.72275 0.34501
vt 0.70569 0.36661
vt 0.70841 0.34091
vt 0.69135 0.36324
vt 0.69404 0.33576
vt 0.67728 0.36006
vt 0.67950 0.33075
vt 0.66349 0.35781
vt 0.66474 0.32711
vt 0.64985 0.38705
vt 0.63644 0.38754
vt 0.62288 0.38892
vt 0.60906 0.39090
vt 0.59494 0.39303
vt 0.58058 0.39480
vt 0.56612 0.39575
vt 0.73358 0.39575
vt 0.71913 0.39480
vt 0.70476 0.39303
vt 0.69064 0.39090
vt 0.67682 0.38892
vt 0.66327 0.38754
vt 0.64985 0.41620
vt 0.63638 0.41650
vt 0.62282 0.41733
vt 0.60907 0.41853
vt 0.59506 0.41981
vt 0.58080 0.42086
vt 0.56637 0.42131
vt 0.73333 0.42131
vt 0.71891 0.42086
vt 0.70464 0.41981
vt 0.69063 0.41853
vt 0.67688 0.41733
vt 0.66332 0.41650
vt 0.64985 0.44475
vt 0.63628 0.44492
vt 0.62266 0.44540
vt 0.60890 0.44608
vt 0.59492 0.44680
vt 0.58069 0.44735
vt 0.56628 0.44754
vt 0.73342 0.44754
vt 0.71901 0.44735
vt 0.70478 0.44680
vt 0.69080 0.44608
vt 0.67705 0.44540
vt 0.66342 0.44492
vt 0.64985 0.47296
vt 0.63625 0.47304
vt 0.62259 0.47325
vt 0.60879 0.47356
vt 0.59478 0.47388
vt 0.58054 0.47413
vt 0.56612 0.47417
vt 0.73358 0.47417
vt 0.71916 0.47413
vt 0.70492 0.47388
vt 0.69091 0.47356
vt 0.67711 0.47325
vt 0.66345 0.47304
vt 0.63314 0.30019
vt 0.64985 0.29912
vt 0.61699 0.30307
vt 0.60165 0.30697
vt 0.58698 0.31091
vt 0.57270 0.31398
vt 0.55843 0.31564
vt 0.72700 0.31398
vt 0.74127 0.31564
vt 0.71273 0.31091
vt 0.69806 0.30697
vt 0.68271 0.30307
vt 0.66656 0.30019
vt 0.63318 0.27338
vt 0.64985 0.27234
vt 0.61704 0.27620
vt 0.60167 0.28001
vt 0.58699 0.28387
vt 0.57271 0.28687
vt 0.55841 0.28843
vt 0.72700 0.28687
vt 0.74129 0.28843
vt 0.71271 0.28387
vt 0.69803 0.28001
vt 0.68267 0.27620
vt 0.66653 0.27338
vt 0.64985 0.75902
vt 0.63321 0.75799
vt 0.61707 0.75524
vt 0.60169 0.75149
vt 0.58700 0.74770
vt 0.57271 0.74475
vt 0.55840 0.74328
vt 0.74130 0.74328
vt 0.72699 0.74475
vt 0.71270 0.74770
vt 0.69802 0.75149
vt 0.68263 0.75524
vt 0.66650 0.75799
vt 0.64985 0.79074
vt 0.63325 0.78975
vt 0.61712 0.78707
vt 0.60171 0.78343
vt 0.58702 0.77973
vt 0.57271 0.77686
vt 0.55837 0.77553
vt 0.74133 0.77553
vt 0.72699 0.77686
vt 0.71268 0.77973
vt 0.69799 0.78343
vt 0.68258 0.78707
vt 0.66645 0.78975
vt 0.64985 0.82254
vt 0.63329 0.82159
vt 0.61717 0.81899
vt 0.60174 0.81545
vt 0.58703 0.81184
vt 0.57271 0.80905
vt 0.55835 0.80785
vt 0.74135 0.80785
vt 0.72699 0.80905
vt 0.71267 0.81184
vt 0.69796 0.81544
vt 0.68253 0.81899
vt 0.66641 0.82159
vt 0.64985 0.85520
vt 0.63334 0.85428
vt 0.61722 0.85177
vt 0.60177 0.84832
vt 0.58705 0.84481
vt 0.57271 0.84211
vt 0.55833 0.84104
vt 0.74138 0.84104
vt 0.72699 0.84211
vt 0.71265 0.84481
vt 0.69793 0.84832
vt 0.68248 0.85177
vt 0.66636 0.85428
vt 0.63322 0.24516
vt 0.64985 0.24415
vt 0.61708 0.24790
vt 0.60169 0.25163
vt 0.58700 0.25540
vt 0.57271 0.25834
vt 0.55839 0.25977
vt 0.72699 0.25834
vt 0.74131 0.25977
vt 0.71270 0.25540
vt 0.69801 0.25163
vt 0.68262 0.24790
vt 0.66649 0.24516
vt 0.63326 0.21042
vt 0.64985 0.20944
vt 0.61713 0.21307
vt 0.60172 0.21669
vt 0.58702 0.22036
vt 0.57271 0.22320
vt 0.55837 0.22450
vt 0.72699 0.22320
vt 0.74133 0.22450
vt 0.71268 0.22036
vt 0.69798 0.21669
vt 0.68257 0.21307
vt 0.66644 0.21042
vt 0.63330 0.18597
vt 0.64985 0.18502
vt 0.61717 0.18857
vt 0.60174 0.19210
vt 0.58704 0.19570
vt 0.57271 0.19849
vt 0.55835 0.19968
vt 0.72699 0.19849
vt 0.74135 0.19968
vt 0.71267 0.19570
vt 0.69796 0.19210
vt 0.68253 0.18857
vt 0.66640 0.18597
vt 0.63334 0.15551
vt 0.64985 0.15459
vt 0.61722 0.15802
vt 0.60177 0.16146
vt 0.58705 0.16497
vt 0.57271 0.16768
vt 0.55833 0.16875
vt 0.72699 0.16768
vt 0.74137 0.16875
vt 0.71265 0.16497
vt 0.69793 0.16146
vt 0.68248 0.15802
vt 0.66636 0.15551
# 325 texture verticies
vn -0.98758 -0.08821 0.13002
vn -0.81316 -0.57211 0.10705
vn -0.83777 -0.50042 0.21846
vn -0.96593 0.00000 0.25882
vn -0.41993 -0.90587 0.05528
vn -0.48514 -0.86623 0.11949
vn 0.08896 -0.99597 -0.01171
vn -0.00304 -0.99993 -0.01136
vn 0.57306 -0.81603 -0.07544
vn 0.47989 -0.86623 -0.13909
vn 0.90049 -0.41840 -0.11855
vn 0.83476 -0.50042 -0.22969
vn 0.98758 0.08821 -0.13002
vn 0.96593 -0.00000 -0.25882
vn 0.81316 0.57211 -0.10705
vn 0.83777 0.50042 -0.21846
vn 0.41993 0.90587 -0.05528
vn 0.48514 0.86623 -0.11949
vn -0.08896 0.99597 0.01171
vn 0.00304 0.99993 0.01136
vn -0.57306 0.81603 0.07545
vn -0.47989 0.86623 0.13909
vn -0.90049 0.41840 0.11855
vn -0.83476 0.50042 0.22969
vn -0.75268 -0.50042 0.42785
vn -0.86603 0.00000 0.50000
vn -0.43769 -0.86623 0.24099
vn -0.00588 -0.99993 -0.01018
vn 0.42754 -0.86623 -0.25855
vn 0.74687 -0.50042 -0.43791
vn 0.86603 -0.00000 -0.50000
vn 0.75268 0.50042 -0.42785
vn 0.43769 0.86623 -0.24099
vn 0.00588 0.99993 0.01018
vn -0.42754 0.86623 0.25855
vn -0.74687 0.50042 0.43791
vn -0.61629 -0.50042 0.60808
vn -0.70711 0.00000 0.70711
vn -0.36040 -0.86623 0.34606
vn -0.00831 -0.99993 -0.00831
vn 0.34606 -0.86623 -0.36040
vn 0.60808 -0.50042 -0.61629
vn 0.70711 -0.00000 -0.70711
vn 0.61629 0.50042 -0.60808
vn 0.36040 0.86623 -0.34606
vn 0.00831 0.99993 0.00831
vn -0.34606 0.86623 0.36040
vn -0.60808 0.50042 0.61629
vn -0.43791 -0.50042 0.74687
vn -0.50000 0.00000 0.86603
vn -0.25855 -0.86623 0.42754
vn -0.01018 -0.99993 -0.00588
vn 0.24099 -0.86623 -0.43769
vn 0.42785 -0.50042 -0.75268
vn 0.50000 -0.00000 -0.86603
vn 0.43791 0.50042 -0.74687
vn 0.25855 0.86623 -0.42754
vn 0.01018 0.99993 0.00588
vn -0.24099 0.86623 0.43769
vn -0.42785 0.50042 0.75268
vn -0.22422 -0.50068 0.83609
vn -0.25245 -0.00007 0.96761
vn -0.13602 -0.86635 0.48056
vn -0.01218 -0.99992 -0.00307
vn 0.11408 -0.86642 -0.48610
vn 0.20944 -0.50072 -0.83989
vn 0.24888 0.00011 -0.96853
vn 0.22192 0.50081 -0.83663
vn 0.13541 0.86638 -0.48068
vn 0.01201 0.99992 0.00303
vn -0.11550 0.86639 0.48584
vn -0.21257 0.50062 0.83916
vn 0.00000 -0.42103 0.90705
vn -0.00000 0.08868 0.99606
vn -0.00000 -0.81794 0.57530
vn 0.00000 -0.99600 0.08932
vn 0.00000 -0.90704 -0.42105
vn 0.00000 -0.57458 -0.81845
vn -0.00000 -0.08850 -0.99608
vn -0.00000 0.42085 -0.90713
vn -0.00000 0.81783 -0.57546
vn 0.00000 0.99600 -0.08932
vn 0.00000 0.90708 0.42095
vn -0.00000 0.57486 0.81825
vn -0.96593 -0.25882 -0.00000
vn -0.96593 -0.25882 -0.00000
vn -0.96593 -0.25882 0.00000
vn -0.70711 -0.70711 0.00000
vn -0.70711 -0.70711 0.00000
vn -0.70711 -0.70711 0.00000
vn -0.25882 -0.96593 0.00000
vn -0.25882 -0.96593 0.00000
vn -0.25882 -0.96593 0.00000
vn 0.25882 -0.96593 0.00000
vn 0.70711 -0.70711 0.00000
vn 0.96593 -0.25882 0.00000
vn 0.96593 -0.25882 0.00000
vn 0.96593 -0.25882 0.00000
vn 0.96593 0.25882 0.00000
vn 0.96593 0.25882 0.00000
vn 0.96593 0.25882 0.00000
vn 0.70711 0.70711 0.00000
vn 0.70711 0.70711 0.00000
vn 0.70711 0.70711 0.00000
vn 0.25882 0.96593 0.00000
vn -0.25882 0.96593 0.00000
vn -0.25882 0.96593 0.00000
vn -0.25882 0.96593 0.00000
vn -0.70711 0.70711 0.00000
vn -0.70711 0.70711 0.00000
vn -0.96593 0.25882 0.00000
vn -0.96593 0.25882 0.00000
vn -0.96593 0.25882 0.00000
vn -0.96593 -0.25882 0.00000
vn -0.96593 -0.25882 0.00000
vn -0.96593 -0.25882 0.00000
vn -0.70711 -0.70711 0.00000
vn -0.70711 -0.70711 0.00000
vn -0.70711 -0.70711 0.00000
vn -0.25882 -0.96593 0.00000
vn -0.25882 -0.96593 0.00000
vn -0.25882 -0.96593 0.00000
vn 0.25882 -0.96593 -0.00000
vn 0.25882 -0.96593 -0.00000
vn 0.25882 -0.96593 -0.00000
vn 0.70711 -0.70711 -0.00000
vn 0.70711 -0.70711 -0.00000
vn 0.70711 -0.70711 -0.00000
vn 0.96593 -0.25882 -0.00000
vn 0.96593 -0.25882 0.00000
vn 0.96593 -0.25882 -0.00000
vn 0.96593 0.25882 -0.00000
vn 0.96593 0.25882 -0.00000
vn 0.96593 0.25882 -0.00000
vn 0.70711 0.70711 -0.00000
vn 0.70711 0.70711 0.00000
vn 0.70711 0.70711 -0.00000
vn 0.25882 0.96593 -0.00000
vn 0.25882 0.96593 -0.00000
vn 0.25882 0.96593 0.00000
vn -0.25882 0.96593 0.00000
vn -0.25882 0.96593 0.00000
vn -0.25882 0.96593 0.00000
vn -0.70711 0.70711 0.00000
vn -0.70711 0.70711 0.00000
vn -0.70711 0.70711 0.00000
vn -0.96593 0.25882 0.00000
vn -0.96593 0.25882 0.00000
vn 0.98758 -0.08821 0.13002
vn 0.96593 0.00000 0.25882
vn 0.83777 -0.50042 0.21846
vn 0.81316 -0.57211 0.10705
vn 0.48514 -0.86623 0.11949
vn 0.41993 -0.90587 0.05528
vn 0.00304 -0.99993 -0.01136
vn -0.08896 -0.99597 -0.01171
vn -0.47989 -0.86623 -0.13909
vn -0.57306 -0.81603 -0.07544
vn -0.83476 -0.50042 -0.22969
vn -0.90049 -0.41840 -0.11855
vn -0.96593 -0.00000 -0.25882
vn -0.98758 0.08821 -0.13002
vn -0.83777 0.50042 -0.21846
vn -0.81316 0.57211 -0.10705
vn -0.48514 0.86623 -0.11949
vn -0.41993 0.90587 -0.05528
vn -0.00304 0.99993 0.01136
vn 0.08896 0.99597 0.01171
vn 0.47989 0.86623 0.13909
vn 0.57306 0.81603 0.07545
vn 0.83476 0.50042 0.22969
vn 0.90049 0.41840 0.11855
vn 0.86603 0.00000 0.50000
vn 0.75268 -0.50042 0.42785
vn 0.43769 -0.86623 0.24099
vn 0.00588 -0.99993 -0.01018
vn -0.42754 -0.86623 -0.25855
vn -0.74687 -0.50042 -0.43791
vn -0.86603 -0.00000 -0.50000
vn -0.75268 0.50042 -0.42785
vn -0.43769 0.86623 -0.24099
vn -0.00588 0.99993 0.01018
vn 0.42754 0.86623 0.25855
vn 0.74687 0.50042 0.43791
vn 0.70711 0.00000 0.70711
vn 0.61629 -0.50042 0.60808
vn 0.36040 -0.86623 0.34606
vn 0.00831 -0.99993 -0.00831
vn -0.34606 -0.86623 -0.36040
vn -0.60808 -0.50042 -0.61629
vn -0.70711 -0.00000 -0.70711
vn -0.61629 0.50042 -0.60808
vn -0.36040 0.86623 -0.34606
vn -0.00831 0.99993 0.00831
vn 0.34606 0.86623 0.36040
vn 0.60808 0.50042 0.61629
vn 0.50000 0.00000 0.86603
vn 0.43791 -0.50042 0.74687
vn 0.25855 -0.86623 0.42754
vn 0.01018 -0.99993 -0.00588
vn -0.24099 -0.86623 -0.43769
vn -0.42785 -0.50042 -0.75268
vn -0.50000 -0.00000 -0.86603
vn -0.43791 0.50042 -0.74687
vn -0.25855 0.86623 -0.42754
vn -0.01018 0.99993 0.00588
vn 0.24099 0.86623 0.43769
vn 0.42785 0.50042 0.75268
vn 0.25245 -0.00007 0.96761
vn 0.22422 -0.50068 0.83609
vn 0.13602 -0.86635 0.48056
vn 0.01218 -0.99992 -0.00307
vn -0.11408 -0.86642 -0.48610
vn -0.20944 -0.50072 -0.83989
vn -0.24888 0.00011 -0.96853
vn -0.22192 0.50081 -0.83663
vn -0.13541 0.86638 -0.48068
vn -0.01201 0.99992 0.00303
vn 0.11550 0.86639 0.48584
vn 0.21257 0.50062 0.83916
vn 0.96593 -0.25882 -0.00000
vn 0.96593 -0.25882 0.00000
vn 0.96593 -0.25882 -0.00000
vn 0.70711 -0.70711 0.00000
vn 0.70711 -0.70711 0.00000
vn 0.70711 -0.70711 0.00000
vn 0.25882 -0.96593 0.00000
vn 0.25882 -0.96593 0.00000
vn 0.25882 -0.96593 0.00000
vn -0.25882 -0.96593 0.00000
vn -0.70711 -0.70711 0.00000
vn -0.96593 -0.25882 0.00000
vn -0.96593 -0.25882 0.00000
vn -0.96593 -0.25882 0.00000
vn -0.96593 0.25882 0.00000
vn -0.96593 0.25882 0.00000
vn -0.96593 0.25882 0.00000
vn -0.70711 0.70711 0.00000
vn -0.70711 0.70711 0.00000
vn -0.70711 0.70711 0.00000
vn -0.25882 0.96593 0.00000
vn 0.25882 0.96593 0.00000
vn 0.25882 0.96593 0.00000
vn 0.25882 0.96593 0.00000
vn 0.70711 0.70711 0.00000
vn 0.70711 0.70711 0.00000
vn 0.96593 0.25882 0.00000
vn 0.96593 0.25882 0.00000
vn 0.96593 0.25882 0.00000
vn 0.96593 -0.25882 0.00000
vn 0.70711 -0.70711 0.00000
vn 0.70711 -0.70711 0.00000
vn 0.25882 -0.96593 0.00000
vn 0.25882 -0.96593 0.00000
vn 0.25882 -0.96593 0.00000
vn -0.96593 -0.25882 0.00000
vn -0.96593 -0.25882 0.00000
vn -0.96593 0.25882 0.00000
vn -0.70711 0.70711 0.00000
vn -0.70711 0.70711 0.00000
vn -0.25882 0.96593 0.00000
vn -0.25882 0.96593 0.00000
vn -0.25882 0.96593 0.00000
vn 0.70711 0.70711 0.00000
vn 0.70711 0.70711 0.00000
vn 0.96593 0.25882 0.00000
vn 0.96593 0.25882 -0.00000
vn 0.96593 0.25882 0.00000
vn -0.96593 -0.25882 0.00000
vn -0.96593 -0.25882 0.00000
vn -0.96593 -0.25882 0.00000
vn -0.70711 -0.70711 0.00000
vn -0.70711 -0.70711 0.00000
vn -0.70711 -0.70711 0.00000
vn -0.25882 -0.96593 0.00000
vn -0.25882 -0.96593 0.00000
vn -0.25882 -0.96593 0.00000
vn 0.25882 -0.96593 -0.00000
vn 0.25882 -0.96593 0.00000
vn 0.25882 -0.96593 -0.00000
vn 0.70711 -0.70711 0.00000
vn 0.96593 0.25882 -0.00000
vn 0.96593 0.25882 0.00000
vn 0.96593 0.25882 -0.00000
vn 0.70711 0.70711 0.00000
vn 0.25882 0.96593 -0.00000
vn 0.25882 0.96593 -0.00000
vn 0.25882 0.96593 0.00000
vn -0.25882 0.96593 0.00000
vn -0.70711 0.70711 0.00000
vn -0.70711 0.70711 0.00000
vn -0.70711 0.70711 0.00000
vn -0.96593 0.25882 0.00000
vn -0.96593 0.25882 0.00000
vn -0.96593 0.25882 0.00000
vn -0.96593 -0.25882 -0.00000
vn -0.96593 -0.25882 -0.00000
vn -0.96593 -0.25882 0.00000
vn -0.70711 -0.70711 -0.00000
vn -0.70711 -0.70711 -0.00000
vn -0.70711 -0.70711 -0.00000
vn -0.25882 -0.96593 -0.00000
vn -0.25882 -0.96593 -0.00000
vn -0.25882 -0.96593 -0.00000
vn 0.25882 -0.96593 0.00000
vn 0.25882 -0.96593 0.00000
vn 0.70711 -0.70711 -0.00000
vn 0.70711 -0.70711 -0.00000
vn 0.96593 -0.25882 -0.00000
vn 0.96593 -0.25882 -0.00000
vn 0.25882 0.96593 0.00000
vn 0.25882 0.96593 0.00000
vn 0.25882 0.96593 0.00000
vn -0.25882 0.96593 -0.00000
vn -0.25882 0.96593 0.00000
vn -0.25882 0.96593 -0.00000
vn -0.70711 0.70711 0.00000
vn -0.96593 0.25882 0.00000
vn -0.96593 -0.25882 0.00000
vn -0.96593 -0.25882 0.00000
vn -0.96593 -0.25882 0.00000
vn -0.70711 -0.70711 0.00000
vn -0.70711 -0.70711 0.00000
vn -0.70711 -0.70711 0.00000
vn -0.25882 -0.96593 0.00000
vn -0.25882 -0.96593 0.00000
vn 0.70711 -0.70711 0.00000
vn 0.70711 -0.70711 0.00000
vn 0.96593 -0.25882 -0.00000
vn 0.96593 -0.25882 -0.00000
vn 0.96593 -0.25882 0.00000
vn 0.96593 0.25882 -0.00000
vn 0.96593 0.25882 0.00000
vn 0.96593 0.25882 -0.00000
vn 0.70711 0.70711 -0.00000
vn 0.70711 0.70711 -0.00000
vn 0.25882 0.96593 -0.00000
vn 0.25882 0.96593 0.00000
vn 0.25882 0.96593 -0.00000
vn -0.25882 0.96593 -0.00000
vn -0.25882 0.96593 -0.00000
vn -0.70711 0.70711 -0.00000
vn -0.70711 0.70711 0.00000
vn -0.70711 0.70711 -0.00000
vn -0.96593 0.25882 0.00000
vn -0.96593 0.25882 0.00000
vn -0.96593 -0.25882 -0.00000
vn -0.96593 -0.25882 -0.00000
vn -0.96593 -0.25882 -0.00000
vn -0.70711 -0.70711 -0.00000
vn -0.70711 -0.70711 0.00000
vn -0.70711 -0.70711 -0.00000
vn -0.25882 -0.96593 -0.00000
vn -0.25882 -0.96593 -0.00000
vn 0.25882 -0.96593 0.00000
vn 0.25882 -0.96593 0.00000
vn 0.25882 -0.96593 0.00000
vn 0.70711 -0.70711 0.00000
vn 0.70711 -0.70711 0.00000
vn 0.96593 -0.25882 0.00000
vn 0.96593 -0.25882 0.00000
vn 0.96593 -0.25882 0.00000
vn 0.96593 0.25882 0.00000
vn 0.96593 0.25882 0.00000
vn 0.96593 0.25882 0.00000
vn 0.70711 0.70711 0.00000
vn 0.70711 0.70711 0.00000
vn 0.70711 0.70711 0.00000
vn 0.25882 0.96593 -0.00000
vn 0.25882 0.96593 0.00000
vn 0.25882 0.96593 -0.00000
vn -0.25882 0.96593 -0.00000
vn -0.25882 0.96593 -0.00000
vn -0.25882 0.96593 -0.00000
vn -0.70711 0.70711 -0.00000
vn -0.70711 0.70711 -0.00000
vn -0.70711 0.70711 -0.00000
vn -0.96593 0.25882 -0.00000
vn 0.70711 -0.70711 0.00000
vn -0.25882 -0.96593 -0.00000
vn -0.25882 -0.96593 0.00000
vn -0.25882 -0.96593 -0.00000
vn -0.70711 -0.70711 -0.00000
vn -0.70711 -0.70711 -0.00000
vn -0.96593 0.25882 -0.00000
vn -0.96593 0.25882 -0.00000
vn -0.70711 0.70711 -0.00000
vn -0.70711 0.70711 -0.00000
vn -0.70711 0.70711 -0.00000
vn -0.25882 0.96593 -0.00000
vn -0.25882 0.96593 -0.00000
vn 0.70711 0.70711 0.00000
vn 0.70711 0.70711 0.00000
vn 0.70711 0.70711 0.00000
vn 0.96593 0.25882 0.00000
vn 0.96593 0.25882 0.00000
vn 0.96593 0.25882 -0.00000
vn -0.96593 -0.25882 0.00000
vn -0.96593 -0.25882 0.00000
vn -0.70711 0.70711 0.00000
vn -0.25882 0.96593 0.00000
vn 0.25882 0.96593 -0.00000
vn 0.25882 0.96593 0.00000
vn 0.25882 0.96593 -0.00000
vn 0.70711 0.70711 -0.00000
vn 0.70711 0.70711 -0.00000
vn 0.96593 0.25882 -0.00000
vn 0.96593 0.25882 -0.00000
vn -0.96593 -0.25882 0.00000
vn -0.96593 -0.25882 0.00000
vn 0.70711 0.70711 0.00000
vn 0.96593 0.25882 -0.00000
vn 0.96593 0.25882 -0.00000
vn -0.25882 -0.96593 0.00000
vn -0.25882 -0.96593 0.00000
vn -0.70711 -0.70711 0.00000
vn -0.70711 -0.70711 0.00000
vn -0.96593 0.25882 0.00000
vn -0.96593 0.25882 0.00000
vn -0.70711 0.70711 -0.00000
vn -0.70711 0.70711 0.00000
vn -0.70711 0.70711 -0.00000
vn -0.25882 0.96593 -0.00000
vn -0.25882 0.96593 -0.00000
vn -0.25882 0.96593 -0.00000
vn 0.25882 0.96593 -0.00000
vn 0.25882 0.96593 -0.00000
vn 0.96593 0.25882 -0.00000
vn 0.96593 0.25882 -0.00000
# 429 normals
usemtl metal
f  5467/6161/10595 5468/6162/10596 5480/6163/10597 5479/6164/10598
f  5468/6162/10596 5469/6165/10599 5481/6166/10600 5480/6163/10597
f  5469/6165/10599 5470/6167/10601 5482/6168/10602 5481/6166/10600
f  5470/6167/10601 5471/6169/10603 5483/6170/10604 5482/6168/10602
f  5471/6169/10603 5472/6171/10605 5484/6172/10606 5483/6170/10604
f  5472/6171/10605 5473/6173/10607 5485/6174/10608 5484/6172/10606
f  5473/6175/10607 5474/6176/10609 5486/6177/10610 5485/6178/10608
f  5474/6176/10609 5475/6179/10611 5487/6180/10612 5486/6177/10610
f  5475/6179/10611 5476/6181/10613 5488/6182/10614 5487/6180/10612
f  5476/6181/10613 5477/6183/10615 5489/6184/10616 5488/6182/10614
f  5477/6183/10615 5478/6185/10617 5490/6186/10618 5489/6184/10616
f  5478/6185/10617 5467/6161/10595 5479/6164/10598 5490/6186/10618
f  5479/6164/10598 5480/6163/10597 5492/6187/10619 5491/6188/10620
f  5480/6163/10597 5481/6166/10600 5493/6189/10621 5492/6187/10619
f  5481/6166/10600 5482/6168/10602 5494/6190/10622 5493/6189/10621
f  5482/6168/10602 5483/6170/10604 5495/6191/10623 5494/6190/10622
f  5483/6170/10604 5484/6172/10606 5496/6192/10624 5495/6191/10623
f  5484/6172/10606 5485/6174/10608 5497/6193/10625 5496/6192/10624
f  5485/6178/10608 5486/6177/10610 5498/6194/10626 5497/6195/10625
f  5486/6177/10610 5487/6180/10612 5499/6196/10627 5498/6194/10626
f  5487/6180/10612 5488/6182/10614 5500/6197/10628 5499/6196/10627
f  5488/6182/10614 5489/6184/10616 5501/6198/10629 5500/6197/10628
f  5489/6184/10616 5490/6186/10618 5502/6199/10630 5501/6198/10629
f  5490/6186/10618 5479/6164/10598 5491/6188/10620 5502/6199/10630
f  5491/6188/10620 5492/6187/10619 5504/6200/10631 5503/6201/10632
f  5492/6187/10619 5493/6189/10621 5505/6202/10633 5504/6200/10631
f  5493/6189/10621 5494/6190/10622 5506/6203/10634 5505/6202/10633
f  5494/6190/10622 5495/6191/10623 5507/6204/10635 5506/6203/10634
f  5495/6191/10623 5496/6192/10624 5508/6205/10636 5507/6204/10635
f  5496/6192/10624 5497/6193/10625 5509/6206/10637 5508/6205/10636
f  5497/6195/10625 5498/6194/10626 5510/6207/10638 5509/6208/10637
f  5498/6194/10626 5499/6196/10627 5511/6209/10639 5510/6207/10638
f  5499/6196/10627 5500/6197/10628 5512/6210/10640 5511/6209/10639
f  5500/6197/10628 5501/6198/10629 5513/6211/10641 5512/6210/10640
f  5501/6198/10629 5502/6199/10630 5514/6212/10642 5513/6211/10641
f  5502/6199/10630 5491/6188/10620 5503/6201/10632 5514/6212/10642
f  5503/6201/10632 5504/6200/10631 5516/6213/10643 5515/6214/10644
f  5504/6200/10631 5505/6202/10633 5517/6215/10645 5516/6213/10643
f  5505/6202/10633 5506/6203/10634 5518/6216/10646 5517/6215/10645
f  5506/6203/10634 5507/6204/10635 5519/6217/10647 5518/6216/10646
f  5507/6204/10635 5508/6205/10636 5520/6218/10648 5519/6217/10647
f  5508/6205/10636 5509/6206/10637 5521/6219/10649 5520/6218/10648
f  5509/6208/10637 5510/6207/10638 5522/6220/10650 5521/6221/10649
f  5510/6207/10638 5511/6209/10639 5523/6222/10651 5522/6220/10650
f  5511/6209/10639 5512/6210/10640 5524/6223/10652 5523/6222/10651
f  5512/6210/10640 5513/6211/10641 5525/6224/10653 5524/6223/10652
f  5513/6211/10641 5514/6212/10642 5526/6225/10654 5525/6224/10653
f  5514/6212/10642 5503/6201/10632 5515/6214/10644 5526/6225/10654
f  5515/6214/10644 5516/6213/10643 5528/6226/10655 5527/6227/10656
f  5516/6213/10643 5517/6215/10645 5529/6228/10657 5528/6226/10655
f  5517/6215/10645 5518/6216/10646 5530/6229/10658 5529/6228/10657
f  5518/6216/10646 5519/6217/10647 5531/6230/10659 5530/6229/10658
f  5519/6217/10647 5520/6218/10648 5532/6231/10660 5531/6230/10659
f  5520/6218/10648 5521/6219/10649 5533/6232/10661 5532/6231/10660
f  5521/6221/10649 5522/6220/10650 5534/6233/10662 5533/6234/10661
f  5522/6220/10650 5523/6222/10651 5535/6235/10663 5534/6233/10662
f  5523/6222/10651 5524/6223/10652 5536/6236/10664 5535/6235/10663
f  5524/6223/10652 5525/6224/10653 5537/6237/10665 5536/6236/10664
f  5525/6224/10653 5526/6225/10654 5538/6238/10666 5537/6237/10665
f  5526/6225/10654 5515/6214/10644 5527/6227/10656 5538/6238/10666
f  5527/6227/10656 5528/6226/10655 5459/6239/10667 5458/6240/10668
f  5528/6226/10655 5529/6228/10657 5460/6241/10669 5459/6239/10667
f  5529/6228/10657 5530/6229/10658 5635/6242/10670 5460/6241/10669
f  5530/6229/10658 5531/6230/10659 5461/6243/10671 5635/6242/10670
f  5531/6230/10659 5532/6231/10660 5636/6244/10672 5461/6243/10671
f  5532/6231/10660 5533/6232/10661 5637/6245/10673 5636/6244/10672
f  5533/6234/10661 5534/6233/10662 5462/6246/10674 5637/6247/10673
f  5534/6233/10662 5535/6235/10663 5463/6248/10675 5462/6246/10674
f  5535/6235/10663 5536/6236/10664 5464/6249/10676 5463/6248/10675
f  5536/6236/10664 5537/6237/10665 5465/6250/10677 5464/6249/10676
f  5537/6237/10665 5538/6238/10666 5466/6251/10678 5465/6250/10677
f  5538/6238/10666 5527/6227/10656 5458/6240/10668 5466/6251/10678
f  5467/6161/10679 5561/6252/10680 5562/6253/10679 5468/6162/10681
f  5468/6162/10682 5562/6253/10683 5551/6254/10682 5469/6165/10684
f  5469/6165/10685 5551/6254/10686 5552/6255/10685 5470/6167/10687
f  5470/6167/10688 5552/6255/10688 5553/6256/10688 5471/6169/10688
f  5471/6169/10689 5553/6256/10689 5554/6257/10689 5472/6171/10689
f  5472/6171/10690 5554/6257/10691 5555/6258/10690 5473/6173/10692
f  5473/6175/10693 5555/6259/10694 5556/6260/10693 5474/6176/10695
f  5474/6176/10696 5556/6260/10697 5557/6261/10696 5475/6179/10698
f  5475/6179/10699 5557/6261/10699 5558/6262/10699 5476/6181/10699
f  5476/6181/10700 5558/6262/10701 5559/6263/10700 5477/6183/10702
f  5477/6183/10703 5559/6263/10703 5560/6264/10703 5478/6185/10704
f  5478/6185/10705 5560/6264/10706 5561/6252/10705 5467/6161/10707
f  5672/6265/10708 5673/6266/10709 5562/6253/10708 5561/6252/10710
f  5673/6266/10711 5662/6267/10712 5551/6254/10711 5562/6253/10713
f  5662/6267/10714 5663/6268/10715 5552/6255/10714 5551/6254/10716
f  5663/6268/10717 5664/6269/10718 5553/6256/10717 5552/6255/10719
f  5664/6269/10720 5665/6270/10721 5554/6257/10720 5553/6256/10722
f  5665/6270/10723 5666/6271/10724 5555/6258/10723 5554/6257/10725
f  5666/6272/10726 5667/6273/10727 5556/6260/10726 5555/6259/10728
f  5667/6273/10729 5668/6274/10730 5557/6261/10729 5556/6260/10731
f  5668/6274/10732 5669/6275/10733 5558/6262/10732 5557/6261/10734
f  5669/6275/10735 5670/6276/10736 5559/6263/10735 5558/6262/10737
f  5670/6276/10738 5671/6277/10739 5560/6264/10738 5559/6263/10740
f  5671/6277/10741 5672/6265/10705 5561/6252/10741 5560/6264/10742
f  5563/6278/10743 5566/6279/10744 5565/6280/10745 5564/6281/10746
f  5564/6281/10746 5565/6280/10745 5568/6282/10747 5567/6283/10748
f  5567/6283/10748 5568/6282/10747 5570/6284/10749 5569/6285/10750
f  5569/6285/10750 5570/6284/10749 5572/6286/10751 5571/6287/10752
f  5571/6287/10752 5572/6286/10751 5574/6288/10753 5573/6289/10754
f  5573/6289/10754 5574/6288/10753 5576/6290/10755 5575/6291/10756
f  5575/6292/10756 5576/6293/10755 5578/6294/10757 5577/6295/10758
f  5577/6295/10758 5578/6294/10757 5580/6296/10759 5579/6297/10760
f  5579/6297/10760 5580/6296/10759 5582/6298/10761 5581/6299/10762
f  5581/6299/10762 5582/6298/10761 5584/6300/10763 5583/6301/10764
f  5583/6301/10764 5584/6300/10763 5586/6302/10765 5585/6303/10766
f  5585/6303/10766 5586/6302/10765 5566/6279/10744 5563/6278/10743
f  5566/6279/10744 5588/6304/10767 5587/6305/10768 5565/6280/10745
f  5565/6280/10745 5587/6305/10768 5589/6306/10769 5568/6282/10747
f  5568/6282/10747 5589/6306/10769 5590/6307/10770 5570/6284/10749
f  5570/6284/10749 5590/6307/10770 5591/6308/10771 5572/6286/10751
f  5572/6286/10751 5591/6308/10771 5592/6309/10772 5574/6288/10753
f  5574/6288/10753 5592/6309/10772 5593/6310/10773 5576/6290/10755
f  5576/6293/10755 5593/6311/10773 5594/6312/10774 5578/6294/10757
f  5578/6294/10757 5594/6312/10774 5595/6313/10775 5580/6296/10759
f  5580/6296/10759 5595/6313/10775 5596/6314/10776 5582/6298/10761
f  5582/6298/10761 5596/6314/10776 5597/6315/10777 5584/6300/10763
f  5584/6300/10763 5597/6315/10777 5598/6316/10778 5586/6302/10765
f  5586/6302/10765 5598/6316/10778 5588/6304/10767 5566/6279/10744
f  5588/6304/10767 5600/6317/10779 5599/6318/10780 5587/6305/10768
f  5587/6305/10768 5599/6318/10780 5601/6319/10781 5589/6306/10769
f  5589/6306/10769 5601/6319/10781 5602/6320/10782 5590/6307/10770
f  5590/6307/10770 5602/6320/10782 5603/6321/10783 5591/6308/10771
f  5591/6308/10771 5603/6321/10783 5604/6322/10784 5592/6309/10772
f  5592/6309/10772 5604/6322/10784 5605/6323/10785 5593/6310/10773
f  5593/6311/10773 5605/6324/10785 5606/6325/10786 5594/6312/10774
f  5594/6312/10774 5606/6325/10786 5607/6326/10787 5595/6313/10775
f  5595/6313/10775 5607/6326/10787 5608/6327/10788 5596/6314/10776
f  5596/6314/10776 5608/6327/10788 5609/6328/10789 5597/6315/10777
f  5597/6315/10777 5609/6328/10789 5610/6329/10790 5598/6316/10778
f  5598/6316/10778 5610/6329/10790 5600/6317/10779 5588/6304/10767
f  5600/6317/10779 5612/6330/10791 5611/6331/10792 5599/6318/10780
f  5599/6318/10780 5611/6331/10792 5613/6332/10793 5601/6319/10781
f  5601/6319/10781 5613/6332/10793 5614/6333/10794 5602/6320/10782
f  5602/6320/10782 5614/6333/10794 5615/6334/10795 5603/6321/10783
f  5603/6321/10783 5615/6334/10795 5616/6335/10796 5604/6322/10784
f  5604/6322/10784 5616/6335/10796 5617/6336/10797 5605/6323/10785
f  5605/6324/10785 5617/6337/10797 5618/6338/10798 5606/6325/10786
f  5606/6325/10786 5618/6338/10798 5619/6339/10799 5607/6326/10787
f  5607/6326/10787 5619/6339/10799 5620/6340/10800 5608/6327/10788
f  5608/6327/10788 5620/6340/10800 5621/6341/10801 5609/6328/10789
f  5609/6328/10789 5621/6341/10801 5622/6342/10802 5610/6329/10790
f  5610/6329/10790 5622/6342/10802 5612/6330/10791 5600/6317/10779
f  5612/6330/10791 5624/6343/10803 5623/6344/10804 5611/6331/10792
f  5611/6331/10792 5623/6344/10804 5625/6345/10805 5613/6332/10793
f  5613/6332/10793 5625/6345/10805 5626/6346/10806 5614/6333/10794
f  5614/6333/10794 5626/6346/10806 5627/6347/10807 5615/6334/10795
f  5615/6334/10795 5627/6347/10807 5628/6348/10808 5616/6335/10796
f  5616/6335/10796 5628/6348/10808 5629/6349/10809 5617/6336/10797
f  5617/6337/10797 5629/6350/10809 5630/6351/10810 5618/6338/10798
f  5618/6338/10798 5630/6351/10810 5631/6352/10811 5619/6339/10799
f  5619/6339/10799 5631/6352/10811 5632/6353/10812 5620/6340/10800
f  5620/6340/10800 5632/6353/10812 5633/6354/10813 5621/6341/10801
f  5621/6341/10801 5633/6354/10813 5634/6355/10814 5622/6342/10802
f  5622/6342/10802 5634/6355/10814 5624/6343/10803 5612/6330/10791
f  5624/6343/10803 5458/6240/10668 5459/6239/10667 5623/6344/10804
f  5623/6344/10804 5459/6239/10667 5460/6241/10669 5625/6345/10805
f  5625/6345/10805 5460/6241/10669 5635/6242/10670 5626/6346/10806
f  5626/6346/10806 5635/6242/10670 5461/6243/10671 5627/6347/10807
f  5627/6347/10807 5461/6243/10671 5636/6244/10672 5628/6348/10808
f  5628/6348/10808 5636/6244/10672 5637/6245/10673 5629/6349/10809
f  5629/6350/10809 5637/6247/10673 5462/6246/10674 5630/6351/10810
f  5630/6351/10810 5462/6246/10674 5463/6248/10675 5631/6352/10811
f  5631/6352/10811 5463/6248/10675 5464/6249/10676 5632/6353/10812
f  5632/6353/10812 5464/6249/10676 5465/6250/10677 5633/6354/10813
f  5633/6354/10813 5465/6250/10677 5466/6251/10678 5634/6355/10814
f  5634/6355/10814 5466/6251/10678 5458/6240/10668 5624/6343/10803
f  5563/6278/10815 5564/6281/10816 5639/6356/10815 5638/6357/10817
f  5564/6281/10818 5567/6283/10819 5640/6358/10818 5639/6356/10820
f  5567/6283/10821 5569/6285/10822 5641/6359/10821 5640/6358/10823
f  5569/6285/10824 5571/6287/10824 5642/6360/10824 5641/6359/10824
f  5571/6287/10825 5573/6289/10825 5643/6361/10825 5642/6360/10825
f  5573/6289/10826 5575/6291/10827 5644/6362/10826 5643/6361/10828
f  5575/6292/10829 5577/6295/10830 5645/6363/10829 5644/6364/10831
f  5577/6295/10832 5579/6297/10833 5646/6365/10832 5645/6363/10834
f  5579/6297/10835 5581/6299/10835 5647/6366/10835 5646/6365/10835
f  5581/6299/10836 5583/6301/10837 5648/6367/10836 5647/6366/10838
f  5583/6301/10839 5585/6303/10840 5649/6368/10839 5648/6367/10839
f  5585/6303/10841 5563/6278/10842 5638/6357/10841 5649/6368/10843
f  5639/6356/10844 5720/6369/10844 5719/6370/10844 5638/6357/10844
f  5640/6358/10845 5721/6371/10846 5720/6369/10845 5639/6356/10820
f  5641/6359/10847 5710/6372/10848 5721/6371/10847 5640/6358/10849
f  5642/6360/10824 5711/6373/10824 5710/6372/10824 5641/6359/10824
f  5643/6361/10825 5712/6374/10825 5711/6373/10825 5642/6360/10825
f  5644/6362/10850 5713/6375/10851 5712/6374/10850 5643/6361/10828
f  5645/6363/10852 5714/6376/10852 5713/6377/10852 5644/6364/10852
f  5646/6365/10853 5715/6378/10854 5714/6376/10853 5645/6363/10834
f  5647/6366/10855 5716/6379/10856 5715/6378/10855 5646/6365/10857
f  5648/6367/10838 5717/6380/10838 5716/6379/10838 5647/6366/10838
f  5649/6368/10858 5718/6381/10859 5717/6380/10858 5648/6367/10839
f  5638/6357/10860 5719/6370/10861 5718/6381/10860 5649/6368/10862
f  5684/6382/10863 5685/6383/10864 5673/6266/10863 5672/6265/10865
f  5685/6383/10866 5674/6384/10867 5662/6267/10866 5673/6266/10868
f  5674/6384/10869 5675/6385/10870 5663/6268/10869 5662/6267/10871
f  5675/6385/10872 5676/6386/10873 5664/6269/10872 5663/6268/10874
f  5676/6386/10875 5677/6387/10875 5665/6270/10875 5664/6269/10875
f  5677/6387/10724 5678/6388/10724 5666/6271/10724 5665/6270/10724
f  5678/6389/10876 5679/6390/10877 5667/6273/10876 5666/6272/10878
f  5679/6390/10879 5680/6391/10879 5668/6274/10879 5667/6273/10879
f  5680/6391/10880 5681/6392/10881 5669/6275/10880 5668/6274/10882
f  5681/6392/10883 5682/6393/10883 5670/6276/10883 5669/6275/10883
f  5682/6393/10884 5683/6394/10885 5671/6277/10884 5670/6276/10886
f  5683/6394/10887 5684/6382/10888 5672/6265/10887 5671/6277/10889
f  5696/6395/10890 5697/6396/10891 5685/6383/10890 5684/6382/10892
f  5697/6396/10893 5686/6397/10894 5674/6384/10893 5685/6383/10895
f  5686/6397/10896 5687/6398/10897 5675/6385/10896 5674/6384/10898
f  5687/6398/10899 5688/6399/10873 5676/6386/10899 5675/6385/10900
f  5688/6399/10901 5689/6400/10902 5677/6387/10901 5676/6386/10875
f  5689/6400/10903 5690/6401/10724 5678/6388/10903 5677/6387/10904
f  5690/6402/10877 5691/6403/10877 5679/6390/10877 5678/6389/10877
f  5691/6403/10879 5692/6404/10879 5680/6391/10879 5679/6390/10879
f  5692/6404/10905 5693/6405/10906 5681/6392/10905 5680/6391/10907
f  5693/6405/10908 5694/6406/10909 5682/6393/10908 5681/6392/10910
f  5694/6406/10911 5695/6407/10911 5683/6394/10911 5682/6393/10911
f  5695/6407/10912 5696/6395/10912 5684/6382/10912 5683/6394/10912
f  5707/6408/10913 5708/6409/10914 5697/6396/10913 5696/6395/10915
f  5708/6409/10916 5709/6410/10917 5686/6397/10916 5697/6396/10918
f  5709/6410/10919 5698/6411/10687 5687/6398/10919 5686/6397/10920
f  5698/6411/10873 5699/6412/10873 5688/6399/10873 5687/6398/10873
f  5699/6412/10921 5700/6413/10922 5689/6400/10921 5688/6399/10689
f  5700/6413/10923 5701/6414/10924 5690/6401/10923 5689/6400/10925
f  5701/6415/10926 5702/6416/10927 5691/6403/10926 5690/6402/10928
f  5702/6416/10929 5703/6417/10930 5692/6404/10929 5691/6403/10879
f  5703/6417/10931 5704/6418/10932 5693/6405/10931 5692/6404/10933
f  5704/6418/10934 5705/6419/10935 5694/6406/10934 5693/6405/10909
f  5705/6419/10936 5706/6420/10937 5695/6407/10936 5694/6406/10938
f  5706/6420/10939 5707/6408/10705 5696/6395/10939 5695/6407/10940
f  5539/6421/10941 5540/6422/10942 5708/6409/10941 5707/6408/10943
f  5540/6422/10944 5541/6423/10945 5709/6410/10944 5708/6409/10946
f  5541/6423/10947 5542/6424/10948 5698/6411/10947 5709/6410/10687
f  5542/6424/10949 5543/6425/10950 5699/6412/10949 5698/6411/10951
f  5543/6425/10952 5544/6426/10689 5700/6413/10952 5699/6412/10953
f  5544/6426/10954 5545/6427/10955 5701/6414/10954 5700/6413/10956
f  5545/6428/10957 5546/6429/10958 5702/6416/10957 5701/6415/10959
f  5546/6429/10960 5547/6430/10961 5703/6417/10960 5702/6416/10962
f  5547/6430/10963 5548/6431/10964 5704/6418/10963 5703/6417/10965
f  5548/6431/10966 5549/6432/10967 5705/6419/10966 5704/6418/10968
f  5549/6432/10969 5550/6433/10970 5706/6420/10969 5705/6419/10971
f  5550/6433/10972 5539/6421/10972 5707/6408/10972 5706/6420/10972
f  5732/6434/10844 5731/6435/10844 5719/6370/10844 5720/6369/10844
f  5733/6436/10973 5732/6434/10973 5720/6369/10973 5721/6371/10973
f  5722/6437/10848 5733/6436/10848 5721/6371/10848 5710/6372/10848
f  5723/6438/10974 5722/6437/10975 5710/6372/10974 5711/6373/10976
f  5724/6439/10977 5723/6438/10978 5711/6373/10977 5712/6374/10825
f  5725/6440/10828 5724/6439/10828 5712/6374/10828 5713/6375/10828
f  5726/6441/10979 5725/6442/10852 5713/6377/10979 5714/6376/10980
f  5727/6443/10981 5726/6441/10982 5714/6376/10981 5715/6378/10983
f  5728/6444/10984 5727/6443/10985 5715/6378/10984 5716/6379/10856
f  5729/6445/10838 5728/6444/10838 5716/6379/10838 5717/6380/10838
f  5730/6446/10986 5729/6445/10987 5717/6380/10986 5718/6381/10988
f  5731/6435/10989 5730/6446/10990 5718/6381/10989 5719/6370/10991
f  5744/6447/10844 5743/6448/10844 5731/6435/10844 5732/6434/10844
f  5745/6449/10973 5744/6447/10973 5732/6434/10973 5733/6436/10973
f  5734/6450/10848 5745/6449/10848 5733/6436/10848 5722/6437/10848
f  5735/6451/10975 5734/6450/10975 5722/6437/10975 5723/6438/10975
f  5736/6452/10867 5735/6451/10867 5723/6438/10867 5724/6439/10867
f  5737/6453/10992 5736/6452/10828 5724/6439/10992 5725/6440/10993
f  5738/6454/10852 5737/6455/10852 5725/6442/10852 5726/6441/10852
f  5739/6456/10994 5738/6454/10994 5726/6441/10994 5727/6443/10994
f  5740/6457/10995 5739/6456/10995 5727/6443/10995 5728/6444/10995
f  5741/6458/10996 5740/6457/10997 5728/6444/10996 5729/6445/10998
f  5742/6459/10999 5741/6458/11000 5729/6445/10999 5730/6446/10987
f  5743/6448/11001 5742/6459/10841 5730/6446/11001 5731/6435/11002
f  5756/6460/10844 5755/6461/10844 5743/6448/10844 5744/6447/10844
f  5757/6462/10973 5756/6460/10973 5744/6447/10973 5745/6449/10973
f  5746/6463/10848 5757/6462/10848 5745/6449/10848 5734/6450/10848
f  5747/6464/10975 5746/6463/10975 5734/6450/10975 5735/6451/10975
f  5748/6465/10867 5747/6464/10867 5735/6451/10867 5736/6452/10867
f  5749/6466/11003 5748/6465/10828 5736/6452/11003 5737/6453/11004
f  5750/6467/10852 5749/6468/10852 5737/6455/10852 5738/6454/10852
f  5751/6469/10994 5750/6467/10994 5738/6454/10994 5739/6456/10994
f  5752/6470/10995 5751/6469/10995 5739/6456/10995 5740/6457/10995
f  5753/6471/10997 5752/6470/10997 5740/6457/10997 5741/6458/10997
f  5754/6472/11005 5753/6471/11005 5741/6458/11005 5742/6459/11005
f  5755/6461/11006 5754/6472/10841 5742/6459/11006 5743/6448/11007
f  5651/6473/10844 5650/6474/10844 5755/6461/10844 5756/6460/10844
f  5652/6475/10973 5651/6473/10973 5756/6460/10973 5757/6462/10973
f  5653/6476/10848 5652/6475/10848 5757/6462/10848 5746/6463/10848
f  5654/6477/11008 5653/6476/10824 5746/6463/11008 5747/6464/11009
f  5655/6478/11010 5654/6477/11011 5747/6464/11010 5748/6465/10867
f  5656/6479/10828 5655/6478/10828 5748/6465/10828 5749/6466/10828
f  5657/6480/11012 5656/6481/10852 5749/6468/11012 5750/6467/11013
f  5658/6482/11014 5657/6480/11015 5750/6467/11014 5751/6469/11016
f  5659/6483/11017 5658/6482/11018 5751/6469/11017 5752/6470/11019
f  5660/6484/11020 5659/6483/11021 5752/6470/11020 5753/6471/10997
f  5661/6485/11005 5660/6484/11005 5753/6471/11005 5754/6472/11005
f  5650/6474/11022 5661/6485/10841 5754/6472/11022 5755/6461/11023
